title,singer,lyric,url
뱅뱅뱅 (BANG BANG BANG),BIGBANG (빅뱅),"난 깨어나 까만 밤과 함께
다 들어와 담엔 누구 차례
한 치 앞도 볼 수 없는 막장 게릴라
경배하라 목청이 터지게
찌질한 분위기를 전환해
광기를 감추지 못하게 해
남자들의 품위 여자들의 가식
이유 모를 자신감이 볼만해
난 보란 듯이 너무나도 뻔뻔히
니 몸속에 파고드는 알러지
이상한 정신의 술렁이는 천지
오늘 여기 무법지
난 불을 질러
심장을 태워
널 미치게 하고 싶어
B I G Yea we bang like this
모두 다 같이
총 맞은 것처럼
BANG BANG BANG
BANG BANG BANG
빵야 빵야 빵야
BANG BANG BANG
BANG BANG BANG
빵야 빵야 빵야
다 꼼짝 마라 다 꼼짝 마
다 꼼짝 마라 다 꼼짝 마
오늘 밤 끝장 보자 다 끝장 봐
오늘 밤 끝장 보자
빵야 빵야 빵야
널 데려가 지금 이 순간에
새빨간 저 하늘이 춤출 때
돌고 돌아 너와 나 이곳은 Valhalla
찬양하라 더 울려 퍼지게
We go hard 불침번
밤새 달려 축지법
이 노래는 꼭지점
신이나 불러라 신점
큰 비명소리는 마성의 멜로디
검은 독기의 연결 고리
사방 팔방 오방 가서 푸는 고삐 whoo
난 불을 질러
네 심장을 태워
널 미치게 하고 싶어
B I G Yea we bang like this
모두 다 같이
총 맞은 것처럼
BANG BANG BANG
BANG BANG BANG
빵야 빵야 빵야
BANG BANG BANG
BANG BANG BANG
빵야 빵야 빵야
다 꼼짝 마라 다 꼼짝 마
다 꼼짝 마라 다 꼼짝 마
오늘 밤 끝장 보자 다 끝장 봐
오늘 밤 끝장 보자
빵야 빵야 빵야
Ready or not
Yea we don't give a what
Ready or not
Yea we don't give a what
Let’s go 남자들은 위로
여자들은 get low
당겨라 bang bang bang
let the bass drum go
남자들은 위로
여자들은 get low
당겨라 bang bang bang
let the bass drum go
let the bass drum go
let the bass drum go
bang bang bang
bang bang bang
let the bass drum go
bang bang bang
bang bang bang
let the bass drum go",https://www.melon.com/song/detail.htm?songId=5719286
같은 시간 속의 너,나얼,"꼭 그러지 않아도
충분히 널 이해할 수 있어
다른 사람 곁에 서 있는 니 모습이
조금 어색하지만
다 버리지 않아도
어떻게든 이겨낼 수 있어
다른 사랑 찾아가버린 니 얼굴이
그렇게 밉진 않아
이제 우리 같은 시간 속을 남처럼
그렇게 걸으면 돼
달아나도 가지 못할 기억 안고
아무말도 하지마요
더는 안된다는거 잘 알아요
많은 날들이 아무 의미없진 않겠죠
멀어지는 바람처럼
우리 함께한 기억들을 꿈처럼
그렇게 안으면 돼
눈 감아도 잊지 못할 추억의 널 묻고
아무말도 하지마요
더는 안된다는거 잘 알아요
사랑했던 날 모두 사라지진 않겠죠
우릴 스치는 안개처럼
아무것도 묻지 않을게요
이대로 묻어둘래요 나는요
거짓말처럼 또 하루가 살아지겠죠
떨어지는
같은 시간 속의 너",https://www.melon.com/song/detail.htm?songId=5576417
꺼내 먹어요,Zion.T,"안녕
쉽지 않죠 바쁘죠
왜 이렇게 까지
해야 하나 싶죠
바라는 게
더럽게 많죠
그렇죠
쉬고 싶죠
시끄럽죠
다 성가시죠
집에 가고 싶죠
집에 있는데도
집에 가고 싶을 거야
그럴 땐 이 노래를
초콜릿처럼 꺼내 먹어요
피곤해도 아침 점심 밥
좀 챙겨 먹어요
그러면 이따 내가 칭찬해줄게요
보고 싶어
많이 좋아해요
더 많이 안아주고 싶어요
사랑 사랑 비슷한 걸 해요
어쩌면 정말 사랑해요
배고플 땐 이 노래를
아침 사과처럼 꺼내 먹어요
피곤해도 아침 점심 밥
좀 챙겨 먹어요
그러면 이따 밤에 잠도 잘 올 거에요
힘들어요
아름다워서
알아봐줘요 나를
흘려 보내지 마요 나를
사랑해줘요 날 날
놓치지 마요",https://www.melon.com/song/detail.htm?songId=5702706
이럴거면 그러지말지 (Feat. Young K),백아연,"궁금해서 잠이 안 와
그때 왜 그랬어
구차해도 묻고 싶어
그때 난 뭐였어
나나나나 나나 나나
나만 애 탄거니
나나나나 나나 나나
난 진심인데 넌
그랬구나 그랬어
좋았는데 넌 아니었나 봐
그랬구나 그때 넌
그런 줄 모르고 나 혼자
이럴 거면 바래다주었던 그날 밤
넌 나를 안아주지 말았어야지
설렘에 밤잠 설치게 했던 그 말
그 말도 말았어야지
그러지는 말지
비겁하게 숨어버린 너를
돌아 올 거라고 믿은 내가 바보야
사랑스럽게 날 보던 네 눈빛에
빠졌던 내가 바보지
이럴 줄도 모르고
이렇게 돼 버린 이상
그냥 얘기할게
이미 떠나버린 니 맘
돌릴 순 없으니
그랬구나 그랬어
좋았는데 넌 아니었나 봐
그랬구나 그때 넌
네 생각 뿐인데 나 혼자
이럴 거면 바래다주었던 그날 밤
넌 나를 안아주지 말았어야지
설렘에 밤잠 설치게 했던 그 말
그 말도 말았어야지
이럴 줄은 몰랐어
어때 넌 어떻게 하고 싶니
지금 이 순간의 감정일지
중간에 금방 에러가 날것인지
I don’t know 하지만 내 생각엔
오래가진 못할 거 같아
너 아닌 나 때문에
이 관계는 이어지지 못해
잠 못 들어 아픈 이 새벽
잘 지내니 문자 한번쯤은 해주지
혹시나 하며 올린 우리 얘기에
좋아요 누르지 말지
괜히 기대 하게
바래다주던 그 날 밤처럼
돌아와서 포근하게 나를 안아줘
설렘에 밤잠 설치게 했던 말로
또 두근거리게 해줘
다시 날 녹여줘
이럴 거면 귀엽다고 하지 말지
그러지 말지
혼잣말만 늘어가네
전하지도 못할 말만",https://www.melon.com/song/detail.htm?songId=5704397
위잉위잉,혁오 (HYUKOH),"비틀비틀 걸어가는 나의 다리
오늘도 의미없는
또 하루가 흘러가죠
사랑도 끼리끼리
하는거라 믿는 나는
좀처럼 두근두근
거릴일이 전혀없죠
위잉위잉 하루살이도
처량한 나를 비웃듯이
멀리 날아가죠
비잉비잉 돌아가는
세상도 나를 비웃듯이
계속 꿈틀대죠
Tell me Tell me Please don’t tell
차라리 듣지 못한 편이
내겐 좋을거야
Tell me Tell me Please don’t tell
차라리 보지 못한 편이
내겐 좋을거야
ai ai ai ai ai ai ai
ai ai ai ai ai ai ai
ai ai ai ai ai ai ai
ai ai ai ai ai ai
사람들 북적대는
출근길의 지하철엔
좀처럼 카드찍고
타볼일이 전혀없죠
집에서 뒹굴뒹굴
할 일없어 빈둥대는
내 모습 너무 초라해서
정말 죄송하죠
위잉위잉 하루살이도
처량한 나를 비웃듯이
멀리 날아가죠
비잉비잉 돌아가는
세상도 나를 비웃듯이
계속 꿈틀대죠
쌔앵 쌔앵 칼바람도
상처난 내 마음을
어쩌지는 못할거야
뚜욱 뚜욱 떨어지는
눈물이 언젠가는
이세상을 덮을거야
Tell me Tell me Please don’t tell
차라리 듣지 못한 편이
내겐 좋을거야
Tell me Tell me Please don’t tell
차라리 보지 못한 편이
내겐 좋을거야
Tell me Tell me Please don’t tell
차라리 느껴보지 못한 편이
좋을거야
Tell me Tell me Please don’t tell
차라리 살아보지 못한 편이
좋을거야
비틀비틀 걸어가는 나의 다리
오늘도 의미없는
또 하루가 흘러가죠
사랑도 끼리끼리
하는거라 믿는 나는
좀처럼 두근두근
거릴일이 전혀없죠
위잉위잉 하루살이도
처량한 나를
비웃듯이 멀리 날아가죠
비잉비잉 돌아가는
세상도 나를
비웃듯이 계속 꿈틀대죠",https://www.melon.com/song/detail.htm?songId=5385974
LOSER,BIGBANG (빅뱅),"LOSER 외톨이
센 척하는 겁쟁이
못된 양아치 거울 속에 넌
JUST A LOSER 외톨이
상처뿐인 머저리
더러운 쓰레기
거울 속에 난 I'M A
솔직히 세상과 난 어울린 적 없어
홀로였던 내겐 사랑 따윈 벌써
잊혀 진지 오래 저 시간 속에
더 이상은 못 듣겠어
희망찬 사랑 노래
너나 나나 그저 길들여진 대로
각본 속에 놀아나는 슬픈 삐에로
난 멀리 와버렸어
I'M COMING HOME
이제 다시 돌아갈래
어릴 적 제자리로
언제부턴가 난 Yeah
하늘 보다 땅을 더 바라보게 돼
숨쉬기조차 힘겨워
손을 뻗지만 그 누구도
날 잡아 주질 않네 I'M A
LOSER 외톨이
센 척하는 겁쟁이
못된 양아치 거울 속에 넌
JUST A LOSER 외톨이
상처뿐인 머저리
더러운 쓰레기
거울 속에 난 I'M A
반복되는 여자들과의 내 실수
하룻밤을 사랑하고 해 뜨면 싫증
책임지지 못 할
나의 이기적인 기쁨
하나 땜에 모든 것이
망가져버린 지금
멈출 줄 모르던 나의 위험한 질주
이젠 아무런 감흥도
재미도 없는 기분
나 벼랑 끝에 혼자 있네
I'M GOING HOME
나 다시 돌아갈래
예전의 제자리로
언제부턴가 난 Yeah
사람들의 시선을 두려워만 해
우는 것조차 지겨워
웃어보지만 그 아무도
날 알아주질 않네 I'M A
LOSER 외톨이
센 척하는 겁쟁이
못된 양아치 거울 속에 넌
JUST A LOSER 외톨이
상처뿐인 머저리
더러운 쓰레기 거울 속에 난
파란 저 하늘을 원망하지 난
가끔 내려놓고 싶어져
I WANT TO SAY GOOD BYE
이 길의 끝에 방황이 끝나면
부디 후회 없는 채로
두 눈 감을 수 있길
LOSER 외톨이
센 척하는 겁쟁이
못된 양아치 거울 속에 넌
JUST A LOSER 외톨이
상처뿐인 머저리
더러운 쓰레기
거울 속에 난 I'M A
LOSER
I'M A LOSER
I'M A LOSER
I'M A LOSER",https://www.melon.com/song/detail.htm?songId=5682700
BAE BAE,BIGBANG (빅뱅),"I'M IN LOVE
눈에 콩깍지 씌었어 BABE
하의 실종에 흰 와이셔츠 BABE
사람이야 천사야
OH JESUS BABE
눈부셔 BABE
SUNGLASS BABE
정신이 망신이야 홀렸어 네게
피가 한쪽으로 또 쏠렸어 네게
위험해
YOU'RE SO DANGEROUS BABE
살려줘 BABE
경찰 불러 BABE
BABY BABY 지금처럼만
아름다워 줄래 넌
시간이 지나도 내가 설렐 수 있게
BABY BABY 넌 시들지 마
이기적인 날 위해
그 모습 그대로
넌 그대로 여야만 해
사슴같이 예쁜 눈
나의 PRINCESS
나를 보고 비웃는 게
너무 CHIC 해
미친 거 아닐까
자연 미인 특이해 특이해
내게 완벽한 그대여
나의 MUSE 해
우리 둘이 편해 완전 살찌네
너와 몸이 완전 착착 감기네
영원히 넌 스물다섯이야 내게
변치 않아 BABE
5 X 5 BABE
BABY BABY 지금처럼만
아름다워 줄래 넌
시간이 지나도 내가 설렐 수 있게
BABY BABY 넌 시들지 마
이기적인 날 위해
그 모습 그대로
넌 그대로 여야만 해
난 예쁜 꽃을 든 남자
모든 이가 사랑할
너란 꽃을 든 남자
그대 향기에 취해
난 또 몽롱해지고
꺾이지 말아주오 제발 너만은
찹쌀떡 찹쌀떡
궁합이 우리 우리 궁합이
찹쌀떡 찹쌀떡
궁합이 우리 우리 궁합이",https://www.melon.com/song/detail.htm?songId=5684826
그냥 (Just),"Zion.T, Crush","내가 안쓰러워 보여
인사하는 거라면
내 마음 다칠까 걱정 말고
그냥 지나가면 돼요
Nanana 나 나나
Nananana 나나
내 마음 아플까 걱정 말고
사실 난 아무렇지도 않아
꼭 아픈 사람처럼 보여도
하고픈 이야기 너무 많았는데
결국 나 혼자 나 혼자
나 혼자서 어쩌구
사실 나는 널 좋아하지 않아
오히려 미워해 싫어해
매일 밤 홀로 누운 침대 위에서
꼭 끌어안은 이불은 추워
내가 안쓰러워 보여
다가오는 거라면
내 마음 아플까 걱정 말고
그냥 지나가면 돼요
니가 내게 무심코
뱉어댄 차가운 말들
몰래 속앓이 해 원래 당연하단 듯
어차피 안 이뤄져 뻔해 잘 알아
동정 따윈 더 이상
나 바라지도 않아
초라해지기 싫어서
나 먼저 그 자리에 일어섰네
머뭇거리지 마 나 진짜 괜찮아
아무 말 말고
뒤돌아 서서 걸어가
Nanana 나 나나
Nananana 나나
내 마음 아플까 걱정 말고
그냥 지나가면 돼요
지나가면",https://www.melon.com/song/detail.htm?songId=5572312
양화대교,Zion.T,"우리 집에는
매일 나 홀로 있었지
아버지는 택시드라이버
어디냐고 여쭤보면 항상
양화대교
아침이면 머리맡에 놓인
별사탕에 라면땅에
새벽마다 퇴근하신 아버지
주머니를 기다리던
어린 날의 나를 기억하네
엄마 아빠 두 누나
나는 막둥이 귀염둥이
그 날의 나를 기억하네
기억하네
행복하자
우리 행복하자
아프지 말고 아프지 말고
행복하자 행복하자
아프지 말고 그래 그래
내가 돈을 버네 돈을 다 버네
엄마 백원만 했었는데
우리 엄마 아빠 또 강아지도
이젠 나를 바라보네
전화가 오네 내 어머니네
뚜루루루 아들 잘 지내니
어디냐고 물어보는 말에
나 양화대교 양화대교
엄마 행복하자
아프지 말고 좀 아프지 말고
행복하자 행복하자
아프지 말고 그래 그래
그 때는 나 어릴 때는
아무것도 몰랐네
그 다리 위를 건너가는 기분을
어디시냐고 어디냐고
여쭤보면 아버지는 항상
양화대교 양화대교
이제 나는 서있네 그 다리 위에
행복하자
우리 행복하자
아프지 말고 아프지 말고
행복하자 행복하자
아프지 말고 그래
행복하자 행복하자
아프지 말고 아프지 말고
행복하자 행복하자
아프지 말고 그래 그래",https://www.melon.com/song/detail.htm?songId=5389475
우연히 봄,"로꼬, 유주 (YUJU)","우연히 내게 오나봐
봄 향기가 보여
너도 같이 오나봐
저 멀리서 니 향기가
설레는 코끝에 나의 입술에
괜찮은 느낌 이 떨림
나도 몰래 우연히 봄
어 어느새
겨울 지나 봄이야
여전히 난 너
앞에선 돌이야
난 아직 이게
믿기지가 않지만
내 왼손은
지금까지도 너의 향기가
미묘하게 흘렀던 분위기에
아직까지 난 가까스로 숨 쉬네
무대 위완 다르게 니 눈을 피해
고개를 돌렸던
내 모습에 한숨 쉬네
오랜만에 느껴지는
이 떨림이 날 단순하게 만들어
딱 너만 아는 거리지
다 고쳤다고 생각했던 버벅임이
또 도져서 준비했던
말을 잊어버리지
난 주워 담지 못할
말은 절대 안 해
원하는 걸 말해봐
널 위해서만 할게
너 빼곤 다
색칠할 수 있어 까맣게
천천히 갈게 조금 더 가깝게
우연히 내게 오나봐
봄 향기가 보여
너도 같이 오나봐
저 멀리서 니 향기가
설레는 코끝에 나의 입술에
괜찮은 느낌 이 떨림
나도 몰래 우연히 봄
우연히 봄
어 아직까지 향기가 짙네
발걸음이 가벼워
집에 가는 길엔
더 가까워질 너와 나를
상상하는 내 모습이
오글거려 몸서리치네
어 어 머릿속이
하얘지기 때문에
하루 종일 날씨
얘기만 반복하게 돼
오로지 난 너 하나 때문에
다른 것들에겐 무감각하게 돼
정적이 만드는 긴장감은
오히려 설레어
나를 미소 짓게 만들어
모른 척 하려 했던
니 옆의 남자들은
흐릿했던 내 눈 앞에
불을 키게 만들어
겨울은 유난히도 추웠고
다시 돌아온
그토록 기다렸던 봄
움직이지 못하도록
잡고 있고 싶어
날 더 느낄 수 있게
안고 있고 싶어
우연히 내게 오나봐
봄 향기가 보여
너도 같이 오나봐
저 멀리서 니 향기가
설레는 코끝에 나의 입술에
괜찮은 느낌 이 떨림
나도 몰래 우연히 봄
I love u so I love u
너무 쉬운 걸
그래도 나 참고 있을게
난 여자이니까
하루 더 기다려
바보야 내게 말해봐
니 마음도 보여
갖고 싶다고 해봐
더 이상은 감추지 마
어느새 내 앞에 이젠 내 앞에
괜찮은 느낌 이 떨림
나도 몰래 우연히 봄",https://www.melon.com/song/detail.htm?songId=5650996
또 다시 사랑,임창정,"아픔이 좀 더 작아질까
의미 없는 만남을 하다가
어느 날 그대가 흘린 눈물
왠지 나와 같다 느껴서
이렇게 그대를 지키는가 봐요
행복하고 싶었던 그대를
몰랐던 누군갈 또 알아가면서
분명 행복할 걸 알겠지만
내가 그대를 만났다는 건
어쩌면 흘러가는 흔한
인연이란 것 일지 모르지만
오늘도 다시 또 다시 사랑해요
사랑 언제나 이번이 마지막이라며
처음인 듯 찾아오니까
어느 날 그대가 숨긴 눈물
왠지 나와 같다 느껴서
이렇게 그대를 지키는 가 봐요
행복하고 싶었던 그대를
몰랐던 누군갈 또 알아가는 게
혹시 두렵기도 하겠지만
내가 그대를 만났다는 건
어쩌면 흘러가는 흔한
인연이란 것일지 모르지만
오늘도 다시 또 다시 사랑해요
사랑 언제나 이번이 마지막이라며
처음인 듯 찾아오니까
절대 우리 작은 다툼조차 하지 마요
이별 후엔 서운함만
가슴속에 남으니
사소한 그 표현이 그 말들이
언제나 나에겐 참
고마울 거예요
내가 그대를 만났다는 건
어쩌면 흘러가는 흔한
인연이란 것 일지 모르지만
오늘도 다시 또 다시 사랑해요
사랑 언제나 이번이 마지막이라며
처음인 듯 찾아오니까
사랑 언제나 이번이 마지막이라며",https://www.melon.com/song/detail.htm?songId=7861392
레옹,"이유 갓지(GOD G) 않은 이유 (박명수, 아이유)","레레 레레레옹
레레레 레레레옹 레레레옹
레레 레레레 레레
눈에 띄게 흰 피부에
입술은 피빨강
꼿꼿하게 핀 허리에
새침한 똑단발
못된 걸음으로 또 어디를 가나
누굴 찾는 것 같아
이 외로운 마틸다
티키타 리듬에 맞춰 스핀
기타 리프 테마는 스팅의
Shape Of My Heart
난 나잇값을 떼먹은 남자
Call Me 레옹 Call Me 레옹
Call Me 레옹
Call Me Call Call Call
Call Call Call Me
시끄러운 사람들 틈에
왜 당신은 조금도 춤을 추지 않나요
나 그대가 궁금해
알 수 없는 표정에
까만 선글라스
Mon Cher Look At Me
춤추고 싶지 않아
Mon Cher Look At Me
이유는 캐묻지 마라
Hey Baby Look At Me
슬픈 눈을 들키고 싶지 않아
더는 다가오지 마라 깜빡
왜 그렇게 무뚝뚝하나요
상냥하게 좀 해줄래요 ma 레옹
나도 어디서 꿀리진 않아
내 Choice는 틀리지 않아
I'm 마 마틸다
I'm 마 마 마틸다
I'm 마 마틸다
I'm 마 I'm I'm 마 I'm 마
잔잔히 잠들은 내 맘에
왜 돌을 던져 날 춤추고 싶게 만들어
흔들리는 눈빛을 감추어주오
나의 까만 선글라스
Ma chere What You Need
나처럼 춤을 춰요
Ma chere What You Need
아 튕기지 좀 마요
Hey Baby What You Need
그래 앞에 나를 봐요
자 이제 춤을 춰요 깜빡
Un Deux Trois Quatre
레레 레레레 레레 레 레레옹
레레 레레레 레레 레 레레옹
Mon Cher Look At Me
춤추고 싶지 않아
Mon Cher Look At Me
이유는 캐묻지 말아
Hey Baby Look At Me
슬픈 눈을 들키고 싶지 않아
더는 다가오지 말아 깜빡
Ma chere What You Need
나처럼 춤을 춰요
Ma chere What You Need
아 튕기지 좀 마요
Hey Baby What You Need
그래 앞에 나를 봐요
자 이제 춤을 춰요 춰요 깜빡",https://www.melon.com/song/detail.htm?songId=5826461
SHAKE IT,씨스타,"너만을 유혹하는 춤
우우우 우우우우
심장에 매력 발산 중
우우우 우우우우
손끝만 스쳐도 막 쿵쿵쿵쿵 Oh
내 맘이 흔들려
Shake it shake it for me
Shake it shake it for me
나나나 나나나 나나나
Hey
나나나 나나나 나나나
짜릿한 이 느낌
날 춤을 추게 해
지금 이 순간
Shake it
Bae bae baby
Love me love me love me now
흔들리는 내 맘 모르겠니
So let's dance
Just shake it let's dance
좀 더 핫하게 완전 와일드하게
Make it louder 우우우
더 크게 make it louder 우우우
날 자꾸 흔들어 흔들어
놀라게 흔들어
Shake it oh shake it
밤새 나와 Shake it baby
아주 fun하고 smart하게
흔들흔들어
온몸이 찌릿찌릿 우리 둘이
흔들흔들어
심하게 통하니 여기 불났으니
When I Move
움직여 자리 잡았으니
Shake it shake it for me
Shake it shake it for me
나나나 나나나 나나나
Hey
나나나 나나나 나나나
짜릿한 이 느낌
날 춤을 추게 해
지금 이 순간
Shake it
Bae bae baby
Love me love me love me now
흔들리는 내 맘 모르겠니
So let's dance
Just shake it let's dance
좀 더 핫하게 완전 와일드하게
Make it louder 우우우
더 크게 make it louder 우우우
날 자꾸 흔들어 흔들어
놀라게 흔들어
Shake it oh shake it
밤새 나와 Shake it baby
Shake it oh shake it
Shake it up shake it for me
Shake it oh shake it
Shake it up shake it for me
Shake it oh shake it
Shake it up shake it for me
Shake it oh shake it
Shake it up shake it for me
Shake it for me my baby
Shake it for me my baby
그렇게 모두 모여 dance
Just shake it let's dance
좀 더 핫하게 완전 와일드하게
Make it louder 우우우
더 크게 make it louder 우우우
날 자꾸 흔들어 흔들어
놀라게 흔들어
Shake it oh shake it
밤새 나와 Shake it baby",https://www.melon.com/song/detail.htm?songId=5748499
와리가리,혁오 (HYUKOH),"그런 슬픈 말을 하지 마요
아마 그럴 줄은 알았는데
이젠 좀 잔잔하다 했었는데
뒤도 돌아보지 않아
그런 마음을 낮추지 마요
저기 다가온다 기대했는데
또 한 편 언젠가는 떠나갈걸
이젠 슬쩍 봐도 알아
And we play comes and goes
cause we did this
when we were child before
and we play comes and goes
cause big boys still
play the game all the time
다 쓴 야광별을 떼어냈죠
옅은 빛을 살피고 있으면
내일이 그리 기다려졌는데
이젠 그렇지도 않아
어렸을 때 몰래 훔쳐봤던
아빠의 수첩 같은 일기장엔
오늘의 걱정이 적혀있던 게
이제야 생각나네
And we play comes and goes
cause we did this
when we were child before
and we play comes and goes
cause big boys still
play the game all the time
익숙하니 또 무뎌지네요
흘러간 장면이 펼쳐지네요
다시 그 순간을 마주한대도
그땐 또 지금 같진 않겠지
And we play comes and goes
cause we did this
when we were child before
and we play comes and goes
cause big boys still
play the game all the time
Familiarity is a common sense
I feel like I’m not here anymore
그냥 다들 안고선 살고 있더라고
다들 그렇게들 떠나나요
이미 저 너머 멀리에 가있네
여기에는 아무도 안 올 테니
그냥 집으로 돌아갈래",https://www.melon.com/song/detail.htm?songId=5713422
위아래,EXID,"위 아래 위 위 아래
위 아래 위 위 아래
위 아래 위 위 아래 UP
위 아래 위 위 아래
위 아래 위 위 아래
위 아래 위 위 아래 DOWN
난 몰라 순진한 척 하는 네 동공
날 네 맘대로 들었다가는 놓고
then i feel loco oh oh
날 미치게 만들어
강제탑승한 roller
co coaster su such a monster
HEY BABY BOY
빙글 빙글 빙글 돌리지 말고 넌
HEY BABY BOY
아슬 아슬하게 스치지 말고 넌
그만 좀 건드려 건드려
애매하게 건드려 넌
위 아래 위 위 아래
자꾸 위 아래로 흔들리는 나
Why don't u know
don't u know don't u know
확실하게 내게 맘을 보여줘
Why don't u know
don't u know don't u know yeah ey
위 아래 위 위 아래
위 아래 위 위 아래
위 아래 위 위 아래
UP UP DOWN DOWN
네 말투 네 표정들
날 헷갈리게 하면서 넌
흘리지 또 흘리지
흔들흔들흔들흔들
없는 척 모르는 척
들었다 놨다 하면서 넌
부리지 끼 부리지
흔들흔들흔들흔들
HEY BABY BOY
빙글 빙글 빙글 돌리지 말고 넌
HEY BABY BOY
아슬 아슬하게 스치지 말고 넌
그만 좀 건드려 건드려
애매하게 건드려 넌
위 아래 위 위 아래
자꾸 위 아래로 흔들리는 나
Why don't u know
don't u know don't u know
확실하게 내게 맘을 보여줘
Why don't u know
don't u know don't u know yeah ey
Just do what you wanna
do what you wanna
약올리지 말고 내게 확신을 줘넌
쓸데없는 말은 불필요해 필요해
장난아닌 진심 날 선택의 기로에
서게하지마 날 눈물 젖게 하지마
위 아래 위 위 아래
위 아래 위 위 아래
자꾸 위 아래로 흔들리는 나
Why don't u know
don't u know don't u know
확실하게 내게 맘을 보여줘
Why don't u know
don't u know don't u know yeah ey
위 아래 위 위 아래
위 아래 위 위 아래
위 아래 위 위 아래 UP
위 아래 위 위 아래
위 아래 위 위 아래
위 아래 위 위 아래",https://www.melon.com/song/detail.htm?songId=4840271
심쿵해 (Heart Attack),AOA,"A ye Brave sound
And it goes a little something like this
완전 반해 반해 버렸어요
부드러운 목소리에
반해 반해 버렸어요
난 떨려
AOA Let's Go
내가 미쳤나 봐 왜 또 이러지
내 마음 열여덟 소녀 마냥
막 쿵쿵대
숨길 수 없나 봐 난 매일 이러지
눈이라도 마주치면
귀까지 확 빨개져
이해 못해
네가 걔를 못 봐서 그래
딱 첫눈에 확 반해 버린다는 말에
그 마음 이해 가더라
나도 좀 알겠더라
널 처음 본 그 순간
완전 반해 반해 버렸어요
넓은 어깨 날렵한 눈매에
부드러운 목소리에
반해 반해 버렸어요
너의 얇고 긴 손가락만 봐도
난 떨려
어머나 자꾸만 심쿵해
널 보면 볼수록
가슴이 쿵쿵대 나도 모르겠어
심쿵해 나 어쩌면 좋아
자꾸만 네 품에
꼭 안기고 싶어 baby
어쩌다 눈이라도 마주치면
난 심쿵 거려
너의 작은 관심이라도 받을까
아등바등 거려
너는 대체 걔가 뭐가 그리 좋아
라고 묻는 친구들에게 말해
야 모르면 말을 말어
이해 못해 네가 걔를 못 봐서 그래
딱 첫눈에 확 반해 버린다는 말에
그 마음 이해 가더라
나도 좀 알겠더라
널 처음 본 그 순간
완전 반해 반해 버렸어요
넓은 어깨 날렵한 눈매에
부드러운 목소리에
반해 반해 버렸어요
너의 얇고 긴 손가락만 봐도
난 떨려
어머나 자꾸만 심쿵해
널 보면 볼수록
가슴이 쿵쿵대 나도 모르겠어
심쿵해 나 어쩌면 좋아
자꾸만 네 품에
꼭 안기고 싶어 baby
오 나의 왕자님 어디를 보나요
바로 여기 내가 있는데요
너무나 멋진 그대
난 그대 하나면 돼
난 그대 없이 못 살아요
완전 반해 반해 버렸어요
부드러운 목소리에
반해 반해 버렸어요
난 떨려
어머나 자꾸만 심쿵해
Everybody say What AOA
쿵쿵대
And it goes a little something like this
심쿵해
한번 더 say What AOA
네 품에 꼭 안기고 싶어 baby",https://www.melon.com/song/detail.htm?songId=5748406
겁 (Feat. 태양),MINO (송민호),"뒤돌아 봤을 때
생각보다 멀리
와있었어 난 혼자였고
문득 겁이 났지
내가 날 봤을 때
지쳐있단 사실을
몰랐었어 난 외로웠고
문득 겁이 났지
넌 잘하고 있어 헷갈릴 때면
여태 그랬던 것처럼 그냥 Go
너답게 해 너는 너를 알아
연습했잖아 한 수 천 번은 말야
좌절 한 두 번 이젠 시시해
원래 기회라는 건 인생의 위기에
넌 알잖아 다시 일어나는 법
천국여행 간다며 어서 싸 캐리어
멈추지 마라 아직 할 일 많아
뒷바라지하는 부모님의 사진봐
넌 동생들의 거울이자 가족들의 별
네가 잠을 줄여야만
그들이 편하게 숙면
야 이 병신아 티 좀 내지마
마음 단단히 먹어 알아 외롭지만
견뎌내야 돼
눈물 흘리냐 사내새끼가
뚝 그치고 다시 들어 책임감
eh 아무것도 보기 싫었을 때
억지로 눈을 부릅뜬 건
그냥 겁나서
덜컥 겁이 나서 그래 eh o
아무 말도 하기 싫었을 때
일부러 목소릴 높인 건
There is no other reason
겁이 나 난 겁이 나
입버릇처럼 말했어
언제나 나는 나를 믿어
상대는 없다며
But enemy was in my mirror
계속된 싸움에 이성을 잃었었나봐
내가 나를 죽였어
엄마도 내 눈치를 봐
대중의 관심을 받는 게 eh
CCTV 속에 사는 게 eh
한곳만 죽어라 팠는데
그게 내 무덤이 될 수도
있다는 게 무서웠어
아버지 날 보고 있다면
정답을 알려줘
어른이 되기엔 난 어리고 여려
아직도 방법을 모르고
부딪히는 짓만 하기엔
너무 아프다는 걸
이제 알았어 너무 늦었나봐
무식하게 채찍질만 하기엔
아물지 않은 상처가 너무 많아
eh 아무것도 보기 싫었을 때
억지로 눈을 부릅뜬 건
그냥 겁나서
덜컥 겁이 나서 그래 eh o
아무 말도 하기 싫었을 때
일부러 목소릴 높인 건
There is no other reason
겁이 나 난 겁이 나
자꾸 겁이 나
난 모든 게 감사해
내 종교를 떠나서
6년 전부터 이 꼬맹이를
이용하려 했던
악덕 대표님들 조차
날 구원해준 지금의 회사도
이 무대를 내어준 수많은 참가자도
남자의 삶을 알려준
하늘에 계신 큰아빠도
가족 내 어깨들과
형제 같은 멤버들도
딱 오늘까지만 위로를 받고
내일부턴 겁쟁이가 아닌
성숙해진 나로
eh 아무것도 보기 싫었을 때
억지로 눈을 부릅뜬 건
그냥 겁나서
덜컥 겁이 나서 그래 eh o
아무 말도 하기 싫었을 때
일부러 목소릴 높인 건
There is no other reason
겁이 나 난 겁이 나
Can you see me now
Anybody save me from this fear
oh
Can you hear me now
woah
woo",https://www.melon.com/song/detail.htm?songId=5826447
19금 Puss (Prod.by 라이머),"지민, 아이언",,https://www.melon.com/song/detail.htm?songId=5634219
다른 남자 말고 너,미쓰에이,"다른 남자 말고 너
다른 남자 말고 너너너너 너
장난해 장난해 하는데
나는 절대로 장난이 아닌데
뭔말이 뭔말이 필요해
봐봐 온몸이 설명해 Baby
남자 친구들 많아
난 그렇다고 사랑 하지 못하나
남잘 모르는 여잔 별로거든
But baby baby oh oh
숨이 콱콱 막히잖아
날 이렇게 만든 건 너였잖아
아무 말도 할 수가 없어
이런 기분 처음인걸
다른 여자완 달라
뻔한 사랑은 싫어
내가 더 많이 좋아해도 상관없어
너만 있으면 돼
다른 남자완 달라
이제 그만 받아줘
You'll be my baby baby baby 너
다른 남자 말고 너
너
다른 남자 말고 너
다른 남자 말고 너너너너 너
가슴이 가슴이 뛰는데
다른 누구도 이렇겐 못했는데
뭔 말이 뭔 말이 필요해
자 봐봐 만져봐 내 심장이 Baby
아는 오빠들 많아
난 그렇다고 절대 쉽지는 않아
남잘 모르는 여잔 별로거든
But baby baby oh oh
숨이 콱콱 막히잖아
날 이렇게 만든 건 너였잖아
아무 말도 할 수가 없어
이런 기분 처음인걸
다른 여자완 달라
뻔한 사랑은 싫어
내가 더 많이 좋아해도 상관없어
너만 있으면 돼
다른 남자완 달라
이제 그만 받아줘
You'll be my baby baby baby 너
다른 남자 말고 너
아무도 안 어울려 지금 니 옆엔
노랜 끝나가고 있는데
넌 아무 말이 없어 Baby
다른 여자완 달라
뻔한 사랑은 싫어
내가 더 많이 좋아해도 상관없어
너만 있으면 돼
다른 남자완 달라
이제 그만 받아줘
You'll be my baby baby baby 너
다른 남자 말고 너
너
다른 남자 말고 너
다른 남자 말고 너너너너 너",https://www.melon.com/song/detail.htm?songId=5644636
두사랑 (Feat. 매드클라운),다비치,"미쳤다고 하겠지 내 지금 사랑이
어떤 건지 듣는 사람들은
사랑이란 반드시 한 사람과 하는
거라면서 나를 욕하겠지
하지만 난 한 사람을 가볍게
사랑하지 않아 이해 못하겠지
두 사람을 미친 듯이 온 마음 다
바쳐서 사랑해
나도 내 맘을 모르겠어
내 두사랑은 한 사랑보다 깊어
난 두 사람 중 한 사람도 곁에서
보낼 수 없는데 이러면 안 되는데
누구에게도 털어 놓을 수 없어
없어 정말이야
나 두 사람을 사랑해 목숨 바쳐
나 두 사람을 사랑하면 안 되는걸
너무 잘 알면서 너무 잘 알면서
둘 중 누구도 보낼 수가 없어
없어 정말이야
이해할 수 있어
처음 봤을 땐
그냥 지나치는 사람쯤
두 번짼 풍선처럼
네 맘에서 점점 커지고
그러다 너도 모르는 사이 어느새
이젠 한 가슴에 살게 된
전혀 다른 두사랑
익숙함과 새로움 둘 사이
둘 다 상처주기 싫어
꽤나 힘들었겠어
괜찮아 맘 가는 대로 해
그 맘이 진심이라면
넌 좀 더 이기적이어도 돼
내 두사랑은 한 사랑보다 깊어
난 두 사람 중 한 사람도 곁에서
보낼 수 없는데
이러면 안 되는데
누구에게도 털어 놓을 수 없어
없어 정말이야
나 두 사람을 사랑해 목숨 바쳐
나 두 사람을 사랑하면 안 되는걸
너무 잘 알면서 너무 잘 알면서
둘 중 누구도 보낼 수가 없어
없어 정말이야
스스로가 밉고 이해할 수 없어도
사람 마음이란 게
가끔씩 그럴 수 있지
나쁜 건 나쁜 쪽이
되기 싫은 너의 맘
상처주지 않는 법 따위 없다고
애매하고 못된 헷갈리고 서툰
그런 맘이라 생각되면
잠시 두면 돼
괜찮아 맘 가는 대로 해
그 맘이 진심이라면
넌 좀 더 이기적이어도 돼
이 두 사람은 너무 날 사랑해서
난 두 사람 중 한 사람도 아프게
할 수가 없는데 이러면 안 되는데
누구에게도 털어 놓을 수 없어
없어 정말이야
나는 사랑이 아닌 사랑들을 해요
이걸 어쩌지 이걸 어쩌지
어쩌면 좋지
어떡하죠
그 어떤 사랑보다 정말 깊은 걸요
대체 누가 날
대체 누가 날 이해해줄지",https://www.melon.com/song/detail.htm?songId=5628083
마음,아이유,"툭 웃음이 터지면 그건 너
쿵 내려앉으면은 그건 너
축 머금고 있다면 그건 너
둥 울림이 생긴다면 그건 너
그대를 보며
나는 더운 숨을 쉬어요
아픈 기분이 드는 건
그 때문이겠죠
나를 알아주지 않으셔도 돼요
찾아오지 않으셔도
다만 꺼지지 않는 작은 불빛이
여기 반짝 살아있어요
영영 살아있어요
눈을 떼지 못 해
하루종일 눈이 시려요
슬픈 기분이 드는 건
그 때문이겠죠
제게 대답하지 않으셔도 돼요
달래주지 않으셔도
다만 꺼지지 않는 작은 불빛이
여기 반짝 살아있어요
세상 모든 게 죽고 새로 태어나
다시 늙어갈 때에도
감히 이 마음만은 주름도 없이
여기 반짝 살아있어요
영영 살아있어요
영영 살아있어요",https://www.melon.com/song/detail.htm?songId=5700639
CALL ME BABY,EXO,"CALL ME BABY


Call me baby
이 거리는 완전 난리야
Call me baby
사람들 사이는 남이야
Call me baby
함께하는 매 순간이
Like BOOM BOOM BOOM
BOOM BOOM
What up
Hey Girl 영원 같던 찰나
운명 같은 순간
나를 한 순간 뚫고가
번개처럼 이 세계를
넌 내 이름 불러주며
나에게로 다가와
놀라워 섬광처럼 가득 차
너를 마주한 순간 oh my
편하게 여기 앉아
이제 내 얘기를 들어봐
Oh I don't care
나 멀리멀리 돌아간대도
이렇게 너의 곁에
단 한 남자가 되어줄 테니
메마른 내 입술에
너 스며들어와 나를 깨워
The time's wasting girl
So don't wait don't wait too long
빛나는 것들은 많아
그 안에 진짜를 봐봐
Call me baby Call me baby
Call me baby Call me baby
You know my name girl
널 향해 커져간 마음아
너 말곤 그 문을 닫아
You know I'm here girl
Call me baby Call me baby
Call me baby Call me baby
몇 번이라도 Call me girl
나를 나로 존재하게 해
내 세상은 오직 you're the one
You're the one
Girl you're the one I want
빛나는 것들은 많아
그 안에 진짜를 봐봐
Call me baby Call me baby
Call me baby Call me baby
몇 번이라도 Call me girl
Baby girl 욕심들 속에 날 선
그 어떤 말도 넘어설
그런 믿음을 보여준 너
모두 변해 날 떠나간대도
너는 나만의 lady
내 손을 잡아주는 그거면 돼
빛나는 것들은 많아
그 안에 진짜를 봐봐
Call me baby Call me baby
Call me baby Call me baby
You know my name girl
널 향해 커져간 마음아
너 말곤 그 문을 닫아
You know I'm here girl
Call me baby Call me baby
Call me baby Call me baby
어둔 미로 속에 갇혔던 Oh 나
그 어둠 속에서
날 깨워준 네 목소리 들려와
날 다시 태어나게 해 Yeah
E X O Listen
Say my name Louder
혼란스러운 공간 속
날 이끌어줄 빛이 되고
놓치지 않아준 너라면
What up
널 안고 변치 않을게
널 안고 나를 떠나버린
사람들과 마주해
Never don't mind about a thing
내 가슴속 그 거대한 공백에 널 더해
흔들리는 세상 속에서
Whoo Babe
빛이 돼준 오직 한 사람 바로 너
Girl you're the one I want
You're the one I want
빛나는 것들은 많아
그 안에 진짜를 봐봐
Call me baby Call me baby
Call me baby
I'll be your baby yeah
You know my name girl
Ho
나를 나로 존재하게 해
You know I'm here girl
내 세상은 오직 you're the one
You're the one
Girl you're the one I want
빛나는 것들은 많아
그 안에 진짜를 봐봐
Call me baby Call me baby
Call me baby Call me baby
몇 번이라도 Call me girl",https://www.melon.com/song/detail.htm?songId=5644620
Me You (Feat. 백예린 Of 15&),San E,"Oh boy I'm kinda new to this
어떻게 말해야 되지
그냥 솔직히 말할게
Baby I think I'm in love
자꾸 기분이 Up 돼
생각만 해도 찡해
장난 아냐 No playing
확신이 들어
There is something going between
Me you me you
Me you me you it's you and
Me you me you
Me you me you it's you and
Me you me you
Me you me you
It's you and me and you
I sing this song like
I don't need no girlfriend
왜냐면 드디어 만났거든
Girlfriend
이 노랠 듣고 꺼져
Ex girlfriends
Don't call me
그녀가 불안해하잖아
What you want from me
이유는 간단해
Cause she got something for me
너와는 달라 달라 달라
말 못했지만
넌 돈 쓰길 바라고 그녀는
마음 쓰기 바래
Yeah I said it whoop
비교해서 미안 그녀 함께하다
너와 놀면 하품이 나 Yawning
So what Sso what
날 위해 그녈 위해
너는 Block block block
Oh boy I'm kinda new to this
어떻게 말해야 되지
그냥 솔직히 말할게
Baby I think I'm in love
자꾸 기분이 Up 돼
생각만 해도 찡해
장난 아냐 No playing
확신이 들어
There is something going between
Me you me you
Me you me you it's you and
Me you me you
Me you me you it's you and
Me you me you
Me you me you
It's you and me and you
I rap this song like
I don't need no girlfriend
왜냐면 지금 옆에 있는
Soul friend
친구도 되 연인도 되니
Oh well
그녀 남자로서 한 마디 해줄게
Ex boyfriends
Just don't call her
이제 그녀는 내가 있으니
밤에 전화하지 마
뭐 하냐 묻지 마
괜히 걸어봐라 뿌르르르
어 어 엄한 소리 들을라
니 Lip service
느끼해하지 Mayo
그녀 내 말투엔 빨개져
You gotta ketchup
Mr 껄떡 전엔 신사답게 끝냈지만
딱 잘라 말할게 얄짤없어 I You
Boy I'm kinda new to this
어떻게 말해야 될까
그냥 솔직히 말할게
Baby I think I'm in love
자꾸 기분이 Up 돼
생각만 해도 찡해
장난 아냐 No playing
확신이 들어
There is something going between
Me you me you
Me you me you it's you and
Me you me you
Me you me you it's you and
Me you me you
Me you me you
It's you and me and you
Oonce again
Me you me you
Me you me you it's you and
Me you me you
Me you me you it's you and
Me you me you
Me you me you
It's you and me and you
and me and you
and me and you
and me and you
and me and",https://www.melon.com/song/detail.htm?songId=5674119
그 남잔 말야,엠씨더맥스 (M.C the MAX),"바람 부는 이런 날엔
넌 어디서 뭘 하는지
오늘 따라 오늘 따라 궁금해
너무 쉽게 잊혀 지면
흩날리는 저 꽃잎처럼
그 거리에 널 부르며 서 있어
미치도록 널 사랑한
남자가 있었어
그 남잔 말야
아직도 네 추억에 살아
네가 너무 그리워
네가 너무 그리워
정신 못 차릴 만큼
느껴지니 느껴지니 내 맘이
혼자 걷는 밤거리가
이렇게나 쓸쓸한지
이별 후에 이별 후에 배웠어
미치도록 널 사랑한
남자가 있었어
그 남잔 말야
아직도 네 추억에 살아
네가 너무 그리워
네가 너무 그리워
정신 못 차릴 만큼
느껴지니 느껴지니 내 사랑아
바람 부는 이런 날에
그리운 사람 너야
미치도록 널 사랑한 남잘
넌 잊었니
그 남잔 말야
아직도 너 오길 기다려
네가 너무 그리워
네가 너무 그리워
정신 못 차릴 만큼
느껴지니 느껴지니 내 사랑아",https://www.melon.com/song/detail.htm?songId=5668985
목소리,노을,"너무 보고 싶어서 가만히
너를 떠올려 보기도 했어
기억 속 네가 흐려진 만큼
잊혀진 거라 믿었어
지워질 거라고
하지만 지날수록
너의 그 모습보다
아련한 향기보다 그리워
단 한 번만 다시 들을 수 없을까
귓가에 맴도는 네 목소리
이렇게 너를 부르면
언젠간 들을 수가 있을까
사랑한 날의 네 목소리
사랑한다는 말이
익숙해질 즈음
그 때 우린 헤어졌어
한동안 너의 따스히 건네던
그 말을 잊은 채
너와 다시 만나고
너를 안고 싶었던
지난 날의 내가 참 미워
단 한 번만 다시 들을 수 없을까
귓가에 맴도는 네 목소리
이렇게 너를 부르면
언젠간 들을 수가 있을까
사랑한 날의 네 목소리
그렇게 떠나가던 날
끝없이 나를 소리쳐 부르던
그 날의 널 잊을 수 없어
너의 목소리로 가득한 그 거리도
단 한 번만 그 때처럼 다시 한 번만
귓가에 맴도는 네 목소리
이렇게 너를 부르면
언젠간 들을 수가 있을까
사랑한 날의 네 목소리
사랑했던 네 목소리",https://www.melon.com/song/detail.htm?songId=5536206
음오아예 (Um Oh Ah Yeh),마마무 (Mamamoo),"oh yes 음 오 아 예
너에게 빠져들겠어
자꾸 반응하잖아
oh yes 음 오 아 예
그래 난 다가가겠어
넌 내 취향저격 ace
내 앞을 지나갔어
눈빛이 마주쳤어
스타일이 좋아 느낌이 좋아
다를 게 없는 오늘
너 땜에 달아오른
오늘이 좋아 음오아예
첫 번째 플랜
감탄사 그 동안에
찾아 헤멘 남자
음오아 예스
맞는 옷처럼 잘 어울리는 너야
부드럽게 이런 말 어떤 것 같아
음 두 번째 플랜 먼저 당기기
오오 동공 떨리는 초침
스탠바이 큐
아 시간되면 차 한잔 할래요
예스 이런 건 어떤 것 같아
oh yes 음 오 아 예
너에게 빠져들겠어
자꾸 반응하잖아
oh yes 음 오 아 예
그래 난 다가가겠어
넌 내 취향저격 ace
본능을 따르겠어
날 감추지 않겠어
오늘은 달라 먼저 다가가
걸음은 도도하게
말투는 애교 있게
날 보는 눈빛 음오아예
help me
시간 좀 되나요 나 좀 도와줘요
그 쪽 때문에
오감이 제멋대로예요
그 쪽이 예고 없이 날리는 미소에 음
콜린퍼스도 울고 갈
당신의 매너에 오
여자라 해도 믿을만한 피부 아예
넌 존재자체 감탄사 절로 나네
음오아예
나도 모르게
달아오르네
홀릭
oh yes 음 오 아 예
너에게 빠져들겠어
자꾸 반응하잖아
oh yes 음 오 아 예
그래 난 다가가겠어
넌 내 취향저격 ace
목소리도 oh yes
눈웃음도 oh yes
네 모든 게
머리부터 발끝까지 다 oh yes
지금 널 보면 난 oh yes
단 둘이서 oh yes
드루루 드루루 드루루 oh yes
뜨거워지는 이 분위기
너와 나의 거리
우리 사이로 한 여자가
걸어 와 때마침
그의 여자친구인 건지
아님 친군 건지 다가와
언니 이 여자 누구예요
여자였어 OH MY GOD
oh yes 음 오 아 예
너에게 빠져들겠어
자꾸 반응하잖아
oh yes 음 오 아 예
그래 난 다가가겠어
넌 내 취향저격 ace
목소리도 oh yes
눈웃음도 oh yes
Oh 너의 모든 게
머리부터 발끝까지 다 oh yes",https://www.melon.com/song/detail.htm?songId=5743804
사월의 눈,허각,"어느새 그 차가웠던
긴 겨울에 하얀 눈도
스르륵 봄바람에 다 녹아내려요
다시 또 누군가를
사랑할 수 있으려나요
눈부신 따스한 봄날엔
그토록 욕해대고
할퀴어대던 두 사람이
나였는지 그녀였는지
조차 잊어버린 듯
그 겨울 그 겨울이
그때 우리가 참 그리워
미운데 미운데 그리워
큰맘 먹고 살짝 열어본 내 창가에
눈부신 봄날 햇살 아래로
차디찬 눈이 내려요
작은 내 방에 내 텅 빈 가슴에
그 아팠던 상처가
또 다시 덧나려는 듯
이른 봄날에 눈이 내려요
주르륵 흘러내린
내 눈물마저도 차네요
내게도 봄날이 올까요
누군갈 또 다시 사랑하고 싶어서
미친 듯 거리를 걸어봐도
차디찬 눈이 내려요
내 두 눈가에 이 못난 가슴에
그 아팠던 상처가
또 다시 덧나려는 듯
이른 봄날에 눈이 내려요
하얗게 추억들이 내려요
주르륵 흘러내린
내 눈물마저 차가운데
내게도 봄날이 올까요
따스한 봄날이 올까요",https://www.melon.com/song/detail.htm?songId=5629186
어머님이 누구니 (Feat. 제시),박진영,"넌 허리가 몇이니
24요
힙은
34요
어렸을 때부터 난 눈이 좀 달라
아무리 예뻐도 뒤에 살이 모자라면
난 눈이 안 가
긴 생머리에 바람이 불면
날아갈 것 같이 가냘픈 여자라면
난 맘이 안 가
허리는 너무 가는데 힙이 커
맞는 바지를 찾기 너무 힘들어
oh Yeah
Shake that booty that booty booty
Shake that booty that booty booty
앞에서 바라보면 너무 착한데
뒤에서 바라보면 미치겠어
oh Yeah
Shake that booty that booty booty
Shake that booty that booty booty
널 어쩌면 좋니 너를 어쩌면
널 어쩌면 널 어쩌면 좋니
네가 왜 이렇게 좋니
머리끝부터 발끝까지
눈을 떼질 못하잖니
어머님이 누구니
도대체 어떻게 너를 이렇게 키우셨니
Shake that booty that booty booty
Shake that booty that booty booty
얼굴이 예쁘다고 여자가 아냐
마음만 예뻐서도 여자가 아냐 난
하나가 더 있어
앉아있을 땐 알 수가 없어
일어날 때까지 기다려야만 했어 난
난 그때서야 God girl
허리는 너무 가는데 힙이 커
맞는 바지를 찾기 너무 힘들어
oh Yeah
Shake that booty that booty booty
Shake that booty that booty booty
앞에서 바라보면 너무 착한데
뒤에서 바라보면 미치겠어
oh Yeah
Shake that booty that booty booty
Shake that booty that booty booty
널 어쩌면 좋니 너를 어쩌면
널 어쩌면 널 어쩌면 좋니
네가 왜 이렇게 좋니
머리끝부터 발끝까지
눈을 떼질 못하잖니
어머님이 누구니
도대체 어떻게 너를 이렇게 키우셨니
Shake that booty that booty booty
Shake that booty that booty booty
허리는 너무 가는데 힙이 커
맞는 바지를 찾기 너무 힘들어
oh Yeah
Shake that booty that booty booty
Shake that booty that booty booty
앞에서 바라보면 너무 착한데
뒤에서 바라보면 미치겠어
oh Yeah
Shake that booty that booty booty
Shake that booty that booty booty
Ya 머리부터 발끝까지
Got it from my mama
동양적인 눈마저도 엄마에게 받아
타고난 내 맵시 밀려드는 대시
이젠 모두 알아봐 Hey Jessi Sexy
머리 어깨 무릎 발 무릎 발
어디서 났냐고 물어봐 물어봐
Thin waist Big booty
꽉 끼는 청바지
Chocolate 색깔 피부까지 whoa
JYP nah 저리 비켜봐
꿀벅지 눈이 전부 돌아가 uh
허스키한 목소리
침 닦아 Hey 거기
널 어쩌면 좋니 너를 어쩌면
널 어쩌면 널 어쩌면 좋니
네가 왜 이렇게 좋니
머리끝부터 발끝까지
눈을 떼질 못하잖니
어머님이 누구니
도대체 어떻게 너를 이렇게 키우셨니
Shake that booty that booty booty
Shake that booty that booty booty",https://www.melon.com/song/detail.htm?songId=5658708
취향저격,iKON,"너는 내 취향저격 내 취향저격
말하지 않아도 느낌이 와
머리부터 발끝까지 다
너는 내 취향저격 난 너를 보면
가지고 싶어서 안달이 나
자기 전까지도 생각이 나
pow
가는 발목 아래 운동화와
청색 스키니진의 완벽한 조화
살짝 큰 듯한 가디건 아래
뚝 떨어진 긴 생머리가 참 고와
수줍은 눈웃음도
멍 때리는 듯한 모습도
예쁘게만 보이고 가슴이 막 떨려
왜 이제야 나타났니
you're my 취향저격
oh oh 너의 가녀린 미소
oh oh 나를 보는 눈빛도
흠잡을 데가 없어
한시도 지루할 틈이 없어 perfect
oh oh 애교 섞인 목소리
oh oh 가까워지는 우리
왜 이제야 나타났어
드디어 사랑이 찾아왔어
너는 내 취향저격 내 취향저격
말하지 않아도 느낌이 와
머리부터 발끝까지 다
너는 내 취향저격 난 너를 보면
가지고 싶어서 안달이 나
자기 전까지도 생각이 나
pow
A girl 잠시 말 좀 물을게
그 까칠한 말투는 어디서 또 배웠대
you work and walk
and spit words like a boss
wonder woman
현실판은 너의 여성스러움
Oh 느낌적인 느낌
또 뭔가 매혹적인 눈빛에 매료돼
섬세한 그 손길
또 뭔가 어정쩡한 몸짓
I like it babe
oh oh 너의 가녀린 미소
oh oh 나를 보는 눈빛도
흠잡을 데가 없어
한시도 지루할 틈이 없어 perfect
oh oh 애교 섞인 목소리
oh oh 가까워지는 우리
왜 이제야 나타났어
드디어 사랑이 찾아왔어
너는 내 취향저격 내 취향저격
말하지 않아도 느낌이 와
머리부터 발끝까지 다
너는 내 취향저격 난 너를 보면
가지고 싶어서 안달이 나
자기 전까지도 생각이 나
pow
난 니가 정말 좋아
또 가끔 하품하는 모습까지도
내 스타일이야
오 마음이 잘 맞아
내 가슴이 벅차올라
니가 날 부를 때마다
입가에 웃음이 끊이질 않아
Oh girl you know that I love you
너는 내 취향저격 내 취향저격
말하지 않아도 느낌이 와
머리부터 발끝까지 다
너는 내 취향저격 난 너를 보면
가지고 싶어서 안달이 나
자기 전까지도 생각이 나
pow
난 니가 정말 좋아
또 가끔 하품하는 모습까지도
내 스타일이야
난 니가 정말 좋아
또 가끔 하품하는 모습까지도
내 스타일이야",https://www.melon.com/song/detail.htm?songId=7854179
야생화,박효신,"하얗게 피어난 얼음 꽃 하나가
달가운 바람에 얼굴을 내밀어
아무 말 못했던 이름도 몰랐던
지나간 날들에 눈물이 흘러
차가운 바람에 숨어 있다
한줄기 햇살에 몸 녹이다
그렇게 너는 또 한번 내게 온다
좋았던 기억만
그리운 마음만
니가 떠나간 그 길 위에
이렇게 남아 서있다
잊혀질 만큼만
괜찮을 만큼만
눈물 머금고
기다린 떨림 끝에
다시 나를 피우리라
사랑은 피고 또 지는
타버리는 불꽃
빗물에 젖을까 두 눈을 감는다
어리고 작았던 나의 맘에
눈부시게 빛나던 추억 속에
그렇게 너를 또 한번 불러본다
좋았던 기억만
그리운 마음만
니가 떠나간 그 길 위에
이렇게 남아 서있다
잊혀질 만큼만
괜찮을 만큼만
눈물 머금고 기다린 떨림 끝에
다시 나는
메말라가는땅 위에
온몸이 타 들어가고
내 손끝에 남은
너의 향기 흩어져 날아가
멀어져 가는 너의 손을
붙잡지 못해 아프다
살아갈 만큼만
미워했던 만큼만
먼 훗날 너를 데려다 줄
그 봄이 오면 그날에 나 피우리라",https://www.melon.com/song/detail.htm?songId=4543502
Ah Yeah,EXID,"아예 아예 아예 아예 아예
아예 아예 아예 아예 아예
왜 이렇게 감을 못 잡는거야
왜 이 말을 하는지 모르겠어 뭐야
싱긋싱긋 웃으며 치근 치근대
날 그저 그렇고 그런 애 취급해
MAN DON'T DO THAT
답할 맘 없어 그런 질문에 no way
오늘만 몇 번을 물어 본거야
Baby Stop
대체 뭐라 뭐라 하는데
당췌 못 알아듣겠어 1도
번번히 좌절되는 시도
정신 좀 차리고 보는게 어때
딱 너만 빼고 모두가 보이는 신호
오늘내일 하지 말고 서둘러서
다가와 어서 다가와 어서 너
아예 아예 아예 아예
이런 시간 뻔해 이대론 불편해
자꾸 그런것만 물어보지마
원하는대로해 나는 그게 편해
이 시간이 가버리기전에 너
아예 아예 아예 아예 아예
아예 아예 아예 아예 아예
왜 말 더듬는거야
무슨 말을 하는지 모르겠어 뭐야
순진한 척 말을 더듬더듬
새어 나오는 나쁜 버릇버릇
내 머리 어깨 무릎 발 무릎 발
예상이 가능하지 백프로 다
뭐 이렇게 질문이 많은 거야
네가 어린애야 뭐야
대체 네가 아는게 뭐야
당최 아는 게 없어 1도
필요함이 절실한 개인지도
이정도 해도 못알아듣어 너
혼좀 나야돼 나와 뒤로
오늘 내일 하지말고 서둘러서
다가와서 다가와서 너
아예 아예 아예 아예
이런식은 뻔해
이대론 불편해
자꾸 그런것만 물어보지마
원하는대로 해
나는 그게 편해
이 시간이 가버리기전에
아 직까지도 나에겐
얘기하지 못한 말들
아 아쉬워지기 전에
예 얘기해 나 지치기 전에
이젠 넌 내 옆으로 와
이런 시간 뻔해 이대론 불편해
자꾸 그런거만 물어보지마
원하는 대로해 나는 그게 편해
이 시간이 가버리기 전에 너
아예 아예 아예 아예 아예
아예 아예 아예 아예 아예
아예 아예 아예 아예 아예
아예 아예 아예 아예 아예",https://www.melon.com/song/detail.htm?songId=5660040
오늘부터 우리는 (Me Gustas Tu),여자친구 (GFRIEND),"널 향한 설레임을
오늘부터 우리는
꿈꾸며 기도하는
오늘부터 우리는
저 바람에 노을 빛
내 맘을 실어 보낼게
그리운 마음이 모여서 내리는
Me gustas tu gustas tu
su tu tu ru 좋아해요
gustas tu su tu ru ru
한 발짝 뒤에 섰던 우리는
언제쯤 센치해 질까요
서로 부끄러워서
아무 말도 못하는 너에게로
다가가고 싶은데
바람에 나풀거리는 꽃잎처럼
미래는 알 수가 없잖아
이제는 용기 내서 고백할게요
하나보단 둘이서
서로를 느껴 봐요
내 마음 모아서
너에게 전하고 싶어
설레임을 오늘부터 우리는
꿈꾸며 기도하는
오늘부터 우리는
저 바람에 노을 빛
내 맘을 실어 보낼게
그리운 마음이 모여서 내리는
Me gustas tu gustas tu
su tu tu ru 좋아해요
gustas tu su tu ru ru
한 걸음 앞에 서서
두 손을 놓지 말기로 약속해요
소중해질 기억을
꼭 꼭 담아 둘게요
지금보다 더 아껴 주세요
달빛에 아른거리는 구름처럼
아쉬운 시간만 가는데
이제는 용기 내서 고백할게요
둘 보단 하나 되어
서로를 느껴 봐요
내 마음 모아서
너에게 전하고 싶어
설레임을 오늘부터 우리는
꿈꾸며 기도하는
오늘부터 우리는
저 바람에 노을 빛
내 맘을 실어 보낼게
그리운 마음이 모여서 내리는
감싸 줄게요 그대
언제까지나
언제까지나
사랑이란 말 안 해도
느낄 수 있어요
고마운 마음을 모아서
널 향한 설레임을
오늘부터 우리는
꿈꾸며 기도하는
오늘부터 우리는
저 바람에 노을 빛
내 맘을 실어 보낼게
그리운 마음이 모여서 내리는
Me gustas tu gustas tu
su tu tu ru 좋아해요
gustas tu su tu ru ru",https://www.melon.com/song/detail.htm?songId=5791706
화 (Feat. 진실 Of Mad Soul Child) (Fire),매드클라운,"화 (Feat. 진실 Of Mad Soul Child) (Fire)

Trouble Trouble Our destiny
누가 더 아파 누가 더 사랑해
내게 미친 널 보고 있으면
난 웃지 이렇게 웃지
들어봐 uh
바로 어제 3년 약정한 핸드폰
정신차리니 박살 나있고
바닥엔 할부 안 끝난 모니터
눈 앞에 넌 계속 악쓰고 있고 uh
젠장 뭐 답도 없지
내가 널 밀치면 니가 날 밀쳐
서로 씩씩거리면서
더럽게 질척이는데
나 완전 미쳐
헤어지고 싶은 눈친데
날 시키지 말고
니가 직접 말하시던가
어찌됐든 나쁜 쪽 되기 싫다 이건데
알아서 그럼 꺼지시던가
어 그래 잘가 잘 지내
니가 어디 어떻게
잘 사나 두고볼건데 나
널 너무 사랑해서
딱 한마디만 할게
너랑 꼭 똑같은 사람 만나
쓰레기 새꺄
Trouble Trouble Our destiny
누가 더 아파 누가 더 사랑해
내게 미친 널 보고 있으면
난 웃지 이렇게 웃지
라리라라라 라리라라라
내가 미친 건지 니가 미친 건지
미친 너를 못 떠난 내가 미친거지
라리라라라 라리라라라
날 놓지마 날 갖지마
사랑했던 건 진심 넌 내 맘에 별
근데 별은 별인데 서울에 별
밤만 되면 아주 그냥 보이질 않어
내 속타서 그냥 보이질 않어
반짝 별님 어딜 가셨나
땅 속에 꺼졌나 했더니
진짜 땅 속이데
참 신명나보여
클럽에서 아주 그냥
흥에 겨워 번쩍번쩍 빛나데
니가 뭐 그리 잘났어
날 감정이 없는 사람 취급하고
또 그게 당연하다는 듯 굴어 huh
넌 알긴 할까 나도 사람이란 걸
찌르면 아파 간지럽히면 웃어
화를 낼 줄도 알고 슬프면 울어
엮였어 진심 더럽게 엮였어
답이 있을 리 있나 없지
Trouble Trouble Our destiny
누가 더 아파 누가 더 사랑해
내게 미친 널 보고 있으면
난 웃지 이렇게 웃지
넌 망가질수록 더 내가 필요해
니 속을 헤고 또 헤고 또 해도
널 진짜 모르겠어 못해먹겠다고
넌 나의 곁에서 가장 행복해
외로움보단 괴로움을 택해
겪을 만큼 겪었어
난 더는 볼 일없어
너와 나 사이 일없어
마지막 그 말 후회할 텐데
야 됐고 볼장 다 봤고
넌 그냥 머리꼭지부터
발끝까지 최악
별 같은 소리하고 앉았네 불꺼
그만 난 자러 갈래 수고
Hurt me Love me Our destiny
마음껏 욕해 하지만 가지마
Hurt me Love me
But don't you say goodbye
이렇게 비틀대지만
라리라라라 라리라라라
내 말 끝엔 또 칼 끝이
라리라라라 라리라라라
니 손 끝엔 또 눈물이
내가 미친 건지 니가 미친 건지
미친 너를 못 떠난 내가 미친거지",https://www.melon.com/song/detail.htm?songId=5531227
I (Feat. 버벌진트),태연 (TAEYEON),"빛을 쏟는 Sky
그 아래 선 아이 I
꿈꾸듯이 Fly
My Life is a Beauty
어디서 많이 들어본 이야기
미운 오리와 백조
또 날기 전의 나비
사람들은 몰라
너의 날개를 못 봐
네가 만난 세계라는 건
잔인할지도 몰라
But strong girl
you know you were born to fly
네가 흘린 눈물
네가 느낀 고통은 다
더 높이 날아오를 날을 위한
준비일 뿐 Butterfly
Everybody's gonna see it soon
빛을 쏟는 Sky
그 아래 선 아이 I
꿈꾸듯이 Fly
My Life is a Beauty
잊었던 꿈 내 맘 또 그려내
움츠렸던 시간
모두 모아 다 삼켜내
작은 기억 하나 둘씩 날 깨워가
세상 가득 채울 만큼
나를 펼쳐가
길고 긴 밤을 지나
다시 Trip 길을 떠나볼래
Why not
이 세상에 내 맘을
깨워 주는 한마디
혼자였던 Yesterday
셀 수 없는 시선에
떨어지는 눈물로
하루를 또 견디고
아슬했던 Yesterday
쏟아지던 말들에
흔들리는 나를 또 감싸고
빛을 쏟는 Sky
그 아래 선 아이 I
꿈꾸듯이 Fly
My Life is a Beauty
My Life is a Beauty
꽃잎은 저물고
힘겨웠던 난
작은 빛을 따라서
아득했던 날
저 멀리 보내고
찬란하게 날아가
빛을 쏟는 Sky
새로워진 Eyes
새로워진 Eyes
저 멀리로 Fly
Fly High Fly High
난 나만의 Beauty
눈 감은 순간
시간은 멈춰가
난 다시 떠올라",https://www.melon.com/song/detail.htm?songId=7877917
IF YOU,BIGBANG (빅뱅),"그녀가 떠나가요
나는 아무것도 할 수 없어요
사랑이 떠나가요
나는 바보처럼 멍하니 서 있네요
멀어지는 그 뒷모습만을 바라보다
작은 점이 되어 사라진다
시간이 지나면 또 무뎌질까
옛 생각이 나
니 생각이 나
IF YOU
IF YOU
아직 너무 늦지 않았다면
우리 다시 돌아갈 수는 없을까
IF YOU
IF YOU
너도 나와 같이 힘들다면
우리 조금 쉽게 갈 수는 없을까
있을 때 잘할 걸 그랬어
그대는 어떤가요
정말 아무렇지 않은 건가요
이별이 지나봐요
그댈 잊어야 하지만 쉽지가 않네요
멀어지는 그 뒷모습만을 바라보다
작은 점이 되어 사라진다
누군갈 만나면 위로가 될까
옛 생각이 나
니 생각이 나
IF YOU
IF YOU
아직 너무 늦지 않았다면
우리 다시 돌아갈 수는 없을까
IF YOU
IF YOU
너도 나와 같이 힘들다면
우리 조금 쉽게 갈 수는 없을까
있을 때 잘할 걸 그랬어
오늘같이 가녀린 비가 내리는 날이면
너의 그림자가 떠오르고
서랍 속에 몰래 넣어둔
우리의 추억을
다시 꺼내 홀로 회상하고
헤어짐이란 슬픔의 무게를
난 왜 몰랐을까
IF YOU
IF YOU
IF YOU
IF YOU
아직 너무 늦지 않았다면
우리 다시 돌아갈 수는 없을까
IF YOU
IF YOU
IF YOU
IF YOU
너도 나와 같이 힘들다면
우리 조금 쉽게 갈 수는 없을까
있을 때 잘할 걸 그랬어",https://www.melon.com/song/detail.htm?songId=5760115
바람이나 좀 쐐 (Feat. 우혜미),개리,"나가서 바람이나 좀 쐐
아무도 찾지 않는 곳에
조금 슬퍼 보이면 어때
너만 그런 게 아닐 텐데
때로는 lonely lonely lonely
때로는 lonely lonely lonely
나가서 바람이나 좀 쐐
아무도 찾지 않는 곳에
너와 헤어지고 난 후에 한번에 관계
역시 넌 최고였어
사랑을 할 땐 감동밖에
누가 널 만나게 될진 모르겠지만
그 자식 운이 텄네
그래 슬픈 생각보단
오히려 이렇게 쿨한게 편해
열 편의 영화 열 번의 취함
열 명의 위로와 열 번의 낮과 밤
그걸로 충분하면 좋겠어
지금 이 힘든 이별을 견디는 시간
많은 일들과 작은 웃음들
억지로 만들어가며 적응하는 중
좋은 것만 생각해
그래야 좀 맘이 편해
어차피 사랑도 세월 따라 다 변해
추억 같은 노래
그래 어쩌면 지금 내게 필요한 건
힘이 들 때마다
네가 항상 웃으면서 내게 했던 그 말
나가서 바람이나 좀 쐐
아무도 찾지 않는 곳에
조금 슬퍼 보이면 어때
너만 그런 게 아닐 텐데
때로는 lonely lonely lonely
때로는 lonely lonely lonely
나가서 바람이나 좀 쐐
아무도 찾지 않는 곳에
사랑은 가고
난 그냥 또 혼자 사는 남자
라면 물 맞추기 선수
가끔씩은 혼잣말하며
외로운 소파와 함께 살아
잠이 들기 전엔 TV 드라마 혹은 영화
네가 없이도 시간은 잘도 흘러가고
너의 연락 없는 전화는 그냥 꺼놔
아마 내일도 그러겠지만
알게 뭐야 끝난 거야
이미 우리 사랑은 죽었고
이별은 춥고 가슴 아픈 평화
또 때로는 무서운 밤의
긴 침묵 같은 거야
이별이 그런 거지 뭐
멀쩡하다가도 울컥하는
실컷 미워하다가 눈물 참는 거
밤이 되면 높은 빌딩
깜박거리는 빨간 불빛
그처럼 네가 떠올라 더 지쳐가는 거
이별은 그런 거야 이별은 그런 거야
멀쩡하다가도 울컥 하는 거
이별은 그런 거야 이별은 그런 거야
실컷 미워하다가도 눈물 참는 거
나가서 바람이나 좀 쐐
아무도 찾지 않는 곳에
조금 슬퍼 보이면 어때
너만 그런 게 아닐 텐데
때로는 lonely lonely lonely
때로는 lonely lonely lonely
나가서 바람이나 좀 쐐
이제는 내가 없는 곳에
나가서 바람이나 좀 쐐
조금 슬퍼 보이면 어때
나가서 바람이나 좀 쐐
조금 슬퍼 보이면 어때",https://www.melon.com/song/detail.htm?songId=7858908
맙소사,"황태지 (황광희, 태양, 지드래곤)","Give Me That Drop That
Give Me That
맙소사
I Love It Love It Love It
맙소사
You Love It Love It Love It
Yeah I'm Ready
맙소사
Since 88 태어날 때부터
Everyday가 우린 Birthday
I Go Hard 신이 날 땐
아무도 날 심판하지 못해 절대
양 옆 앞 뒤 다 줄 맞춰
내가 지휘할 테니까
교양 없이 듣는 예능 Symphony
오늘은 토요일
무한대를 그려봐 Let's Go
Boom Boom Boom
무슨 말이 필요해
Shut Up And
Drop Drop Drop The Bass
Drop Drop Drop The Bass
쿵쿵쿵 내 심장을 뛰게 해 더 크게
That that Boom bo boom
That that Boom bo boom
조금 더 조금 더 위로
지금 나를 저 하늘 위로
조금 더 조금 더 위로
맙소사
I Love It Love It Love It
맙소사
You Love It Love It Love It
맙소사
우린 88 세 친구 궁합은
찹쌀떡과 메밀묵
Yeah 팔팔해 Like 이팔청춘 팔색조
또는 팔방미남들
신토불이 불이 얼쑤
Shake That Booty Booty 좋다
Everybody Say 황태지
우리가 누구 황태지
이리와 우리와 노래 하자 맙소사
광희와 지용이 영배
오구오구오구 Whoo
Boom Boom Boom
무슨 말이 필요해
Shut Up And
Drop Drop Drop The Bass
Drop Drop Drop The Bass
쿵쿵쿵 내 심장을 뛰게 해 더 크게
That that Boom bo boom
That that Boom bo boom
조금 더 조금 더 위로
지금 나를 저 하늘 위로
조금 더 조금 더 위로
맙소사
Let's Go 여기 있는 사람 모두 위로
흔들어봐 두 손 머리 위로
I Go 어머님 맙소사 맙소사
DJ Let The Bass Drum Go
여기 있는 사람 모두 위로
흔들어봐 두 손 머리 위로
I Go 어머님 맙소사 맙소사
DJ Let The Bass Drum Go
Woo Let The Bass Drum Go
Woo Let The Bass Drum Go
Let The Bass Drum Go
Let The Bass Drum Go",https://www.melon.com/song/detail.htm?songId=5824839
19금 거북선 (Feat. 팔로알토),"Ja Mezz, Andup (앤덥), MINO (송민호)",,https://www.melon.com/song/detail.htm?songId=5804040
금요일에 만나요 (Feat. 장이정 Of HISTORY),아이유,"월요일엔 아마 바쁘지 않을까
화요일도 성급해 보이지 안 그래
수요일은 뭔가 어정쩡한 느낌
목요일은 그냥 내가 왠지 싫어
우 이번 주 금요일
우 금요일에 시간 어때요
주말까지 기다리긴 힘들어
시간아 달려라 시계를
더 보채고 싶지만
mind control
일분 일초가 달콤해
이 남자 도대체 뭐야
사랑에 빠지지 않곤 못 배기겠어
온 종일 내 맘은 저기
시계바늘 위에 올라타
한 칸씩 그대에게 더 가까이
우 이번 주 금요일
우 금요일에 시간 어때요
딱히 보고 싶은 영화는 없지만
딱히 먹고 싶은 메뉴는 없지만
주말까지 기다리긴 힘들어
시간아 달려라 시계를
더 보채고 싶지만
mind control
일분 일초가 달콤해
이 남자 도대체 뭐야
사랑에 빠지지 않곤
못 배기겠어
온 종일 내 맘은 저기
시계바늘 위에 올라타
한 칸씩 그대에게 더 가까이
나 뭔가에 홀린 것 같아
이 여잔 도대체 뭐야
사랑해주지 않고는 못 배기겠어
돌아오는 이번 주
금요일에 만나요
그 날 내 맘을 더 가져가줘요
더 가까이 더 가까이 와요
더 가까이",https://www.melon.com/song/detail.htm?songId=4369827
우리 사랑하지 말아요,BIGBANG (빅뱅),"우리 사랑하지 말아요
아직은 잘 모르잖아요
사실 조금은 두려운 거야
그대 미안해요
우리 약속하지 말아요
내일은 또 모르잖아요
하지만 이 말 만은 진심이야
그대 좋아해요
아무것도 묻지 말아요
대답할 수 없어요
지금 이렇게 둘이 행복한데 왜
날 가지려 하지 말아요
그저 이대로 조금만 있어요
갈수록 더 마음 아파지게 왜
잦은 만남 뒤엔 이별
계속 반복되는 실연
더는 의미를 찾을 수 없어
어리석은 미련
사랑의 탈을 쓴 mistake
느끼는 감정은 다 비슷해
하지만 이 순간만큼은
I want you to stay
우리 사랑하지 말아요
아직은 잘 모르잖아요
사실 조금은 두려운 거야
그대 미안해요
우리 약속하지 말아요
내일은 또 모르잖아요
하지만 이 말 만은 진심이야
그대 좋아해요
나를 보며 웃지 말아요
정들면 슬퍼져요
예쁜 그 미소가 눈물이 될까 봐
사랑이란 두 글자 속에
우릴 가두려고 하지 말아요
채우지 못할 욕심이니까
처음엔 설렘을 안고
반은 고민을 안고
끝엔 서로 의리로나마 지내
시행착오
난 하루하루가 불안해
네 그 순수함이 부담돼
하지만 오늘 밤만큼은
I want you to stay
내게 너무 많은 걸 바라지마
나도 그댈 잃고 싶진 않아
깊어지기 전에 상처 입기 전에
날 믿지 말아요
넌 항상 그래
이기적인 새끼
우리 사랑하지 말아요
아직은 잘 모르잖아요
사실 조금은 두려운 거야
그대 미안해요
우리 약속하지 말아요
내일은 또 모르잖아요
하지만 이 말 만은 진심이야
그대 좋아해요",https://www.melon.com/song/detail.htm?songId=5807274
오빠차,"인크레더블, Tablo, 지누션","오빠 차 뽑았다 널 데리러 가
Baby Let's ride Hey
빨리 나와 Skkkkkrt
어서 타 달리자 어디든 괜찮아
Baby Let's ride
Let's do it All night
질리도록 말했잖아
돈 벌어서 데리러간다고
넌 그냥 몸만 오면 돼
쥐뿔 하나 없어도
날 믿어주던 사람들에게
확실히 보답해
Brake 없이 Accelerator
말년휴가처럼 달려가 제대로
신발대신 이젠 바퀴
멈출 생각 없어
아우토반이 된 앞길
풀릴 일 없게
꽉 조여 매 안전벨트
걱정 마 너 말곤
아무도 안태워 내 옆엔
아까워 우리 나이가
좀 빨라도 겁내지마
가끔 속도위반 일탈
오빠 차 뽑았다 널 데리러 가
Baby Let's ride Hey
빨리 나와 Skkkkkrt
어서 타 달리자 어디든 괜찮아
Baby Let's ride
Let's do it All night
다 태워 먼저 부모님 또
뒷바라지해준 여자친구
절대 아냐 허세나 생색
내 차엔 없거든 Airback
돈 번 다는 말은 진짜
종이 쪼가리 몇 장을
바라는 게 아냐
알아서 따라올 걸 알아
이젠 사치가 된 부모님의 걱정
한낱 소원 같은 게 아니었어
I love my car my ride
네 바퀴 달린 왕좌
U know U want it baby
Shotgun it baby
Strap on your seatbelt
Let's ride
I love my car my ride
네 바퀴 달린 천사
Zero to one hunnit baby
We runnin crazy
Let's make some noise
오빠 차 뽑았다 널 데리러 가
Baby Let's ride Hey
빨리 나와 Skkkkkrt
어서 타 달리자 어디든 괜찮아
Baby Let's ride Hey
Let's do it All night
운전면허 딴 적은 없어도
아끼고 안 쓰고 벌어
그 당시 전 재산 털어
십년은 넘은
아빠차를 바꿔드렸어
한 달 뒤에 주차장에 세워져
먼지 덮인 걸 보고 화냈지
아빠는 말했지 내 아들의 첫차
아까워서 어떻게 타겠니
For real
오빠 차 뽑았다 널 데리러 가
Baby Let's ride Hey
빨리 나와 Skkkkkrt
어서 타 달리자 어디든 괜찮아
Baby Let's ride
Hey
오빠 차 뽑았다 널 데리러 가
Baby Let's ride Hey
빨리 나와 Skkkkkrt
어서 타 달리자 어디든 괜찮아
Baby Let's ride
Let's do it All night",https://www.melon.com/song/detail.htm?songId=5818522
Oasis (Feat. ZICO),Crush,"난 널
you
목말라해 너무 더워
물이 필요해 Hot in here
난 웅덩이 깊이 파인 곳을 찾아 다녀
달콤하게 날 더 바라봐줘
넌 훌륭해
이 메마른 땅을
정글로 만들고 난 모험하고 또 탐험
You know how we do it
we just do it
All you ladies hands in the air
All my ladies hands up in the air
그녀는 그녀는 날 미치게 해
그녀는 날 숨쉬게 해
Yeah
O A She's mine O A She's mine
O A She's mine Yeah She's mine
All you ladies hands in the air
All my ladies hands up in the air
그녀는 그녀는 날 미치게 해
그녀는 날 숨쉬게 해
Get closer to my body
천국에다가 데려다 줄게
body to body
넌 낮이 밤이 될 때까지
waterfall
그 속에서 난 헤엄치고 싶어
You know how we do it we just do it
All you ladies hands in the air
All my ladies hands up in the air
그녀는 그녀는 날 미치게 해
그녀는 날 숨쉬게 해
Yeah
O A She's mine O A She's mine
O A She's mine Yeah She's mine
All you ladies hands in the air
All my ladies hands up in the air
그녀는 그녀는 날 미치게 해
그녀는 날 숨쉬게 해
넌 남자들 욕망에
갈증 나게 하면서
어째서 주위 여자들은 물 맥여
때마침 넌 제대로 된
상대를 만났어
난 태연하게 제안하지 술 대결
결관 KO
고양이한테 생선을 맡긴 거야
늘 첫 경험하는 자세
앞뒤를 몰라
감탄사대신 엄지 척 다리 사이로
난 광주출신 아니지만 전라도 환영
넌 겨울 해 밤도 안됐는데
자꾸만 지려해 baby oh
쪽쪽 물고 뜯고
맛보고 즐겨 악 질러대
하고 싶죠 하고 있는데도
하고 싶을 거야
그럴 땐 이걸 꺼내먹어
You Know What
지구부터 달까지 로켓을 쏘아
All you ladies hands in the air
All my ladies hands up in the air
그녀는 그녀는 날 미치게 해
그녀는
O A She's mine
O A She's mine
O A She's mine",https://www.melon.com/song/detail.htm?songId=5771304
또 운다 또,다비치,"또 운다 또 울지 말라니까
내 말 좀 들어라 터진 눈물아
약한 마음아 상처 난 가슴아
나는 정말 울기 싫단다
또 운다 또 울지 말라니까
제발 그 앞에서 울지마
무슨 말만 하면 울잖아
헤어지잔 말 한 마디에
아무 말도 못하면서
사랑한다고 사랑한다고
말도 못하면서
뚝 그만 울라니까
가 제발 가 오지 말라니까
내 말 좀 들어라 나쁜 이별아
하고 싶은 말 얼마나 많은데
나는 아직 사랑하는데
가 제발 가 그는 남겨두고
제발 그 앞에서 울지마
무슨 말만 하면 울잖아
헤어지잔 말 한 마디에
아무 말도 못하면서
사랑한다고 사랑한다고
말도 못하면서
뚝 그만 울라니까
눈물 뒤로 사랑이 숨어서
그가 날 못 보잖아
그만 그만 하라니까
제발 그 앞에서 울지마
제발 그만 울고 붙잡아
그를 이별에 뺏기지마
마음속에 갇힌 그 말을
밖으로 꺼내란 말이야
사랑한다고 말하란 말이야
지금이 아니면
제발 그만해 눈물아",https://www.melon.com/song/detail.htm?songId=5555751
LOVE ME RIGHT,EXO,"Oh Yeah C’mon
Take your time
왠지 두근대는 밤이야
Na Na Na Na
Na Na Na Na
So tonight
달 끝까지 달려가볼까
Yea Yea Yea Yea
Yea Yea Yea Yea
Just right
시동을 걸어 엑셀에 발을 올려
모든 것이 특별해
너와는 잘 어울려
무엇을 원하던
Imma make it work Yeah
Shawty
Imma party till the sun down
지금 이 신비로운 느낌은 뭘까
와줘 내게로 어서
Before the sun rise
네가 없는 난 어딜 가도 Nobody
Yeah 오
도로 위에 여긴 runway
날 바라보는 눈 속 milky way
Just love me right 아하
Baby love me right 아하
오 내게로 와 망설이지마
넌 매혹적인 나의 universe
Just love me right 아하
내 우주는 전부 너야
Just love me right
Just love me right
Just love me right
내 우주는 전부 너야
Shine a light
별빛 속을 달려 은하술 건너
Na Na Na Na
멈출 순 없어 오예
우릴 비추는 달빛은 여전하지
네 궤도 안 헤매고 있어 난 아직
I can do this all night long baby
네가 없는 난 어딜 가도
반쪽짜리니까
달빛 찬란한 밤 펼쳐진
별들의 불꽃놀이
좀 더 높이 날아가볼까 날아가볼까
가슴 터질듯한 이 순간
우리 둘만 떠올라
발 밑에 지구를 두고 love me right
도로 위에 여긴 runway
날 바라보는 눈 속 milky way
Just love me right 아하
Baby love me right 아하
So come on baby 눈이 부시게
더 아름다운 너의 universe
아름다운 lady
Just love me right 아하
내 우주는 전부 너야 오
Just love me right
Just love me right
Can you love me right
Just love me right
I just wanna make you love me
내 우주는 전부 너야
수 없는 밤이 찾아와도
내 하늘엔 오직 너만 빛나 Woo Yeah
속삭여줘 내게만
밤하늘을 너와 내가
물들여가
도로 위에 여긴 runway
날 바라보는 눈 속 milky way
Just love me right 아하
Baby love me right 아하
오 내게로 와 망설이지마
넌 매혹적인 나의 universe
Just love me right 아하
내 우주는 전부 너야
Just love me right Oh oh oh yeah
Just love me right
Just love me right 우리만의 시간
내 우주는 전부 너야
Just love me right
Just love me right
Just love me right
I just wanna make you love me
Yea Woo You got to love
Yea You got to love me
Yea
내 우주는 전부 너야
Yea You love me
Yea You love me
Yea
내 우주는 전부 너야",https://www.melon.com/song/detail.htm?songId=5721440
어깨,"소유 (SOYOU), 권정열","잘 알죠 모든 게
내 맘 같지 않을 때
아무리 뒤척여도
잠은 오지를 않고
전화 속 사람들
이렇게나 많은데
연락할 누구도 곁에 없을 때
혼자만 있고 싶어도
사실 외로울 때
웃어볼 기운도 없을 때가 있죠
할 일은 쌓여서
산더미에 줄어들질 않고
자꾸 한숨만 나올 땐
기대도 돼 기대도 돼요 내게
with you you
언제든
내게 기대 쉬어도 돼요 그대
with you you
다 이해해
유난히 하루가 길게만 느껴질 때
집으로 가는 길 괜히 멀기만 하고
하고픈 이야기 정말 많았었는데
쓴 웃음 지으며 참아버렸죠
누가 툭 건드리기만 하면
금방이라도
울음이 터질 것 같을 때가 있죠
언젠간 괜찮아 질 거라고
애써 생각해도
자꾸 한숨만 나올 땐
기대도 돼 기대도 돼요 내게
with you you
언제든
내게 기대 쉬어도 돼요 그대
with you you
다 이해해
나만 이런건지
혼자 힘든건지
I know I know
잘 하고 있단 걸
그렇게 속으로만
안고있지 말고
you know you know
내가 곁에 있단 걸
기대도 돼 기대도 돼요 내게
with you you
언제든
내게 기대 쉬어도 돼요 그대
with you you
다 이해해
다 이해해
다 이해해
다 이해해",https://www.melon.com/song/detail.htm?songId=7858989
LUV,Apink (에이핑크),"기억하나요 우리 함께 했던 시간
L O V E LUV
설레이나요 한 땐 모든 것이었던
L O V E LUV
이제는 가끔 생각나는 그때
L O V E LUV
시간을 되돌릴 수는 없나요
믿을 수가 없어
한참 지나버린 우리 얘기
MY LOVE
유난히 지치고 길었었던 하루에
MY LOVE
내 편은 하나도 없죠
L O V E LUV
잠시라도 누군가에게
기대어서 울고 싶죠 Yeah
너와 나 두렵지가 않던 그 시간
서로 손을 잡을 때면 Yeah
너 하나 너만 내 옆에 있어주면
아무것도 필요 없던 그날을
기억하나요 우리 함께 했던 시간
L O V E LUV
설레이나요 한 땐 모든 것이었던
L O V E LUV
이제는 가끔 생각나는 그때
L O V E LUV
시간을 되돌릴 수는 없나요
믿을 수가 없어
한참 지나버린 우리 얘기
MY LOVE
수없이 마주치는 사람들 속에서
MY LOVE
점점 잊혀져 가겠죠
L O V E LUV
그래도 가끔 그때 생각엔
여전히 웃음만 나죠 Yeah
너와 나 너무 행복했던 그 시간
서로를 마주 볼 때면 Yeah
너 하나 너만 나를 믿어 준다면
세상 가장 힘이 됐던 그대가 날
기억하나요 우리 함께 했던 시간
L O V E LUV
설레이나요 한 땐 모든 것이었던
L O V E LUV
이제는 가끔 생각나는 그때
L O V E LUV
시간을 되돌릴 수는 없나요
믿을 수가 없어
한참 지나버린 우리 얘기
넌 날 그리워하나요
넌 날 그리워하나요
난 널 그리워하고 있죠
넌 나의 기억 속에 추억
어딘가 그렇게 남아있죠
기억하나요 우리 함께 했던 시간
L O V E LUV
설레이나요 한 땐 모든 것이었던
L O V E LUV
이제는 가끔 생각나는 그때
L O V E LUV
시간을 되돌릴 수는 없나요
믿을 수가 없어
한참 지나버린 우리 얘기",https://www.melon.com/song/detail.htm?songId=5473905
바라보기,엠씨더맥스 (M.C the MAX),"마음이 알고 가
낯선 길인데도
니 숨결이 머문 자리는
너무 그립다
그립다 못해 아프다
누군가를 두 눈에 담았을 뿐인데
눈물이
그댄 내 삶의 이유 입니다
겁 없는 사랑이라서
사랑이 아픔을 앞서 나가서
바라보는 일이 내 전부래도
버릴 수 없는 그대 입니다
어제도 그래 오늘도 반쯤
날 미치게 망가트려놓고
아무리 애써봐도
지워지지 않을 그리움
나를 사랑하지 않아도
거칠 것이 없는 나라서
이 사랑에 모든 걸 내던집니다
끝이 결코 행복하지 않아도
내 가슴이 가는 데로 따라 걷는다
그댄 내가 사는 이유입니다
바라보는 일이 내 전부래도
손 놓지 못할 사랑입니다",https://www.melon.com/song/detail.htm?songId=5482064
사랑 범벅 (Feat. 챈슬러 of the channels),MC몽,"머리카락 상태는 엉망
흐트러진 장발로 방치
수염은 덥수룩 미룰 만도 됐거든
이제는 어머니도
내게 발을 뺐거든
Loser 냄새가 풍길 쯤
찾아온 그녀의 온기
우리 집은 열대처럼 뜨끈뜨끈해
20대처럼 화끈 화끈해
홀딱 벗은 듯 다 들킨듯하게
심장은 꿀꺽 삼킨
그대 눈빛이 주는 나의 확신
그리고 변해가는 2차 변신 Ho
쓸고 닦고 폼 나게 가꿔
좀비 같던 내가 대어를 낚아
하룻밤 지나고 봄이 왔다 쳐요
날 공짜로 얻었다고 쳐요
네 매력에 져 못 견디겠어
어쩌면 난 네 안에
이미 갇혀 있으니
나를 가둬줘 있게만 해줘
특별 소스로 왕창 발라줘
Cover me up
사랑 범벅 영원한 깜보
Cover me up
차가운 그녀가 날 바라봐
you say no
still I find me running back to you
도망가지 못해 난 꼭 너여야 해
Oh you are the one and
I long for you
범벅 사랑을 묻혀줘 잔뜩
Luv luv I can give you ma luv
I say
범벅 웃음을 섞어줘 잔뜩
Luv luv I can give you ma luv
젓가락질은 못해도
난 사랑은 더 잘 비벼 Ha ha
뜨거우니까 조심해
네 입김으로 날 식혀 Ha ha
맥주를 한 두 캔 따서 마시고
네 눈빛도 입술도 야해 보이고
Hey 아가씨 웃어봐
오 너무 취했어 Oh
네 매력에 져 못 견디겠어
어쩌면 난 네 안에
이미 갇혀 있으니
나를 가둬줘 있게만 해줘
특별소스로 왕창 발라줘
Cover me up
사랑 범벅 영원한 깜보
Cover me up
차가운 그녀가 날 바라봐
you say no
still I find me running back to you
도망가지 못해 난 꼭 너여야 해
Oh you are the one and
I long for you
범벅 사랑을 묻혀줘 잔뜩
사랑을 묻혀줘
Luv luv I can give you ma luv
I say
범벅 웃음을 섞어줘 잔뜩
Luv luv I can give you ma luv
살을 빼는 건 바라지도 않아
클럽에서 노는 것도 다 알아
하룻밤 지나면 봄이 오듯이
나에게만 따뜻하게 안아
살을 빼는 건 바라지도 않아
클럽에서 노는 것도 다 알아
하룻밤 지나면 봄이 오듯이
나에게만 따뜻하게 안아 안아
차가운 그녀가 날 바라봐
멋대로 남의 맘을 삼켜 버린 너
도망가지 못해 난 꼭 너여야 해
Oh you are the one and
I long for you
Hey 아가씨 웃어봐
오 너무 달콤해
Hey 아가씨 웃어봐
오 너무 깔끔해
Hey 아가씨 웃어봐
오 너무 달콤해
Hey 아가씨 웃어봐
오 너무 깔끔해 깔끔해",https://www.melon.com/song/detail.htm?songId=5610343
광화문에서 (At Gwanghwamun),규현 (KYUHYUN),"넌 어땠는지 아직 여름이 남아
왠지 난 조금 지쳤던 하루
광화문 가로수 은행잎 물들 때
그제야 고갤 들었었나 봐
눈이 부시게 반짝이던 우리 둘은
이미 남이 되었잖아
네 품 안에서 세상이 내 것이었던
철없던 시절은 안녕
오늘 바보처럼 그 자리에 서 있는
거야
비가 내리면 흠뻑 젖으며
오지 않는 너를 기다려
나는 행복했어
그 손 잡고 걷던 기억에 또 뒤돌아
봐
네가 서 있을까 봐
난 모르겠어 세상 살아가는 게
늘 다른 누굴 찾는 일 인지
커피 향 가득한 이 길 찾아오며
그제야 조금 웃었던 나야
처음이었어 그토록 날 떨리게 한
사람은 너 뿐이잖아
누구보다 더 사랑스럽던 네가 왜
내게서 떠나갔는지
오늘 바보처럼 그 자리에 서 있는
거야
비가 내리면 흠뻑 젖으며
오지 않는 너를 기다려
나는 행복했어
그 손 잡고 걷던 기억에 또 뒤돌아
봐
네가 서 있을까 봐
그 자리에서 매일 알아가
조금씩 변해가는 내 모습은
먼 훗날엔 그저 웃어줘
난 행복해
오늘 여긴 그 때처럼 아름다우니
괜히 바보처럼 이 자리에 서 있는
거야
비가 내리면 흠뻑 젖으며
오지 않는 너를 기다려
나는 행복했어
광화문 이 길을 다시 한번 뒤돌아 봐
네가 서 있을까 봐",https://www.melon.com/song/detail.htm?songId=5458267
19금 My Type (Prod. By 버벌진트),"제시 (Jessi), 치타 (CHEETAH), 강남",,https://www.melon.com/song/detail.htm?songId=5592623
