title,link_url,text
멀홀랜드 드라이브,https://ko.wikipedia.org/wiki/%EB%A9%80%ED%99%80%EB%9E%9C%EB%93%9C_%EB%93%9C%EB%9D%BC%EC%9D%B4%EB%B8%8C,"산타모니카에 이르는 도로 ‘멀홀랜드 드라이브’에서 어느 날 밤 차 사고가 발생한다. 사고에서 가까스로 살아난 리타(로라 해링 분)는 기억상실증에 걸린 채 근처의 한 빌라에 숨어 들어간다. 한편, 헐리웃 스타의 꿈을 안고 LA에 도착한 베티(나오미 왓츠 분)는 이모의 집을 방문하고 그곳에 숨어있는 리타를 발견한다. 베티는 자신의 미래를 보장해 줄 아담 케셔 감독과의 만남도 제쳐두고 리타를 돕기 위해 그녀에게 유일하게 남은 기억의 단서 ‘다이안’이라는 인물을 찾아 나선다. 한 낮의 ‘윙키스’ 식당. 댄은 이곳에서 허브를 만나 자신이 꾼 악몽에 대해 이야기한다. 이 윙키스 식당에서 지금처럼 그들은 함께 있었고 공포에 떨고 있었다며 그 기분을 떨쳐내고 싶다고 말하는 댄. 그러나 댄은 이 현실이 악몽과 똑같이 진행되고 있음을 깨닫는다. 꿈에 등장했던 기괴한 한 남자. 댄과 허브는 그 남자를 마주하고 댄은 그 자리에서 숨을 거둔다. 명망있는 젊은 감독 아담 케셔(저스틴 테럭스 분)는 캐스티글리아니 형제로부터 신작에 카밀라 로즈라는 전혀 생소한 이름의 여배우를 주연으로 캐스팅하라는 압력을 받는다. 아담 케셔는 절대 받아들일 수 없다며 자리를 박차고 나와 집으로 가지만 그를 기다리는 것은 다른 남자와 누워있는 아내. 게다가 캐스티글리아니 형제로 인해 파산위기에 몰린 아담은 익명의 카우보이로부터 만나자는 제안을 받는다. 헐리웃 스타를 꿈꾸는 두 여배우 카밀라와 다이안. 그들은 사랑을 나누는 연인이다. 그러나 카밀라는 아담 케셔의 영화에 출연하면서 다이안에게 결별을 선언하고 아담 케셔와 연인관계를 이룬다. 카밀라의 배신은 사랑을 애증으로 뒤바꾸어 놓고 다이안은 점차 폐인 되어 간다. 결국 그녀는 한 킬러에게 카밀라를 없애달라는 의뢰를 하는데."
화양연화,https://ko.wikipedia.org/wiki/%ED%99%94%EC%96%91%EC%97%B0%ED%99%94,"가장 아름답고 찬란했던 시절 같은 날 같은 아파트로 이사 온 ‘첸 부인’과 ‘차우’. 이사 첫날부터 자주 마주치던 두 사람은 ‘차우’의 넥타이와 ‘첸 부인’의 가방이 각자 배우자의 것과 똑같음을 깨닫고 그들의 관계를 눈치챈다. 그 관계의 시작이 궁금해진 두 사람은 비밀스러운 만남을 이어가고 감정이 깊어지지 않기 위해 노력하지만, 서로에게 점점 빠져들기 시작한다. ""많은 일이 나도 모르게 시작되죠"""
데어 윌 비 블러드,https://ko.wikipedia.org/wiki/%EB%8D%B0%EC%96%B4_%EC%9C%8C_%EB%B9%84_%EB%B8%94%EB%9F%AC%EB%93%9C,"1898년 지독한 알콜 중독자에 부인도 없이 홀로 아들을 키우며 아무도 거들떠 보지 않는 황무지 사막 한가운데서 금을 캐는 무일푼 광부. 어느날 이곳에서 그는 석유 유전을 발굴하면서 일확천금의 행운을 누리게 된다. 야심찬 석유 개발과 함께 시작된 야망과 꿈은 어느새 탐욕과 폭력으로 바뀌게 되고, 쉴새 없이 샘솟는 석유와는 반대로 이들 사이에는 사랑과 존경, 희망, 믿음 등이 사라져만 가는데…"
센과 치히로의 행방불명,https://ko.wikipedia.org/wiki/%EC%84%BC%EA%B3%BC_%EC%B9%98%ED%9E%88%EB%A1%9C%EC%9D%98_%ED%96%89%EB%B0%A9%EB%B6%88%EB%AA%85,"금지된 세계의 문이 열렸다! 이사 가던 날, 수상한 터널을 지나자 인간에게는 금지된 신들의 세계로 오게 된 치히로.. 신들의 음식을 먹은 치히로의 부모님은 돼지로 변해버린다. “걱정마, 내가 꼭 구해줄게…” 겁에 질린 치히로에게 다가온 정체불명의 소년 하쿠. 그의 따뜻한 말에 힘을 얻은 치히로는 인간 세계로 돌아가기 위해 사상 초유의 미션을 시작하는데…"
보이후드,https://ko.wikipedia.org/wiki/%EB%B3%B4%EC%9D%B4%ED%9B%84%EB%93%9C_(%EC%98%81%ED%99%94),여섯 살 ‘메이슨 주니어’(엘라 콜트레인)와 그의 누나 ‘사만다’(로렐라이 링클레이터)는 싱글맘인 ‘올리비아’(패트리샤 아케이트)와 텍사스에 살고 있다. 아빠인 ‘메이슨 시니어’(에단 호크)는 일주일에 한 번씩 들러 ‘메이슨’과 ‘사만다’를 데리고 캠핑을 가거나 야구장에 데려 가며 친구처럼 놀아 주곤 하지만 함께 살 수는 없다. 게다가 엄마의 일 때문에 친구들과 헤어져 계속해서 낯선 도시로 이사를 다녀야 하는 메이슨은 외로운 나날을 보내며 점차 성장해가는데…….
이터널 선샤인,https://ko.wikipedia.org/wiki/%EC%9D%B4%ED%84%B0%EB%84%90_%EC%84%A0%EC%83%A4%EC%9D%B8,"조엘은 아픈 기억만을 지워준다는 라쿠나사를 찾아가 헤어진 연인 클레멘타인의 기억을 지우기로 결심한다. 기억이 사라져 갈수록 조엘은 사랑이 시작되던 순간, 행복한 기억들, 가슴 속에 각인된 추억들을 지우기 싫어지기만 하는데... 당신을 지우면 이 아픔도 사라질까요? 사랑은 그렇게 다시 기억된다."
트리 오브 라이프,https://ko.wikipedia.org/wiki/%ED%8A%B8%EB%A6%AC_%EC%98%A4%EB%B8%8C_%EB%9D%BC%EC%9D%B4%ED%94%84,"""아버지, 그 시절 당신이 미웠습니다"" 중년의 잘 나가는 건축가 잭(숀 펜 分). 그는 늘 같은 꿈을 꾸며 눈을 뜬다. 19살 때 죽은 어린 동생에 대한 기억. 오랜만에 아버지와 통화를 한 잭은 문득 어린 시절을 떠올린다. 미국 텍사스, 오브라이언(브래드 피트 分)과 아내(제시카 차스테인 分)는 세 아들과 함께 단란한 가정을 이룬다. 언제나 자애로운 사랑으로 아이들을 대하는 엄마와 달리 엄격하기만 한 아버지 오브라이언은 아이들에게 경외의 대상이자 두려움의 대상이다. 맏아들인 잭은 권위적인 아버지와 자꾸 부딪히게 되고 두 사람 사이엔 미움과 분노가 자리하게 되는데…"
하나 그리고 둘,https://ko.wikipedia.org/wiki/%ED%95%98%EB%82%98_%EA%B7%B8%EB%A6%AC%EA%B3%A0_%EB%91%98,8살 소년 양양은 아빠 NJ로부터 카메라를 선물 받는다 사람들이 보지 못하는 그들의 뒷모습을 찍는 양양 양양의 사진 속에는 사업이 위기에 빠진 시기에 30년 전 첫사랑을 다시 만나게 된 아빠 NJ 외할머니가 사고로 쓰러진 뒤 슬픔에 빠져 집을 떠나있게 된 엄마 민민 외할머니의 사고가 자신 때문이라고 생각하는 누나 팅팅 그리고 저마다의 삶을 살아가는 사람들이 있다 누구에게도 보여주지 않은 ‘진실의 절반’을 간직한 사람들의 이야기
씨민과 나데르의 별거,https://ko.wikipedia.org/wiki/%EC%94%A8%EB%AF%BC%EA%B3%BC_%EB%82%98%EB%8D%B0%EB%A5%B4%EC%9D%98_%EB%B3%84%EA%B1%B0,"이민 문제에 대한 의견 차이로 별거를 선택한 씨민과 나데르 부부. 씨민이 떠나자 나데르는 치매에 걸린 아버지를 돌보기 위해 간병인 라지에를 고용한다. 하지만 라지에가 잠시 집을 비운 사이, 아버지가 위험에 처하고 화가 난 나데르는 라지에를 해고해 버린다. 그리고 얼마 뒤, 라지에가 뱃속의 아이를 유산했다는 소식이 전해지고 나데르는 살인죄로 기소되기에 이르는데…. 과연 그날 이들에겐 무슨 일이 있었던 걸까?"
노인을 위한 나라는 없다,https://ko.wikipedia.org/wiki/%EB%85%B8%EC%9D%B8%EC%9D%84_%EC%9C%84%ED%95%9C_%EB%82%98%EB%9D%BC%EB%8A%94_%EC%97%86%EB%8B%A4_(%EC%98%81%ED%99%94),"총격전이 벌어진 끔찍한 현장에서 르웰린 모스(조슈 브롤린)는 우연히 이백만 달러가 들어있는 가방을 손에 넣는다. 그러나 이 가방을 찾는 또 다른 이가 있었으니 바로 살인마 안톤 시거(하비에르 바르뎀). 그리고 이들의 뒤를 쫓는 보안관 벨(토미 리 존스)까지 합세하면서 누구도 피할 수 없는, 목숨을 건 추격전이 시작된다."
인사이드 르윈,https://ko.wikipedia.org/wiki/%EC%9D%B8%EC%82%AC%EC%9D%B4%EB%93%9C_%EB%A5%B4%EC%9C%88,"뉴욕의 시린 겨울에 코트도 없이 기타 하나 달랑 매고 매일밤 지인들의 집을 전전하는 무일푼 뮤지션 르윈. 듀엣으로 노래하던 파트너는 자살을 하고, 솔로앨범은 팔리지 않은 채 먼지만 쌓여간다. 우연히 떠맡게 된 고양이 한 마리처럼 계속 간직하기에는 점점 버거워지는 그의 꿈을 포기해야 하는 지 고민하던 중, 유명 음악 프로듀서인 버드 그로스맨이 주최하는 오디션에 참여하기 위해 시카고를 향한 여정에 오르게 되는데..."
조디악,https://ko.wikipedia.org/wiki/%EC%A1%B0%EB%94%94%EC%95%85_(%EC%98%81%ED%99%94),"1969년 8월 1일, 샌프란시스코의 3대 신문사인 샌프란시스코 크로니클, 샌프란시스코 이그재미너, 발레호 타임즈 헤럴드 앞으로 한 통의 편지가 배달된다. “친애하는 편집장께, 살인자가 보내는 바요…”라는 문장으로 시작하는 이 편지에는 1968년 12월 20일 허만 호숫가에서 총에 맞아 살해된 연인, 1969년 7월 4일 블루 락 스프링스 골프코스에서 난사 당해 연인 중 남자만 살아남았던 사건이 자세하게 서술되어 있었다. 그가 편지에 적힌 단서들은 사건을 조사한 사람 혹은 범인만이 알 수 있는 사실이었다. 신문사의 업무는 일대 마비가 된다. 희대의 살인마 잭 더 리퍼 이후 언론에 편지를 보내 자신의 신원에 대한 단서를 던지며 경찰을 조롱하는 살인범은 처음이기 때문. 범인은 함께 동봉한 암호문을 신문에 공개하지 않으면 살인을 계속하겠다고 협박한다. 그리스어, 모스 부호, 날씨 기호, 알파벳, 해군 수신호, 점성술 기호 등 온갖 암호로 뒤범벅된 이 암호문을 풀기 위해 CIA와 FBI, NIA, 해군정보부, 국가안전보장국의 전문가들이 동원되지만 풀리지 않았다. 신문에 게재된 이후 어느 고등학교의 교사 부부가 암호를 풀어 범인에 대한 실마리를 제공한다. 이어 샌프란시스코 크로니클의 삽화가이자 암호광인 로버트 그레이스미스(제이크 질렌할)가 1932년에 만들어진 영화 <가장 위험한 게임(The Most Dangerous Game)>을 참조해 살인의 숨겨진 동기를 해독하게 된다. 경찰은 범인이 자신의 별명을 ‘조디악’이라고 밝히자 그를 ‘조디악 킬러’라고 명명하고 수사에 착수한다. 조디악 킬러의 편지와 협박이 이어지는 가운데, 1969년 9월 27일 나파 카운티에서 젊은 연인이 두건을 쓰고 총과 칼로 무장한 채 나타난 조디악 킬러에게 습격 당해 여자는 칼에 찔려 살해되고 남자는 죽음의 문턱에서 살아남는 사건이 발생한다. 한 달 후인 10월 11일, 프레시디오 하이츠 부근에서 택시운전사가 총에 맞아 사망하고 3일 후 조디악은 이 역시 자신의 짓이라며 택시운전사의 셔츠조각과 함께 다섯 번 째 편지를 보낸다. 그러나 그 편지는 이제껏 보낸 어떤 편지보다도 끔찍하고 섬뜩한 내용을 담고 있었다. 사건 당일 경찰이 자신을 검거할 수 있었을 뿐만 아니라, 다음에는 스쿨버스에서 내리는 학생들을 기다렸다가 죽이겠다는 것. 샌프란시스코는 말 그대로 공포에 싸인 도시로 변한다. 사건은 커져만 가고, 그레이스미스와 크로니클의 간판기자 폴 에이브리(로버트 다우니 주니어), 샌프란시스코 경찰청 강력계 경위 데이빗 토스키(마크 러팔로)와 윌리엄 암스트롱 경위(안소니 에드워즈)는 수사를 진행할수록 사건에 집착하게 된다. “…언제 살인을 할 것인지에 대해 더 이상 그 누구에게도 말하지 않겠다. 앞으로 저지를 살인은 단순강도나 우발적인 살해, 사고 등으로 보일 것이다. 너희들은 날 잡지 못한다. 난 너희보다 영리하니까…” -1969년 11월 9일, 조디악 킬러의 일곱 번째 편지- 하지만 조디악은 추적 망을 피해 더 많은 협박을 담은 편지를 통해 조롱을 퍼부으면서 언제나 한 발 앞서 있었다. 그리고 범인이 보낸 편지들은 그레이스미스, 에이브리, 토스키, 암스트롱, 네 명의 인생을 뒤집어 놓는다. 집요하게 조디악 킬러를 쫓던 그레이스미스의 결혼생활은 엉망이 되고 토스키는 자작극의 루머까지 뒤집어 쓰며 불명예를 당한다. 암스트롱은 좌절한 채 수사를 포기하고 에이브리는 약물중독으로 폐인이 되어 신문사를 떠났다. 조디악은 더 이상 공격 대상을 밝히지 않았다. 모방범죄가 전국에서 속출했고 유력 용의자는 거리를 활보했다. 시간이 흘러 사람들의 기억 속에 조디악의 존재가 잊혀져 가고 있다. 그러나 그레이스미스는 범인의 추격을 포기하지 않았다."
칠드런 오브 맨,https://ko.wikipedia.org/wiki/%EC%B9%A0%EB%93%9C%EB%9F%B0_%EC%98%A4%EB%B8%8C_%EB%A7%A8,"세계 각지에서는 폭동과 테러가 비일비재해 지고, 대부분의 국가가 무정부 상태로 무너져 내린 가운데, 유일하게 군대가 살아남은 국가 영국에는 불법이민자들이 넘쳐 난다. 한편, 아들이 죽은 후, 세상을 바꾸겠다는 의지 따위는 모두 잃어버린 남자 ‘테오’ 그의 앞에 20년 만에 나타난 전 부인 ‘줄리안’은 기적적으로 임신한 흑인 소녀 ‘키’를 그에게 부탁한다. 믿을 수 없는 기적을 눈 앞에서 마주한 ‘테오’. 그는 ‘키’가 안전하게 출산할 수 있도록 ‘인간프로젝트’를 성공시켜야만 하는데… 인류 종말의 끝, 기적이 다시 시작된다!"
액트 오브 킬링,https://ko.wikipedia.org/wiki/%EC%95%A1%ED%8A%B8_%EC%98%A4%EB%B8%8C_%ED%82%AC%EB%A7%81,"1965년 인도네시아, 쿠데타 당시 군은 ‘반공’을 명분으로 100만 명이 넘는 공산주의자, 지식인, 중국인들을 비밀리에 살해했다. 40년의 세월이 흐른 현재, 대학살을 주도한 암살단의 주범 '안와르 콩고’는 국민영웅으로 추대 받으며 호화스런 생활을 누리고 있다. 그러던 어느 날, 자신들의 ‘위대한’ 살인의 업적을 영화로 만들자는 제안이 들어온다. “당신이 저지른 학살을, 다시 재연해보지 않겠습니까?” 대학살의 리더 안와르 콩고와 그의 친구들은 들뜬 맘으로 직접 시나리오를 쓰고 연기도 하며 자랑스럽게 살인의 재연에 몰두한다. 하지만 촬영이 진행되면서 대학살의 기억은 그들에게 낯선 공포와 악몽에 시달리게 하고, 영화는 예기치 못한 반전을 맞는다. 전대미문의 방법으로 인간의 도덕성을 뒤흔드는 충격의 다큐멘터리!"
"4개월, 3주... 그리고 2일","https://ko.wikipedia.org/wiki/4%EA%B0%9C%EC%9B%94,_3%EC%A3%BC..._%EA%B7%B8%EB%A6%AC%EA%B3%A0_2%EC%9D%BC","4개월의 끝, 막다른 골목… 3주의 선택… 그리고 남은 2일. 1987년, 차우세스쿠 독재정권으로 임신중절이 금지되었던 루마니아. 대학 기숙사 룸메이트 여대생 오틸리아와 가비타는 시내의 허름한 호텔을 예약한다. 원치 않는 임신을 하게 된 가비타의 임신중절을 위해서이다. 어렵게 구한 돈으로 임신중절을 하기로 한 날, 불법으로 임신중절을 해주기로 한 베베를 만나지만 임신 2개월이라 속였던 가비타의 임신 4개월이 들통나고, 베베는 돈 대신 더 큰 것을 요구하는데… 영화제 소개글. 공산주의 시대 부쿠레슈티 비밀 경찰의 부조리를 다룬 이 칸영화제 황금종려상 수상작은 루마니아 영화의 부상의 대표적인 사례이다. 가비타가 불법 낙태를 받기 위해 찾아 나선 과정이 이야기를 축으로, 구 소련권이 쇠퇴하던 시기의 생존에 대한 고찰을 보여준다."
홀리 모터스,https://ko.wikipedia.org/wiki/%ED%99%80%EB%A6%AC_%EB%AA%A8%ED%84%B0%EC%8A%A4,"유능한 사업가 오스카(드니 라방)의 하루는 이른 아침, 고급 리무진 홀리 모터스에 오르면서 시작된다. 홀리 모터스는 그와 그의 비서 셀린(에디뜨 스콥)을 태운 채 새벽부터 해질녘까지 파리 곳곳을 누빈다. 유능한 사업가, 가정적인 아버지에서 광대, 걸인, 암살자, 광인에 이르기까지, 홀리 모터스가 멈추는 곳마다 전혀 다른 아홉 명의 인물이 내리는데… 레오스 카락스와 드니 라방이 만나 완성한 13년 만의 컴백작! 당신이 만난 오늘의 오스카씨는 누구인가요?"
판의 미로,https://ko.wikipedia.org/wiki/%ED%8C%90%EC%9D%98_%EB%AF%B8%EB%A1%9C,"1944년 스페인, 내전은 끝났지만 숲으로 숨은 시민군은 파시스트 정권에 계속해서 저항했고 그들을 진압하기 위해 정부군이 곳곳에 배치된다. ‘오필리아’는 만삭의 엄마 ‘카르멘’과 함께 새아버지 ‘비달’ 대위가 있는 숲속 기지로 거처를 옮긴다. 정부군 소속으로 냉정하고 무서운 비달 대위를 비롯해 모든 것이 낯설어 두려움을 느끼던 오필리아는 어느 날 숲속에서 숨겨진 미로를 발견한다. 그리고 그곳에서 자신을 “산이고 숲이자 땅”이라 소개하는 기괴한 모습의 요정 ‘판’과 만난다. 오필리아를 반갑게 맞이한 판은, 그녀가 지하 왕국의 공주 ‘모안나’이며 보름달이 뜨기 전까지 세 가지 임무를 끝내면 돌아갈 수 있다고 알려주면서 미래를 볼 수 있는 “선택의 책”을 건넨다. 오필리아는 전쟁보다 더 무서운 현실 속에서 인간 세계를 떠나 지하 왕국으로 돌아가기로 결심하게 되는데… 용기, 인내, 그리고 마지막 임무… 판의 미로가 다시 열리고, 환상과 현실의 경계가 무너진다!"
하얀 리본,https://ko.wikipedia.org/wiki/%ED%95%98%EC%96%80_%EB%A6%AC%EB%B3%B8,"1913년, 지극히 평화롭고 고요해 보이는 독일의 한 작은 마을. 마을 의사가 누군가 설치해 놓은 줄에 걸려 낙마하는 사고가 발생하고 이를 시작으로 방화, 사고사, 실종사건에 심지어 한 아이의 눈이 도려내지는 범인을 알 수 없는 끔찍한 사건들이 연이어 발생해 마을은 공포에 휩싸인다. 한편, 마을의 아이들은 순결한 영혼의 상징인 ‘하얀 리본’으로 복종과 순결을 강요 당하고, 어른들의 보이지 않는 폭력 속에 또래들끼리 더욱 강한 유대감을 형성하게 된다. 마을에 벌어지는 원인 모를 사건들을 말없이 지켜보는 아이들……그리고 이 마을에 부임된 신임 교사는 이 아이들이 무언가를 알고 있다고 생각하기 시작하는데……"
매드 맥스: 분노의 도로,https://ko.wikipedia.org/wiki/%EB%A7%A4%EB%93%9C_%EB%A7%A5%EC%8A%A4:_%EB%B6%84%EB%85%B8%EC%9D%98_%EB%8F%84%EB%A1%9C,"핵전쟁으로 멸망한 22세기. 얼마 남지 않은 물과 기름을 차지한 독재자 임모탄 조가 살아남은 인류를 지배한다. 한편, 아내와 딸을 잃고 살아남기 위해 사막을 떠돌던 맥스(톰 하디)는 임모탄의 부하들에게 납치되어 노예로 끌려가고, 폭정에 반발한 사령관 퓨리오사(샤를리즈 테론)는 인류 생존의 열쇠를 쥔 임모탄의 여인들을 탈취해 분노의 도로로 폭주한다. 이에 임모탄의 전사들과 신인류 눅스(니콜라스 홀트)는 맥스를 이끌고 퓨리오사의 뒤를 쫓는데... 끝내주는 날, 끝내주는 액션이 폭렬한다!"
"시네도키, 뉴욕","https://ko.wikipedia.org/wiki/%EC%8B%9C%EB%84%A4%EB%8F%84%ED%82%A4,_%EB%89%B4%EC%9A%95","죽을지도 모른다는 불안감을 가지고 사는 연극연출가 케이든. 교외에서 지역 극장을 운영하는 그의 삶은 황량해 보인다. 화가인 아내 아델은 자신의 경력을 쌓고자 어린 딸 올리브를 데리고 그를 떠나버린다. 묘하게 솔직해서 마음이 끌리는 극장직원 헤이즐과의 새로운 관계는 제대로 시작하기도 전에 끝나고 만다. 그러던 어느 날, 인생의 무상함에 괴로워하던 그에게 거대한 연극무대를 올릴 일생의 기회가 찾아온다. 그는 뉴욕의 창고에서 실물 크기의 도시를 만들어 잔인하리만큼 정직하고, 진실된 인생을 그려볼 계획을 세운다. 하지만 연극 속의 삶과 케이든의 실제 삶의 경계가 뒤엉키며 그가 맺은 모든 관계들은 한계에 다다르게 되는데…. 케이든은 과연 이 위대한 예술작품을 완성할 수 있을까?"
그랜드 부다페스트 호텔,https://ko.wikipedia.org/wiki/%EA%B7%B8%EB%9E%9C%EB%93%9C_%EB%B6%80%EB%8B%A4%ED%8E%98%EC%8A%A4%ED%8A%B8_%ED%98%B8%ED%85%94,"1927년 세계대전이 한창이던 어느 날, 세계 최고의 부호 마담 D.가 의문의 살인을 당한다. 유력한 용의자로 지목된 사람은 바로 전설적인 호텔 지배인이자 그녀의 연인 ‘구스타브’! 구스타브는 누명을 벗기 위해 충실한 로비보이 ‘제로’에게 도움을 청하고, 그 사이 구스타브에게 남겨진 마담 D.의 유산을 노리던 그녀의 아들 ‘드미트리’는 무자비한 킬러를 고용해 [그랜드 부다페스트 호텔]을 찾게 되는데…"
사랑도 통역이 되나요?,https://ko.wikipedia.org/wiki/%EC%82%AC%EB%9E%91%EB%8F%84_%ED%86%B5%EC%97%AD%EC%9D%B4_%EB%90%98%EB%82%98%EC%9A%94%3F,"일상이 무료하고 외로운 밥 해리스(빌 머레이)와 샬롯(스칼렛 요한슨)은 도쿄로 여행온 미국인이다. 영화배우인 밥은 위스키 광고 촬영차 일본을 방문했지만 일본의 낯선 문화와 의사소통의 어려움으로 소외감을 느낀다. 또한 이제 갓 결혼한 샬롯은 사진작가인 남편을 따라 일본에 왔지만, 남편에게도 안정을 얻지 못하고 외로움과 불확실한 앞날에 대해 번민한다. 같은 호텔에 머무르고 있던 밥과 샬롯은 잠을 이루지 못하고 뒤척이던 중 호텔바에서 우연히 마주친다. 두 사람은 낯선 환경에 적응하지 못하고 외로움을 느끼는 서로의 모습속에서 공통점을 발견하고 서로에게 이끌리게 된다. 이 둘은 도쿄 시내를 함께 구경하고, 얘기를 나누면서 급속도로 가까워지는데..."
히든,https://ko.wikipedia.org/wiki/%ED%9E%88%EB%93%A0_(2005%EB%85%84_%EC%98%81%ED%99%94),"TV 문학 토론 프로그램 진행자인 조르쥬(다니엘 오떼유)와 그의 아내 안느 (줄리엣 비노쉬)는 중산층 가정의 평온한 삶을 누리며 살고있다. 어느날 그들에게 자신들의 일상사를 찍은 비디오테이프와 섬뜩한 메시지가 담긴 그림이 배달되고, 그들의 평화로운 일상에 파문이 일기 시작한다. 계속해서 배달되는 비디오테이프와 그림은 점점 더 그들의 은밀하고 사적인 생활들에 관한 내용과 결부되고 그들의 불안은 극으로 치닫는다. 범인만 찾으면 모든 것이 해결되리라 믿었던 그에게 과거의 잊혀졌던 기억들이 하나 둘씩 떠오르게 된다. 어린 시절, 숨기고 싶었던 기억은 악몽이 되어 그에게 돌아오고 조르쥬는 범인을 직접 찾아 나서게 된다. 그러나 범인을 알아낸 순간, 조르쥬는 더욱 끔찍한 진실과 마주하게 되는데...."
마스터,https://ko.wikipedia.org/wiki/%EB%A7%88%EC%8A%A4%ED%84%B0_(2012%EB%85%84_%EC%98%81%ED%99%94),"제 2차 세계대전이 끝난 후, 젊은이들은 각자 자신의 길을 찾아 떠나지만 프레디 퀠 (호아킨 피닉스 분)은 여전히 방황하며 백화점의 사진기사로 살아가고 있다. 자신이 제조한 술에 의존하며 살아가고 있는 프레디는 술에 취해 유람선의 한 파티장에서 난동을 부리게 되고 다음날 그 자리에 있었던 랭케스터(필립 세이모어 호프만분)를 만나게 된다. 몇 마디 나누지 않았음에도 서로에게 이끌리게 된 두 남자. 프레디는 인간의 심리를 연구하는 ‘코즈’ 연합회를 이끌고 있는 마스터, 랭케스터의 실험대상이자, 조력자이자, 친구로서 그의 가족들과 함께 머물게 된다. 하지만 프레디는 진정한 마스터라 믿었던 랭케스터 역시 자신과 다르지 않은 불완전한 인간임을 깨닫고, 랭케스터 역시 가족들로부터 프레디를 멀리하라는 경고를 받게 된다. 두 남자 사이에 균열은 점점 커져가고 아슬아슬한 관계는 점점 파국에 치닫는데.."
메멘토,https://ko.wikipedia.org/wiki/%EB%A9%94%EB%A9%98%ED%86%A0_(%EC%98%81%ED%99%94),"아내가 살해당한 후, 10분밖에 기억 못하는 단기기억상실증에 걸린 남자가 사진, 메모, 문신으로 남긴 기록을 따라 범인을 쫓는 기억 추적 스릴러"
25시,https://ko.wikipedia.org/wiki/25%EC%8B%9C_(2002%EB%85%84_%EC%98%81%ED%99%94),"고등학교때부터 대마초를 팔던 몬티. 소방수였던 아버지처럼 되고 싶었지만, 첫 단추를 잘 못 끼운 몬티에게는 현재 마약 밀매범이라는 불명예스러운 딱지만 남아 있다. 집안에 숨긴 마약이 발각되어 검거된 몬티는 보석으로 풀어준 아버지 덕분에 일주일간의 자유를 가지게 된다. 7년의 수감생활에 대한 두려움, 그 후에 전과자로서 살아가야 할 길이 지금부터 걱정인 그에게 세상은 절망뿐이다. 게다가 자신의 범행 사실을 경찰에 알린 사람이 연인이자 동거하고 있는 내추럴일 것이라는 소문에도 시달리는 몬티. 시간은 점점 그를 죄어오고 몬티는 수감전날 절친한 친구 제이콥과 프랭크, 내추럴과 이별파티를 열고, 사회에서의 마지막 밤을 지낸다. 다가오는 시간을 애써 무시하려는 몬티에게 주변의 모든 것은 그에게 앞으로 펼쳐질 삭막하고 가망 없는 미래에 대한 불안과 분노를 가중시키고, 이것을 눈치챈 몬티의 아버지는 충격적인 제안을 하는데."
소셜 네트워크,https://ko.wikipedia.org/wiki/%EC%86%8C%EC%85%9C_%EB%84%A4%ED%8A%B8%EC%9B%8C%ED%81%AC_(%EC%98%81%ED%99%94),"2004년 첫 투자금 단돈 1천 달러 서비스 오픈 첫날 가입자수 650명 하버드대 학생들의 소규모 커뮤니티 코딩밖에 모르는 너드(Nerd) 마크 주커버그 VS 2021년 기업가치 1조 달러 돌파 전 세계 가입자수 약 28억 명 미국을 이끄는 최고의 5대 빅테크 기업 세계 10대 자산가 마크 주커버그 “페이스북”의 첫 시작, 그에 대한 모든 것."
그녀에게,https://ko.wikipedia.org/wiki/%EA%B7%B8%EB%85%80%EC%97%90%EA%B2%8C_(2002%EB%85%84_%EC%98%81%ED%99%94),"사랑을 말해요 | 알리샤와 베니뇨 남자간호사 베니뇨는 발레 학원에서 춤추고 있는 알리샤를 보고, 그녀의 아름다운 모습에 사랑에 빠진다. 갑작스러운 교통사고로 알리샤가 코마 상태에 빠지게 되자, 베니뇨는 헌신적인 사랑으로 그녀 곁을 지킨다. 대화하고 싶어요 | 리디아와 마르코 여행지 기자 마르코는 투우사 리디아를 인터뷰하기 위해 그녀를 찾아간다. 사랑의 상처를 지닌 마르코와 리디아는 서로에게 빠져들며 연인으로 발전하지만, 리디아가 투우 경기 도중 사고로 정신을 잃는다. 그녀 없인 살 수 없어요 | 베니뇨와 마르코 병원에서 만난 두 남자, 베니뇨와 마르코는 코마 상태에 빠진 그녀들을 보살피며 친구가 된다. 알리샤와 소통한다고 느끼며 끊임없이 말을 건네는 베니뇨와 달리, 마르코는 이제 리디아의 사랑을 느낄 수 없다는 사실에 절망한다. 결국 리디아를 떠난 마르코는 그녀의 사망 소식과 함께 베니뇨가 감옥에 수감된 소식을 전해 듣는데... 12월 31일, 올해 마지막 멜로를 만나다!"
월-E,https://ko.wikipedia.org/wiki/%EC%9B%94-E,"텅 빈 지구에 홀로 남아 수백 년이란 시간을 외롭게 일만 하며 보내던 월-E (WALL-E: Waste Allocation Load Lifter Earth-Class, 지구 폐기물 수거-처리용 로봇). 그런 그가 매력적인 탐사 로봇 ‘이브’와 마주친 순간, 잡동사니 수집만이 낙이던 인생에도 소중한 목표가 생긴다. 이브는 지구의 미래를 결정할 열쇠가 우연히 월-E의 손에 들어간 사실을 알게 되고, 고향별로 돌아갈 날만 애타게 기다리는 인간들에게 이를 보고하기 위해 서둘러 우주로 향한다. 한편 월-E는 이브를 뒤쫓아 은하를 가로지르며, 스크린 사상 가장 짜릿한 상상이 넘치는 어드벤처를 선사한다. 이제껏 꿈에서도 볼 수 없었던 미래 세계를 배경으로 우주에서 펼쳐지는 월-E의 환상적인 모험! 애완용 바퀴벌레, 용맹스럽지만 어딘가 나사가 빠진 듯한 사회 부적응 로봇 군단 등 일련의 유쾌한 캐릭터들이 여기에 동참한다."
올드보이,https://ko.wikipedia.org/wiki/%EC%98%AC%EB%93%9C%EB%B3%B4%EC%9D%B4,"술 좋아하고 떠들기 좋아하는 오.대.수. 본인의 이름풀이를 '오늘만 대충 수습하며 살자'라고 이죽거리는 이 남자는 아내와 어린 딸아이를 가진 지극히 평범한 샐러리맨이다. 어느 날, 술이 거나하게 취해 집에 돌아가는 길에 존재를 알 수 없는 누군가에게 납치, 사설 감금방에 갇히게 되는데. 언뜻 보면 싸구려 호텔방을 연상케 하는 감금방. 중국집 군만두만을 먹으며 8평이라는 제한된 공간에서 그가 할 수 있는 일이라곤, 텔레비전 보는 게 전부. 그렇게 1년이 지났을 무렵, 뉴스를 통해 나오는 아내의 살해소식. 게다가 아내의 살인범으로 자신이 지목되고 있음을 알게 된 오대수는 자살을 감행하지만 죽는 것조차 그에겐 용납 되지 않는다. 오대수는 복수를 위해 체력단련을 비롯, 자신을 가둘만한 사람들, 사건들을 모조리 기억 속에서 꺼내 '악행의 자서전'을 기록한다. 한편, 탈출을 위해 감금방 한쪽 구석을 쇠젓가락으로 파기도 하는데.. 감금 15년을 맞이하는 해, 마침내 사람 몸 하나 빠져나갈 만큼의 탈출구가 생겼을 때, 어이없게도 15년 전 납치됐던 바로 그 장소로 풀려나 있는 자신을 발견하게 된다. 우연히 들른 일식집에서 갑자기 정신을 잃어버린 오대수는 보조 요리사 미도 집으로 가게 되고, 미도는 오대수에게 연민에서 시작한 사랑의 감정을 키워나가게 된다. 한편 감금방에서 먹던 군만두에서 나온 '청룡'이란 전표 하나로 찾아낸 7.5층 감금방의 정체를 찾아내고... 마침내, 첫 대면을 하는 날 복수심으로 들끓는 대수에게 우진은 너무나 냉정하게 게임을 제안한다. 자신이 가둔 이유를 5일 안에 밝혀내면 스스로 죽어주겠다는 것. 대수는 이 지독한 비밀을 풀기 위해, 사랑하는 연인, 미도를 잃지 않기 위해 5일간의 긴박한 수수께끼를 풀어나가야 한다. 도대체 이우진은 누구이며? 이우진이 오대수를 15년 동안이나 감금한 이유는 뭘까? 밝혀진 비밀 앞에 두 남자의 운명은 과연 어떻게 되는 것일까?"
마가렛,https://ko.wikipedia.org/wiki/%EB%A7%88%EA%B0%80%EB%A0%9B_(2011%EB%85%84_%EC%98%81%ED%99%94),"2011년 공개된 미국의 드라마 영화이다. 케네스 로너건의 두 번째 장편 영화 연출작으로 그가 직접 각본을 썼다. 애나 패퀸, 맷 데이먼, 마크 러펄로, J. 스미스캐머런, 키런 컬킨, 올리비아 설비, 로즈메리 디윗이 출연한다."
타인의 삶,https://ko.wikipedia.org/wiki/%ED%83%80%EC%9D%B8%EC%9D%98_%EC%82%B6,"1984년, 동독. 비밀경찰(슈타지)의 감시로부터 자신도 모르게 철저히 조사 당했던 동독의 국민들. 보이지 않는 정보국 요원의 삶. 10만 명의 비밀경찰과 20만 명이 넘는 스파이. 그들의 목표는 단 하나… “모든 것을 알아야 한다” 베를린 장벽이 무너지기 5년 전, 나라와 자신의 신념을 맹목적으로 고수하던 냉혈인간 - 비밀경찰 비즐러는 동독 최고의 극작가 드라이만과 그의 애인이자 인기 여배우 크리스타를 감시하는 중대 임무를 맡는다. 그러나 시간이 지날수록 드라이만을 체포할 만한 단서는 찾을 수 없다. 비즐러는 오히려 드라이만과 크리스타의 삶으로 인해 감동받고 사랑을 느끼며 이전의 삶과는 달리 인간적인 모습으로 변화하기 시작하는데.."
다크 나이트,https://ko.wikipedia.org/wiki/%EB%8B%A4%ED%81%AC_%EB%82%98%EC%9D%B4%ED%8A%B8,"정의로운 지방 검사 ‘하비 덴트’, ‘짐 고든’ 반장과 함께 범죄 소탕 작전을 펼치며 범죄와 부패로 들끓는 고담시를 지켜나가는 ‘배트맨’ 그러던 어느 날, 살아남기 위해 발버둥치던 범죄 조직은 배트맨을 제거하기 위해 광기어린 악당 ‘조커’를 끌어들이고 정체를 알 수 없는 조커의 등장에 고담시 전체가 깊은 혼돈 속으로 빠져든다. 급기야 배트맨을 향한 강한 집착을 드러낸 조커는 그가 시민들 앞에 정체를 밝힐 때까지 매일 새로운 사람들을 죽이겠다 선포하고 배트맨은 사상 최악의 악당 조커를 막기 위해 자신의 모든 것을 내던진 마지막 대결을 준비한다."
사울의 아들,https://ko.wikipedia.org/wiki/%EC%82%AC%EC%9A%B8%EC%9D%98_%EC%95%84%EB%93%A4,"시체 처리반으로 일하던 남자 앞에 오늘, 아들의 주검이 도착했다… 나치의 만행이 극에 달했던 1944년, 아우슈비츠 수용소에는 시체들을 처리하기 위한 비밀 작업반이 있었다. ‘존더코만도’라 불리던 이들은 X자 표시가 된 작업복을 입고 아무 것도 묻지 않고 오직 시키는 대로 주어진 임무를 수행한다. 그러던 어느 날, ‘존더코만도’ 소속이었던 남자 ‘사울’의 앞에 어린 아들의 주검이 도착한다. 처리해야 할 시체더미들 사이에서 아들을 빼낸 ‘사울’은 랍비를 찾아 제대로 된 장례를 치러주기로 결심하는데…"
와호장룡,https://ko.wikipedia.org/wiki/%EC%99%80%ED%98%B8%EC%9E%A5%EB%A3%A1,여자 협객 유수련(양쯔총 분)이 강호로 돌아와 또 다른 협객 맹사소(전쯔단 분)의 도움으로 청명보검을 지킨다는 내용
팀북투,https://ko.wikipedia.org/wiki/%ED%8C%80%EB%B6%81%ED%88%AC,"팀북투(Timbuktu) 또는 통북투는 말리의 통북투 주에 있는 도시이다. 팀북투는 상코레 대학과 마드라사스라고 불리는 이슬람 학교 등 15세기와 16세기에 걸쳐 번성했던 아프리카의 이슬람 문화를 대표하는 유적들이 많이 남아 있는 도시이다. 징가레이버, 상코레, 시디 야햐 등의 3대 모스크는 팀북투의 옛 영화를 떠올리게 해 주는 유적들이다. 복구 노력이 계속되고 있으나, 이러한 유적들은 지속적인 파괴의 위험에 직면해 있다. (팀북투의 건축물들은 기본적으로 진흙으로 지어져 있다.)
팀북투에는 송가이, 투아렉, 풀라니, 만데인을 비롯한 다양한 민족들이 산다. 니제르 강에서 북쪽으로 약 15km 정도 떨어져 있다. 또한 동서남북방향으로 사하라 사막의 교통지역으로서 역사적으로 중요한 위치를 차지했다.
유명한 이슬람 사원인 징가레베르 사원, 상코레 사원, 시디 야히아 사원 등이 있다.
13세기말 말리 제국의 술탄이 거대한 이슬람 사원과 왕궁 등을 건축하면서 번성하기 시작하였다. 14~15세기 경에 이슬람 고등 교육기관인 마드라사, 1327년 코란 상코레 대학과 같은 교육기관들이 들어서며 서아프리카 최대의 종교, 학술, 문화의 중심지가 되었다. 상코레 대학의 재학생은 약 2500명이었다. 이슬람 교리와 논리학, 천문학, 의학, 법학 등 다양한 학문을 배우기 위해 머문 학생들의 수가 2만명이 넘었다고 한다. 이러한 이유로 많은 고서가 남아있다.
이후 1828년 프랑스인 르네 카이에의 소개로 세상에 알려졌다.
엘헤나, 칼리디, 알고두르 징가레예 사원은 파괴되었지만, 다행히 징가레베르, 상코레, 시디 야히아 사원등 중요한 유적이 남아있어 통북투가 한때 웅장했다는 것을 보여주고 있다.
1988년 유네스코 세계 유산으로 등재되었다."
엉클 분미,https://ko.wikipedia.org/wiki/%EC%97%89%ED%81%B4_%EB%B6%84%EB%AF%B8,"극심한 신장 질환을 앓고 있는 엉클 분미는 자신의 마지막 나날들을 시골에서 사랑하는 사람들과 함께 보내기로 한다. 불현듯 죽은 아내의 유령이 분미를 돌보기 위해 나타나고, 오래 전에 실종된 아들이 사람이 아닌 모습으로 집에 돌아온다. 자신이 앓는 병의 이유에 대해 생각하던 분미는 가족들과 함께 정글을 지나 언덕 위의 신비로운 동굴(분미가 처음 생을 시작했던 곳)로 향해 여정을 떠난다."
시티 오브 갓,https://ko.wikipedia.org/wiki/%EC%8B%9C%ED%8B%B0_%EC%98%A4%EB%B8%8C_%EA%B0%93_(2002%EB%85%84_%EC%98%81%ED%99%94),"가난과 폭력으로 찌든 브라질 최대 빈민가. 어느 때부턴가 사람들은 이곳을 ‘신의 도시’라 부르기 시작했다. 희망이 보이지 않는 이곳에서 태어난 세 친구 로키, 리틀 제, 베니는 마약거래와 범죄에 무방비로 노출된 채 어린 시절을 보내왔다. 이런 환경에서 이들이 꿈꿀 수 있는 유일한 미래는 갱단의 우두머리가 되어 도시를 장악하는 것. 국 리틀 제와 베니는 그 꿈을 이루기 위해 총을 들고들과 다른 길을 선택한 로킷은 신문기자의 꿈을 키우게 되는데..."
뉴 월드,https://ko.wikipedia.org/wiki/%EB%89%B4_%EC%9B%94%EB%93%9C_(2005%EB%85%84_%EC%98%81%ED%99%94),"뉴 월드는 2005년 공개된 미국 영화이다. 테런스 맬릭이 감독했고 각본을 썼다. 콜린 패럴, 코리안카 킬처, 크리스토퍼 플러머, 크리스천 베일 등이 출연했다. 포카혼타스와 존 스미스 선장의 이야기를 다룬 역사물이다."
브로크백 마운틴,https://ko.wikipedia.org/wiki/%EB%B8%8C%EB%A1%9C%ED%81%AC%EB%B0%B1_%EB%A7%88%EC%9A%B4%ED%8B%B4,"눈부신 만년설로 뒤덮인 8월의 브로크백 마운틴 양떼 방목장에서 여름 한 철 함께 일하게 된 두 청년 '에니스(히스레저)'와 '잭(제이크 질렌할)'은 오랜 친구처럼 서로에게 마음을 터놓는 사이가 된다 그들의 우정은 친구 이상으로 발전하지만 두 사람은 낯선 감정의 실체가 무엇인지도 알지 못한 채 다시 만날 기약도 없는 각자의 삶으로 돌아간다 우연히 4년 만에 다시 만난 '에니스'와 '잭' 서로의 마음을 확인한 두 사람은 일년에 한 두 번씩 브로크백에서 만나 함께 지내기로 하는데... 20년간 짧은 만남과 긴 그리움을 반복한 그들의 슬프고도 아름다운 이야기 전세계가 그리워한 러브 스토리가 다시, 여기에서 시작된다"
인사이드 아웃,https://ko.wikipedia.org/wiki/%EC%9D%B8%EC%82%AC%EC%9D%B4%EB%93%9C_%EC%95%84%EC%9B%83_(2015%EB%85%84_%EC%98%81%ED%99%94),"모든 사람의 머릿속에 존재하는 감정 컨트롤 본부 그곳에서 불철주야 열심히 일하는 기쁨, 슬픔, 버럭, 까칠, 소심 다섯 감정들. 이사 후 새로운 환경에 적응해야 하는 ‘라일리’를 위해 그 어느 때 보다 바쁘게 감정의 신호를 보내지만 우연한 실수로 ‘기쁨’과 ‘슬픔’이 본부를 이탈하게 되자 '라일리’의 마음 속에 큰 변화가 찾아온다. '라일리'가 예전의 모습을 되찾기 위해서는 ‘기쁨’과 ‘슬픔’이 본부로 돌아가야만 한다! 그러나 엄청난 기억들이 저장되어 있는 머릿속 세계에서 본부까지 가는 길은 험난하기만 한데… 과연, ‘라일리’는 다시 행복해질 수 있을까? 지금 당신의 머릿속에서 벌어지는 놀라운 일! 하루에도 몇번씩 변하는 감정의 비밀이 밝혀진다!"
아무르,https://ko.wikipedia.org/wiki/%EC%95%84%EB%AC%B4%EB%A5%B4_(%EC%98%81%ED%99%94),"2012년 프랑스어 드라마 영화이다. 미하엘 하네케가 감독과 각본을 맡았으며 장루이 트랭티냥과 에마뉘엘 리바, 이자벨 위페르가 출연했다. 영화의 주인공은 다른 나라에 살고있는 딸을 둔 정년 퇴임한 음악 교사 노부부인 안과 조르주로, 부인인 안이 신체 한 부분에 장애를 갖게된다. 영화는 오스트리아와 프랑스, 독일의 영화사가 합작하여 제작되었다.
영화는 2012년 칸 영화제에 초청되었으며 황금종려상을 수상했다. 또 제85회 아카데미상 외국어영화상을 수상했다."
멜랑콜리아,https://ko.wikipedia.org/wiki/%EB%A9%9C%EB%9E%91%EC%BD%9C%EB%A6%AC%EC%95%84_(2011%EB%85%84_%EC%98%81%ED%99%94),유능한 광고 카피라이터인 저스틴(커스틴 던스트)은 마이클(알렉산더 스카스가드)과 결혼식을 올리지만 고질적인 우울증으로 인해 이상 행동을 보이며 결국 결혼을 망치고 만다. 상태가 심해진 저스틴은 언니인 클레어(샤를로뜨 갱스부르)의 집에서 함께 살게 되고 클레어는 그런 저스틴을 극진히 보살핀다. 한편 ‘멜랑콜리아’라는 이름의 거대한 행성이 지구를 향해 날아오고 클레어는 종말에 대한 두려움을 느끼지만 과학자의 말을 맹신하는 남편 존(키퍼 서덜랜드)으로 인해 내색은 하지 못한다. 날이 갈수록 더 이상 행동을 보이는 저스틴과 최악의 사태를 대비하는 클레어. 다행히 과학자들의 말대로 멜랑콜리아는 지구를 지나쳐 다시 멀어지는데….
노예 12년,https://ko.wikipedia.org/wiki/%EB%85%B8%EC%98%88_12%EB%85%84,"1840년대 미국에서는 노예 수입이 금지되자 흑인 납치 사건이 만연하게 된다. 미국 내 자유주(州)의 흑인을 납치해 노예주(州)로 팔아 넘기는 것. 음악가 '솔로몬 노섭', 노예 '플랫'! 두 인생을 산 한 남자의 거짓말 같은 실화! 1841년 뉴욕. 아내 그리고 두 명의 아이와 함께 자유로운 삶을 누리던 음악가 솔로몬 노섭(치웨텔 에지오포)은 어느 날 갑자기 납치되어 노예로 팔려간다. 그가 도착한 곳은 노예주 중에서도 악명 높은 루이지애나. 신분을 증명할 방법이 없는 그에게 노예 신분과 ‘플랫’이라는 새 이름이 주어지고, 12년의 시간 동안 두 명의 주인 윌리엄 포드(베네딕트 컴버배치), 에드윈 엡스(마이클 패스벤더)를 만나게 되는데… 단 한 순간도 희망을 놓지 않았던 12년 간의 기록이 펼쳐진다!"
"가장 따뜻한 색, 블루","https://ko.wikipedia.org/wiki/%EA%B0%80%EC%9E%A5_%EB%94%B0%EB%9C%BB%ED%95%9C_%EC%83%89,_%EB%B8%94%EB%A3%A8","여느 소녀들과 다를 바 없는 평범한 고등학생 ‘아델’(아델 엑사르코풀로스 분)은 빈칸들로 점철된 미래의 답을 찾고 있는 문학소녀이다. 피에르 드 마리보의 소설 <마리안의 일생>을 이해하고자 노력하고 있는 ‘아델’ 앞에 어느 날 파란 머리의 대학생 ‘엠마’(레아 세이두 분)가 나타난다. 단지 횡단보도에서 우연히 스치며 지나친 인연이지만 그날 이후 ‘아델’과 ‘엠마’는 서로를 기억하게 된다. 미지의 사랑을 꿈꾸는 ‘아델’, 현실의 사랑을 이끄는 ‘엠마’ 누가 먼저랄 것도 없이 ‘아델’과 ‘엠마’는 서로에게 이끌린다. 미술을 전공한 ‘엠마’는 본능적으로 자신의 캔버스 안으로 ‘아델’을 초대한다. ‘아델’은 자신과 전혀 다른 삶을 살아온 ‘엠마’로 인해 이전에는 몰랐던 뜨거운 감정을 느끼게 되고, 평온하기만 했던 ‘아델’의 삶은 뒤흔들리기 시작한다."
사랑을 카피하다,https://ko.wikipedia.org/wiki/%EC%82%AC%EB%9E%91%EC%9D%84_%EC%B9%B4%ED%94%BC%ED%95%98%EB%8B%A4,"영국인 작가 제임스 밀러는 새로 펴낸 ‘기막힌 복제품’이란 책의 강연차 들른 이탈리아 투스카니에서 그녀와 만나게 된다. 아름답고 예민한 그녀는 홀로 아이를 키우며 골동품 가게를 운영하는 프랑스 여성으로 제임스의 책 ‘기막힌 복제품’의 팬이다. 그의 책에 매료된 그녀는 하루 동안 투스카니의 시골지역을 소개해 주겠다고 자청하고, 함께 하면서 서로에 대해 알아가게 될 때쯤 두 사람은 ‘진짜 부부’인 척하는 장난스러운 역할극을 시작한다. 가벼운 마음으로 시작한 그들의 역할극은 점점 진지해지고, 진실과 거짓이 모호한 감정의 소용돌이 속으로 휘말리기 시작하는데… 진실과 거짓의 경계를 허무는 신비한 로맨스가 시작된다."
리바이어던,https://ko.wikipedia.org/wiki/%EB%A6%AC%EB%B0%94%EC%9D%B4%EC%96%B4%EB%8D%98_(%EC%98%81%ED%99%94),인간의 야망과 탐욕으로 사라져가는 고래의 이야기를 담은 영화
브루클린,https://ko.wikipedia.org/wiki/%EB%B8%8C%EB%A3%A8%ED%81%B4%EB%A6%B0_(%EC%98%81%ED%99%94),"낯선 뉴욕 브루클린에서 새로운 시작을 준비하는 에일리스(시얼샤 로넌). 낮에는 고급 백화점에서 일하고, 밤에는 야간 대학에서 공부하며 브루클린에 적응하려고 노력하고 있지만 아일랜드에 있는 가족에 대한 그리움으로 지독한 향수병에 시달린다. 한편, 공동 생활을 하는 아일랜드 커뮤니티 여성들의 도움과 격려로 차츰 안정을 찾아가던 에일리스는 이탈리아계 청년 토니(에모리 코헨)와의 운명적인 만남을 계기로 점차 독립적이고 세련된 뉴요커로 변해간다. 하지만 그런 그녀에게 갑작스럽게 날아온 언니의 부고. 급히 고향으로 날아간 에일리스는 그곳에서 또 다른 매력을 가진 짐(돔놀 글리슨)과의 만남으로 흔들리게 되는데…"
언어와의 작별,https://ko.wikipedia.org/w/index.php?title=%EC%96%B8%EC%96%B4%EC%99%80%EC%9D%98_%EC%9E%91%EB%B3%84&action=edit&redlink=1,"실험적이고 난해한 영화세계로 유명한 장 뤽 고다르가 내놓은 신작 3D의 내용을 설명하기란 참으로 난감하다. 관객들 각자가 퍼즐을 맞춰가듯 봐야 할 이 작품을 파편적으로나마 소개하자면 다음과 같을 것이다. 유부녀와 독신 남자가 만나 사랑하는 동안 개 한 마리가 여기저기 돌아다닌다. 여자의 가정은 풍비박산이 된다. 계절이 바뀐 후 이별했던 남녀는 재회하고 개는 그들과 함께 있다. 또 다른 영화가 시작되고, 이제부턴 인간의 존재보다 메타포들이 스크린을 지배한다. 개는 짖고 아기는 울음을 터뜨린다. 이 영화를 칸에서 3D 용 안경을 쓰고 본 많은 이들이 눈의 고통을 호소한 바 있다. 간혹 초점이 맞지 않는 듯 흔들리는 이미지들이 야기하는 두통을 함께 나누면서 혹시 이런 상황이 감독에 의해 의도된 것이 아닐까, 생각했던 것도 같다. 그러나 누가 이 거장에게 반기를 들 수 있을까? 세계 영화사에 이미 한 획을 그은 고다르는 신작을 내놓았다는 사실만으로도 존경 받을 만하다. (이수원) [제19회 부산국제영화제]"
자객 섭은낭,https://ko.wikipedia.org/wiki/%EC%9E%90%EA%B0%9D_%EC%84%AD%EC%9D%80%EB%82%AD,"고위관료의 딸로 태어났지만, 정혼자였던 전계안과의 이별 후 부패한 관리를 살해하는 암살자로 키워진 섭은낭. 어느 날, 스승으로 부터 위박 지역의 절도사이자 자신이 과거 사랑했던 전계안을 암살하라는 명을 받는다. 자객의 정도와 사랑, 일생일대의 선택 기로 앞에서 은낭은 흔들리게 되는데..."
인셉션,https://ko.wikipedia.org/wiki/%EC%9D%B8%EC%85%89%EC%85%98,"타인의 꿈에 들어가 생각을 훔치는 특수 보안요원 코브. 그를 이용해 라이벌 기업의 정보를 빼내고자 하는 사이토는 코브에게 생각을 훔치는 것이 아닌, 생각을 심는 ‘인셉션’ 작전을 제안한다. 성공 조건으로 국제적인 수배자가 되어있는 코브의 신분을 바꿔주겠다는 거부할 수 없는 제안을 하고, 사랑하는 아이들에게 돌아가기 위해 그 제안을 받아들인다. 최강의 팀을 구성, 표적인 피셔에게 접근해서 ‘인셉션’ 작전을 실행하지만 예기치 못한 사건들과 마주하게 되는데… 꿈 VS 현실 시간, 규칙, 타이밍 모든 것이 완벽해야만 하는, 단 한 번도 성공한 적 없는 ‘인셉션’ 작전이 시작된다!"
열대병,https://ko.wikipedia.org/wiki/%EC%97%B4%EB%8C%80%EB%B3%91_(%EC%98%81%ED%99%94),"태국영화 사상 처음으로 칸느 경쟁부문에 올라 심사위원상을 수상한 작품. 올해 나온 작품 중에서 가장 독창적인 실험영화. [열대병]은 크게 두 부분으로 이루어 져 있다. 전반부는 군인인 켕이 휴가를 나와 친구인 통을 만나 즐거운 시간을 보내는 내용이고, 후반부는 군대로 복귀한 켕이 가축들을 잡아가는 정체 모를 괴물이 정글에 산다는 마을 사람들의 이야기를 듣고 그 괴물을 찾아 나서는 내용이다. 아피찻퐁 위라세타쿤은 단편영화 시절부터 타이인들에게 널리 회자되는 신비롭고 초자연적인 현상들을 다양한 방식으로 영화 속에서 이야기해 왔다. ‘정글’은 그러한 이야기의 가장 익숙한 배경이기도 하다. 그의 전작 [친애하는 당신] 에서의 정글은 탈출구이자 사랑을 확인하는 곳, 또는 신성한 곳이기도 했다. [열대병] 에서의 정글은 초자연적인 존재를 찾는 곳이고, 인간의 또 다른 자아를 발견하는 곳이기도 하다. 한편으로, 그것은 사랑에 대한 강박관념의 우회적 표현이기도 하다. 이처럼, 아피찻퐁은 초월적 존재에 대해 집착하는데, ‘정글’은 초월적 존재가 있는 하나의 상징 공간인 셈이다. 하지만, 그것이 낯설고 난해한 형식이라 하더라도 타이인들의 보편적 정신세계를 벗어나지 않는다는 점에서 아피찻퐁의 영화는 매우 역설적이며 또 지극히 타이적인 것이다."
물랑 루즈,https://ko.wikipedia.org/wiki/%EB%AC%BC%EB%9E%91_%EB%A3%A8%EC%A6%88_(2001%EB%85%84_%EC%98%81%ED%99%94),"1899년 파리, 지상에서 가장 화려한 세계 '물랑 루즈' 최고의 뮤지컬 가수 샤틴은 신분 상승과 성공을 위해 투자자를 구하다가 우연히 사랑을 찾아 몽마르트르로 흘러온 영국의 낭만파 시인 크리스티앙을 만나게 된다. 샤틴에게서 운명적 사랑을 느낀 크리스티앙은 그녀가 있는 '물랑 루즈'라는 신비의 세계에 발을 들여놓는다. 하지만 그 둘 사이에 거역할 수 없는 슬픈 운명이 서서히 다가오는데..."
원스 어폰 어 타임 인 아나톨리아,https://ko.wikipedia.org/wiki/%EC%9B%90%EC%8A%A4_%EC%96%B4%ED%8F%B0_%EC%96%B4_%ED%83%80%EC%9E%84_%EC%9D%B8_%EC%95%84%EB%82%98%ED%86%A8%EB%A6%AC%EC%95%84,"작은 마을에서의 생활은 마치 대초원 한가운데를 여행하는 것과 비슷하다. 매번 언덕을 지나칠 때마다 그 언덕 뒤에서 뭔가 색다른 것이 튀어나오지 않을까 기대하지만, 언제나 비슷한 단조로운 길들이 때론 가늘어지고 때론 사라지는 듯하며 끝없이 눈앞에 펼쳐질 뿐이다."
이다,https://ko.wikipedia.org/wiki/%EC%9D%B4%EB%8B%A4_(%EC%98%81%ED%99%94),"가족의 존재조차 모르는 채 수녀원에서 홀로 자란 ‘안나’는 수녀가 되기 전 유일한 혈육인 이모 ‘완다’에 대해 알게 된다. 하지만 어렵사리 만난 이모는 쌀쌀맞기만 하고 ‘안나’가 유태인이라는 것과 본명 ‘이다’라는 뜻밖의 이야기를 전한다. 혼란스러운 감정도 잠시, 부모님의 죽음에 대해 알고 싶어진 그녀는 이모와 함께 숨겨진 비밀을 밝히기 위해 동행을 시작하는데..."
베크마이스터 하모니즈,https://ko.wikipedia.org/wiki/%EB%B2%A0%ED%81%AC%EB%A7%88%EC%9D%B4%EC%8A%A4%ED%84%B0_%ED%95%98%EB%AA%A8%EB%8B%88%EC%A6%88,헝가리 평원의 한 작은 마을에서 일어나는 이야기. 온통 서리로 둘러싸여 있는 이 마을에는 눈이 내리지 않지만 날씨는 살을 에는 듯 춥다. 이렇게 당혹스러운 추위에도 수백명의 사람들이 박제된 고래를 보기 위해 서커스 천막 주위에 서 있다. 외지인들의 출현과 혹독한 서리 등으로 평화로운 마을의 질서는 깨지는데.
제로 다크 서티,https://ko.wikipedia.org/wiki/%EC%A0%9C%EB%A1%9C_%EB%8B%A4%ED%81%AC_%EC%84%9C%ED%8B%B0,"미 정보부는 매년 거액의 예산을 쏟아 붓지만 타겟의 흔적조차 찾을 수 없다. 때 마침, 정보수집과 분석에 탁월한 감을 가진 CIA 요원 ‘마야(제시카 차스테인)’가 작전에 투입되고 그녀는 순수한 열정과 원칙에 따라 작전에 임하지만, 매번 어떤 실마리조차 찾지 못하는 상황에 좌절한다. 어느 날, 진전되지 않는 상황 속에 유일한 단서를 발견하게 된 그녀는 동료들과 함께 거래를 시도해보지만 그것은 테러리스트들의 함정. 자폭 테러로 인해 가장 친한 동료마저 잃게 된 마야는 극도의 슬픔에 빠지고 설상가상으로 그녀 역시 테러리스트의 제거 대상 블랙리스트에 올라 암살 공격까지 받게 되는데… 이제 더 이상 ‘임무’가 아닌 ‘집념’이 되어버린 사건 앞에서 마야는 이 지독한 추적 과정을 끝낼 결정적 단서와 함께 마지막 작전을 감행하게 된다. 3월, 사상 최대의 첩보작전을 목격하라!"
물라데,https://ko.wikipedia.org/w/index.php?title=%EB%AC%BC%EB%9D%BC%EB%8D%B0&action=edit&redlink=1,54개의 아프리카국가연합 중 38개 나라에서는 여성 할례의식이 치러진다. [물라데]는 이러한 고대관습에 대한 비판이다. 콜레 아도는 할례를 한 여성이지만 그녀의 딸만은 7년마다 이뤄지는 이 의식을 치루지 않도록 하였다. 다른 마을에서 의식을 피해 도망친 4명의 소녀들이 콜레에게 도움을 청하러 온다. 결국 전통주의자들과 이 소녀들을 지키려는 사람들 사이에 마찰이 생긴다.
폭력의 역사,https://ko.wikipedia.org/wiki/%ED%8F%AD%EB%A0%A5%EC%9D%98_%EC%97%AD%EC%82%AC,"가정적이고 친절한 남자 ‘톰’(비고 모텐슨)은 어느 날 자신의 가게에 들이닥친 강도를 죽이고 사람을 구한 일로 마을의 영웅이 되어 매스컴에 대서특필된다. 그러나 며칠 후, 거대 갱단의 두목 포가티(에드 해리스)가 찾아와 그가 ‘톰’이 아닌 자신의 적 ‘킬러 조이’라며 가족을 위협한다. 아내 ‘에디’(마리아 벨로)와 아이들 역시 ‘톰’에게서 문득문득 보이는 ‘조이’의 모습에 두려움을 느끼며 점점 그를 멀리하고 마침내 ‘포가티’는 ‘톰’의 집에 총을 들고 들이 닥치는데…"
징후와 세기,https://ko.wikipedia.org/wiki/%EC%A7%95%ED%9B%84%EC%99%80_%EC%84%B8%EA%B8%B0,"이것은 흐름에 관한 영화이다. 외형적으로는 사랑이야기인 듯하지만, 일반적인 영화의 관습적 형식이나, 완결된 구조 모두가 관심 밖이다. 토아는 여의사 테이를 짝사랑하고, 테이는 난초 화원의 눔에게 호감을 가지고 있다. 그러나 이들 사이의 대화는 어떤 결말을 향해 달려가거나, 극적인 긴장감을 불러일으키지 않으며, 감정의 흐름을 따라가기 위한 형식일 뿐이다. 대화를 주고 받는 리듬, 그리고 공간 속을 천천히 움직이는 카메라의 움직임을 통해 흐름이 만들어진다. 이 흐름에 동참하면 관객은 색다른 즐거움을 맛볼 수 있을 것이다."
언더 더 스킨,https://ko.wikipedia.org/wiki/%EC%96%B8%EB%8D%94_%EB%8D%94_%EC%8A%A4%ED%82%A8,식량이 떨어진 외계행성에서 지구로 보내진 에일리언이 ‘로라’라는 아름다운 지구의 여인의 몸 속으로 들어간다. 식량으로 사용될 수 있는 생물체를 찾던 ‘로라’는 트럭을 몰고 스코틀랜드의 거리를 여행하면서 외로운 남자들을 유혹하며 죽음에 이르게 한다. 점점 더 많은 남자들과 접촉하던 로라는 다정한 한 남자를 만나 사랑 받는 여자의 기분을 느끼고 혼란스러워 하는데...
바스터즈: 거친 녀석들,https://ko.wikipedia.org/wiki/%EB%B0%94%EC%8A%A4%ED%84%B0%EC%A6%88:_%EA%B1%B0%EC%B9%9C_%EB%85%80%EC%84%9D%EB%93%A4,"독일이 무차별적으로 유대인을 학살하던 2차 세계 대전 시기, 나치의 잔인하고 폭력적인 행태에 분개한 유대인 출신의 미군 알도 레인 중위(브래드 피트) 는 ‘당한 만큼 돌려준다!’는 강렬한 신념으로 그와 뜻을 함께 하는 사람들을 모아 ‘개떼들’이라는 조직을 만든다. 각각의 분야에서 재능을 가진 조직원들을 모은 알도 레인은 나치가 점령한 프랑스의 한 작은 마을에 위장 잠입해 당한 것에 몇 배에 달하는 피의 복수극을 시작하는데…"
토리노의 말,https://ko.wikipedia.org/wiki/%ED%86%A0%EB%A6%AC%EB%85%B8%EC%9D%98_%EB%A7%90,"이탈리아의 토리노에 얽힌 니체와 말에 관한 유명한 일화가 내레이션으로 흐르며 영화는 시작된다. 미쳐 날뛰는 말에게 채찍질을 가하던 마부에게 다가간 니체는 말을 부둥켜안고 울고 나서는 10년 동안 병상에 누워 있다가 생을 마감한다.  이 영화의 주인공은 마부와 그의 딸이다. 황량한 들판에 있는 집에서 사는 마부와 그의 딸은 극심한 가난에 시달린다. 식탁에 올라오는 것이라고는 삶은 감자뿐. 어느 날 말이 병들어 더이상 움직이지 않자 마부는 일을 포기하게 되고, 그들은 점점 더해가는 가난에 짓눌린다. 이웃에 사는 한 남자가 약초 술을 얻으러 찾아오고, 마부는 그에게 술을 건넨다. 이웃 남자는 세상이 파멸해가고 있다는 말을 남기고 사라지고, 다음날에도 말은 움직이지 못한다. 집 앞을 지나던 집시 무리가 우물에서 물을 마시려 하자 마부는 그들을 쫓아버린다. 집시들은 그에게 저주를 퍼붓는다.  다음날 우물이 말라버리는 기이한 현상이 일어나고, 마부와 딸은 짐을 꾸려 다른 곳으로 떠나려 하지만 결국 다시 집으로 돌아온다. 다음날 약초 술도 바닥이 나고 말이 움직이지 않자, 딸은 마구간의 문을 닫아버린다. 그날 밤 기름이 가득 들어 있음에도 불구하고 양초에는 불이 붙지 않고, 마부와 딸은 어둠 속에서 잠자리에 든다. 다음날도 불은 여전히 붙지 않고, 불씨마저 없어진 그들은 주식인 삶은 감자조차 만들지 못하고 생감자를 식탁에 둔 채 마주 앉는다. 마부는 감자를 먹지 않는 딸에게 먹어야만 한다고 말하고 생감자를 씹는다. 영화는 불가사의한 현상들로 인해 죽음으로 향하고 있는 부녀의 일상을 여섯날에 걸쳐 보여주고 있다."
더 그레이트 뷰티,https://ko.wikipedia.org/wiki/%EB%8D%94_%EA%B7%B8%EB%A0%88%EC%9D%B4%ED%8A%B8_%EB%B7%B0%ED%8B%B0,"40여 년 전 소설 한 권을 끝으로 더 이상 책을 쓰지 못하는 젭은 로마 1%의 삶을 누리는 셀러브리티이다. 하지만 어떤 화려한 파티와 예술도 그의 마음을 울리지 못하고, 65번 째 생일파티가 지난 어느 날 첫사랑의 부고 소식을 들은 후 가장 아름다웠던 기억을 반추하기 시작한다."
피쉬 탱크,https://ko.wikipedia.org/wiki/%ED%94%BC%EC%89%AC_%ED%83%B1%ED%81%AC,2013년 공개된 이탈리아의 영화이다.
봄 여름 가을 겨울 그리고 봄,https://ko.wikipedia.org/wiki/%EB%B4%84_%EC%97%AC%EB%A6%84_%EA%B0%80%EC%9D%84_%EA%B2%A8%EC%9A%B8_%EA%B7%B8%EB%A6%AC%EA%B3%A0_%EB%B4%84,"만물이 생성하는 봄. 숲에서 잡은 개구리와 뱀, 물고기에게 돌을 매달아 괴롭히는 짓궂은 장난에 빠져 천진한 웃음을 터트리는 아이. 그 모습을 지켜보던 노승은 잠든 아이의 등에 돌을 묶어둔다. 잠에서 깬 아이가 울먹이며 힘들다고 하소연하자, 노승은 잘못을 되돌려놓지 못하면 평생의 업이 될 것이라 이른다 아이가 자라 17세 소년이 되었을 때, 산사에 동갑내기 소녀가 요양하러 들어온다. 소년의 마음에 소녀를 향한 뜨거운 사랑이 차오르고, 노승도 그들의 사랑을 감지한다. 소녀가 떠난 후 더욱 깊어가는 사랑의 집착을 떨치지 못한 소년은 산사를 떠나고... 절을 떠난 후 십여년 만에 배신한 아내를 죽인 살인범이 되어 산사로 도피해 들어온 남자. 단풍만큼이나 붉게 타오르는 분노와 고통을 이기지 못하고 불상 앞에서 자살을 시도하자 그를 모질게 매질하는 노승. 남자는 노승이 바닥에 써준 반야심경을 새기며 마음을 다스리고... 남자를 떠나보낸 고요한 산사에서 노승은 다비식을 치른다. 중년의 나이로 폐허가 된 산사로 돌아온 남자. 노승의 사리를 수습해 얼음불상을 만들고, 겨울 산사에서 심신을 수련하며 내면의 평화를 구하는 나날을 보낸다. 절을 찾아온 이름 모를 여인이 어린 아이만을 남겨둔 채 떠나고... 노인이 된 남자는 어느새 자라난 동자승과 함께 산사의 평화로운 봄날을 보내고 있다. 동자승은 그 봄의 아이처럼 개구리와 뱀의 입속에 돌맹이를 집어넣는 장난을 치며 해맑은 웃음을 터트리고 있다."
허트 로커,https://ko.wikipedia.org/wiki/%ED%97%88%ED%8A%B8_%EB%A1%9C%EC%BB%A4,"이라크에서 특수 임무를 수행하는 폭발물 제거반 EOD팀. 작전 도중 폭발 사고로 분대장을 잃은 팀에 새로운 분대장 ‘제임스’가 부임하지만, 폭탄보다 더 위험한 단독적인 행동으로 인해 갈등을 겪는데.. 제대까지 남은 시간 D-38. 기꺼이 킬존을 선택한 한 남자의 이야기가 시작된다!"
로얄 테넌바움,https://ko.wikipedia.org/wiki/%EB%A1%9C%EC%96%84_%ED%85%8C%EB%84%8C%EB%B0%94%EC%9B%80,"로얄 테넌바움과 그의 아내 에슬린 테넌바움에게는 세 명의 어린 자녀가 있다. 태어날 때부터 천부적인 재능을 가진 이들 세 명의 자녀는 부모가 별거하는 바람에 그 충격으로 모두 뿔뿔이 흩어져서 산다. 채스(벤 스틸러)는 10대 초의 나이에 부동산 투자 전문가가 됐고 국제금융에 관해서도 믿기 어려울 정도로 해박한 지식을 갖고 있다. 입양된 딸인 마고(기네스 팰트로)는 극작가이며 15세 의 나이에 브레이버만 그란트(Braverman Grant) 상과 부상으로 5만 달러를 받은 경력이 있다. 훗날 퓰리처 상까지 수상한다. 리치(루크 윌슨)는 주니어 챔피언 테니스 선수이며 3년 연속 US 오픈 타이틀을 획득한 경력이 있다. 하나같이 천재였던 이들 세 남매들의 어린 시절은 20여 년에 걸친 배신과 실패 그리고 비극적인 사고로 인하여 그들의 기억 속에서 모두 사라져버린다. 그들의 천재성이 꽃을 피우지 못한 것은 모두 그들의 아버지 탓이었다. <로얄 테넌바움>의 드라마틱하고 감동적인 이야기는 산산조각 난 가족들이 20여 년의 세월이 지난 어느 겨울 날, 불치의 병에 걸렸다고 알려온 아버지 때문에 으로 한 집에서 다시 만나면서부터 시작된다."
캐롤,https://ko.wikipedia.org/wiki/%EC%BA%90%EB%A1%A4_(%EC%98%81%ED%99%94),"1950년대 뉴욕, 맨해튼 백화점 점원인 테레즈(루니 마라)와 손님으로 찾아온 캐롤(케이트 블란쳇)은 처음 만난 순간부터 거부할 수 없는 강한 끌림을 느낀다. 하나뿐인 딸을 두고 이혼 소송 중인 캐롤과 헌신적인 남자친구가 있지만 확신이 없던 테레즈, 각자의 상황을 잊을 만큼 통제할 수 없이 서로에게 빠져드는 감정의 혼란 속에서 둘은 확신하게 된다. 인생의 마지막에, 그리고 처음으로 찾아온 진짜 사랑임을…"
우리가 들려줄 이야기,https://ko.wikipedia.org/wiki/%EC%9A%B0%EB%A6%AC%EA%B0%80_%EB%93%A4%EB%A0%A4%EC%A4%84_%EC%9D%B4%EC%95%BC%EA%B8%B0,"사라 폴리는 돌아가신 어머니 다이앤에 대해 그들이 알고 있는 모든 걸 얘기해달라며 아버지 마이클 폴리와 가족들을 카메라 앞으로 초대한다. 그들이 기억하는 다이앤은 밝고 생기 넘치는 사람이었으며 자유분방하고 개성 강한 배우였다. 몇 번의 결혼 실패 후 운명의 상대 마이클을 만나게 되고, 고요히 침잠하는 물과 타오르는 불처럼 서로 정반대의 성격이던 두 사람은 42살의 늦은 나이에 사라 폴리를 낳는다. 그리고 어느 때부턴가 사라가 아버지를 닮지 않았다는 우스개 소리가 가족의 비밀처럼 자리잡게 된다. 다큐멘터리를 만들고 주변사람들을 인터뷰하면서 탐정처럼 자신이 모으게 된 모든 조각들을 펼쳐 보이던 그녀는 어느덧 자신의 출생의 비밀을 둘러싼 진실에 다다르게 되는데.."
타부,https://ko.wikipedia.org/w/index.php?title=%ED%83%80%EB%B6%80_(2012%EB%85%84_%EC%98%81%ED%99%94)&action=edit&redlink=1,"아이돌 연습생이던 은지는 자신을 스폰 해주던 진태에게 버림받고 친 언니인 선영의 집으로 향한다. 이젠 형부가 되어버린 첫사랑인 준환은 그런 은지를 따뜻하게 받아주지만 선영은 오랜만에 찾아온 은지를 어린애 취급하며 과거 아이돌 연습생을 포기했던 자신의 길을 걸을까 걱정한다. 그 후로도 은지와 선영의 사소한 다툼들이 이어지고 그때마다 준환은 은지를 보듬어주고 위로한다. 준환의 그런 모습에 은지는 준환에게 점점 의지하게 된다. 준환도 회사를 그만둔 사실은 은지에게 고백하며 그들은 그렇게 서로의 마음으로 조금씩 빠르게 스며들기 시작한다. 얼마 후, 선영은 일주일 간 집을 비우고 출장길에 오르고, 출장길에 오르는 날, 은지에게 그간의 다툼에 미안한 마음을 전한다. 쌍둥이 목각인형을 통해 서로의 추억을 공유한 두 사람. 그렇게 단둘만이 남게 된 집안. 과거 준환을 짝사랑했던 은지는 준환의 기사 등을 스크랩한 노트를 준환에게 보여주며 준환의 아픈 상처를 보듬어 주려 한다. 준환도 그런 은지에게 고마움을 느끼며 감추고 숨겨두었던 자신의 마음을 열기 시작한다. 결국 둘은 넘어선 안 될 선을 넘게 되고 일 주간의 뜨거운 여름날을 보내기로 한다. 시간이 지날수록 점점 서로에게 빠져드는 두 사람. 하지만 약속한 일주일이 시간이 다 되어가고 은지는 준환을 갖고 싶은 욕망에 언니를 향한 질투심까지 느끼게 된다..."
오직 사랑하는 이들만이 살아남는다,https://ko.wikipedia.org/wiki/%EC%98%A4%EC%A7%81_%EC%82%AC%EB%9E%91%ED%95%98%EB%8A%94_%EC%9D%B4%EB%93%A4%EB%A7%8C%EC%9D%B4_%EC%82%B4%EC%95%84%EB%82%A8%EB%8A%94%EB%8B%A4,"미국 디트로이트와 모로코 탕헤르라는 먼 거리에 떨어져 지내는 뱀파이어 커플 아담과 이브. 수세기에 걸쳐 사랑을 이어온 이들이지만 언더그라운드 뮤지션으로 활동 중인 아담은 인간 세상에 대한 염증으로 절망에 빠져 있다. 이브는 그를 위로하기 위해 디트로이트행 밤비행기에 몸을 싣고 마침내 두 사람은 재회한다. 그러나 만남의 기쁨도 잠시, 이브의 통제불능 여동생 애바의 갑작스런 방문은 숨겨두었던 뱀파이어의 본능을 일깨우기 시작하는데… 21세기 현대사회, 아담과 이브는 과연 영원한 삶과 사랑을 이어갈 수 있을까."
비포 선셋,https://ko.wikipedia.org/wiki/%EB%B9%84%ED%8F%AC_%EC%84%A0%EC%85%8B,"비엔나에서의 꿈같은 하루, 6개월 후의 어긋난 약속… 그리고 9년이 지난 오늘, 파리에서 다시 마주한 제시와 셀린느. 서로 같지만 다른 기억을 간직해 온 두 사람 사이에 묘한 기류가 감돈다. “그날 당신이 내 모든 것을 가져가 버린 것 같아” 그렇게 그 간의 진심을 서로에게 털어놓는 사이, 해는 저물고, 또다시 헤어짐의 순간이 다가오는데… 처음보다 짙은 그들의 두 번째 사랑, 우리는 반드시 지금을 기억하게 될 거야."
스프링 브레이커스,https://ko.wikipedia.org/wiki/%EC%8A%A4%ED%94%84%EB%A7%81_%EB%B8%8C%EB%A0%88%EC%9D%B4%EC%BB%A4%EC%8A%A4,"일상이 무료하고 따분한 네 명의 여대생. 그녀들만의 화려한 스프링 브레이크를 즐기기 위해 위험하고도 화려한 플랜을 세우게 된다. 레스토랑을 털어 경비를 마련한 네 명의 겁 없는 소녀들은 가장 화끈한 스프링 브레이크를 보내기 위한 여행을 시작한다. 뜨거운 태양이 내리쬐는 바닷가, 신나는 음악과 춤, 술과 젊음이 멈추지 않는 파티 같은 매일 밤이 계속되던 중 네 명의 소녀들은 강도행각이 발각되어 경찰에 연행된다. 그녀들을 지켜보고 있던 에일리언(제임스 프랭코)은 그녀들이 나올 수 있도록 도움을 주는 대신, 위험하고도 달콤한 제안을 하게되는데…"
인히어런트 바이스,https://ko.wikipedia.org/wiki/%EC%9D%B8%ED%9E%88%EC%96%B4%EB%9F%B0%ED%8A%B8_%EB%B0%94%EC%9D%B4%EC%8A%A4,"약물에 절어 사는 사설 탐정 ‘닥’. 어느 날 그의 전 여자친구가 갑작스레 사라진다. 그녀는 실종 전 그를 찾아와 현재 억만장자인 남자친구가 있는데, 그 남자친구의 부인과 부인의 남자친구가 이 억만장자를 납치해서 정신병원에 넣을 계획을 세우고 있다는 이야기를 꺼내며 자신을 도와주길 ‘닥’에게 요구한다. 일은 꼬이고, 이제 ‘닥’은 전 여자친구의 실종 사건을 둘러싼 미스터리를 해결하려 하는데…"
도그빌,https://ko.wikipedia.org/wiki/%EB%8F%84%EA%B7%B8%EB%B9%8C,"록키 산맥에 자리한 작은 마을 '도그빌'. 이 평온한 곳에 어느 날 밤 총소리가 들린다. 그리고 한 미모의 여자가 마을로 숨어 들어온다. 창백한 얼굴에 왠지 모를 불안감을 드리우고 있는 이 비밀스러운 여자의 이름은 '그레이스'. 그녀를 처음 발견한 '톰'은 다만 그녀가 갱들에게 쫓기는 신세라는 사실만 알 수 있을 뿐이다. 첫눈에 그녀에게 반한 그는 그레이스를 마을 사람들에게 인도하는데. 갑작스런 이방인의 등장에 경계심을 거두지 못하는 마을 사람들. 하지만 톰의 설득으로 그레이스에겐 마을에서 머물 수 있는 2주의 시간이 주어진다. 그리고 2주의 시간이 지난 뒤, 도그빌 사람들은 천사 같은 그녀를 받아 들이기로 결정한다. 고단한 방랑에 지친 그레이스에게 도그빌은 그렇게 행복한 마을이 되어가고, 그레이스는 자신을 보살펴주는 톰에게 호감을 느끼기 시작한다. 어느 날 마을에 경찰이 들이닥치고, 곳곳마다 그레이스를 찾는 현상 포스터가 나붙는다. 소박하고 착해 보이기만 하던 도그빌 사람들은 점점 그녀를 의심하면서 변하기 시작하고, 숨겨준다는 대가로 그레이스를 견딜 수 없는 노동과 성적 학대 속으로 몰아넣는다. 결국 그레이스는 마을을 탈출하기로 결심하지만 그녀의 계획은 수포로 돌아가고, 마을 사람들은 그녀가 도망가지 못하도록 개목걸이를 채우기까지 한다. 하지만 그들은 아직 모른다. 그레이스가 숨겨온 단 하나의 비밀을..."
잠수종과 나비,https://ko.wikipedia.org/wiki/%EC%9E%A0%EC%88%98%EC%A2%85%EA%B3%BC_%EB%82%98%EB%B9%84_(%EC%98%81%ED%99%94),유명 잡지 ‘엘르’ 편집장으로 남부럽지 않은 인생을 즐기던 장 도미니크 보비 갑작스러운 뇌졸중으로 온몸이 마비되고 신체 중 유일하게 왼쪽 눈꺼풀만 움직일 수 있게 된다 자유롭던 몸짓이 한순간 잠수종에 갇힌 남자 하지만 기억과 상상력에 날개를 달아 새로운 도약을 시작하는데… 침묵 속에서 세상을 써 내려간 남자의 아름다운 실화가 시작된다!
더 울프 오브 월 스트리트,https://ko.wikipedia.org/wiki/%EB%8D%94_%EC%9A%B8%ED%94%84_%EC%98%A4%EB%B8%8C_%EC%9B%94_%EC%8A%A4%ED%8A%B8%EB%A6%AC%ED%8A%B8,"세상을 발칵 뒤집은 희대의 사기극! 최고들이 만들어낸 거짓말 같은 실화! 화려한 언변, 수려한 외모, 명석한 두뇌를 지닌 조단 벨포트(레오나르도 디카프리오)는 주가 조작으로 월스트리트 최고의 억만장자가 된다. 주체할 수 없이 많은 돈을 손에 쥔 그는 술과 파티, 여자에게 아낌 없이 쏟아 붓고, 급기야 FBI의 표적이 되는데… 인생은 한 방! 제대로 사기치고 화끈하게 즐겨라!"
올모스트 페이머스,https://ko.wikipedia.org/wiki/%EC%98%AC%EB%AA%A8%EC%8A%A4%ED%8A%B8_%ED%8E%98%EC%9D%B4%EB%A8%B8%EC%8A%A4,"1973년, 샌 디에이고 고등학교를 다니는 15세의 윌리암 밀러(패트릭 후지트 분)는 친구들과 어울리지 못하는 괴짜이다. 록큰롤에 심취한 그에게는 레드 제플린, 페이시스, 더 후, 험블 파이 등의 명 그룹들의 음악만이 유일한 벗일 뿐이다. 우연한 기회에 록 매거진의 편집장인 록 비평의 선구자 레스터 뱅스(필립 세이모어 호프먼 분)와 친해진 윌리암은 최고 인기의 락그룹 블랙 사바스와 인터뷰할 수 있는 기회를 가지게 된다. 사바스의 공연무대 뒷편에서 유명세를 타기 일보직전(almost famous)의 신진 그룹 '스틸워터(Stillwater)'를 만나 색다른 감동을 느낀 그는 허풍을 쳐서 스틸워터에 대한 롤링 스톤지의 특집기사 작성권을 따내고 어머니(프랜시스 맥도먼드 분)의 암묵적 허락에 힘입어 밴드의 투어에 따라나선다. 투어 중에 그는 밴드의 리드 기타리스트로 인기 급부상중인 러셀 하몬드(빌리 크루덥 분)와 그의 재능을 질투하는 리드 싱어 제프 베베(제이슨 리 분) 사이에 팽팽한 긴장감이 형성되어 있음을 확인하게 되는 한편, 스틸워터의 열광적인 팬인 페니 레인(케이트 허드슨 분)과 사랑에 빠진다. 그런데 그녀는 이미 유부남인 하몬드와 그렇고 그런 관계(그루피: groupie)이다. 스틸워터에 대한 기사를 작성해야 하는 윌리암이 정작 발견한 것은 자신이 존경하고 사랑하는 사람들에 대한 진실과 마주칠 때의 고통이다."
리턴,https://ko.wikipedia.org/wiki/%EB%A6%AC%ED%84%B4_(%EC%98%81%ED%99%94),"심장병 수술을 받던 중 수술의 고통을 그대로 느끼는 '수술 중 각성'을 겪은 10살 나상우. 상우는 극심한 고통의 기억으로 이상행동을 보이고, 어른들은 상우의 아픈 기억을 봉인한다. 옛친구, 강욱환의 갑작스러운 방문 이후 자신을 둘러싼 인물들이 의문의 죽음을 맞고 있음을 알게된 엘리트 외과의 류재우. 더욱이 함께 일하는 마취의 장석호와 정신과 전문의 오치훈과 마찰까지, 류재우는 알 수 없는 사건들에 휘말리고 결국 아내 희진마저 갑작스러운 사고를 당한다. 계속되는 의문의 사건 중심에 25년 전 '수술 중 각성'을 겪은 나상우가 연관되어 있음을 알게 된 류재우. 그의 존재를 쫓을수록 재우에게는 뜻밖의 진실이 다가오는데... 외과의 류재우, 정신과의 오치훈, 마취의 장석호, 그리고 강욱환 25년 전 사라진 나상우는 누구인가?"
셰임,https://ko.wikipedia.org/wiki/%EC%85%B0%EC%9E%84_(2011%EB%85%84_%EC%98%81%ED%99%94),"7:30 샤워 10:00 회의 후 화장실 15:00 회사 컴퓨터 하드 드라이브 19:00 첼시의 핫 플레이스 바 22:00 허드슨 강변의 어두운 골목 24:00 침실의 노트북 마스터베이션, 포르노그래피, 원나잇스탠드, 콜걸, 음란 채팅... 성공한 뉴욕 여피, 하지만 24시간 섹스 중독에 사로잡혀 이중적 삶을 살아가던 브랜든. 그리고 그의 삶에 불쑥 찾아 온 씨씨. 은밀한 이중 생활이 위태로워지자 브랜든은 점점 더 수위 높은 쾌락을 탐닉하게 되는데..."
시리어스 맨,https://ko.wikipedia.org/wiki/%EC%8B%9C%EB%A6%AC%EC%96%B4%EC%8A%A4_%EB%A7%A8,"대학에서 물리학을 가르치는 래리(마이클 스터버그)는 악재가 겹치면서 꼬여버린 생활 때문에 스트레스를 받는다. 아내는 자신의 친구와 바람이 나 이혼을 선언하고, 아들은 학교에서 말썽만 부리고, 딸은 코를 성형하겠다며 아빠의 지갑에 손을 대기 시작한다. 게다가 대학 종신재직권 심사에서 누군가의 제보로 낙마할 위기까지 겹치는 래리. 자꾸만 꼬여가는 인생이 억울했던 그는 ‘왜 자신에게만 이런 일이 일어나는지’ 신에게 묻고 싶어진다. 래리는 신을 대신할 세 명의 랍비를 찾아가는데……. 그들을 통해 진정한 삶의 의미를 찾을 수 있을까?"
A.I.,https://ko.wikipedia.org/wiki/A.I.,"과학문명은 천문학적 속도로 발전하고 있지만 극지방의 해빙으로 도시들은 물에 잠기고 천연자원은 고갈되어 가던 미래의 지구. 모든 생활을 감시받고, 먹는 음식조차 통제되는 그 세계에서 인간들은 인공지능 (Artificial Intelligence)을 가진 인조인간들의 봉사를 받으며 살아간다. 정원가꾸기, 집안 일, 말 동무등 로봇이 인간을 위해 해줄수 있는 일은 무한하다. 단 한가지 '사랑'만 빼고... 로봇에게 '감정'을 주입시키는 것은 로봇공학 발전의 마지막 관문이자, 논란의 쟁점이기도 했다. 인간들은 로봇을 정교한 가재 도구로 여길 뿐, 그 이상의 것을 용납하지 않았다. 그러나 많은 부부가 자식을 가질 수 없게 되면서 인간들은 로봇에게서 가재 도구 이상의 가치를 찾게 된다. 어느날 하비 박사는 감정이 있는 로봇을 만들겠다고 선언한다. 하비 박사의 계획에 따라 로봇 회사 Cybertronics Manufacturing을 통해 감정을 가진 최초의 인조인간 데이빗이 탄생하고, 데이빗은 Cybertronics사의 한 직원, 헨리 스윈튼의 집에 입양된다. 인간을 사랑하게끔 프로그래밍된 최초의 로봇 소년 데이빗. 스윈튼 부부의 친아들 마틴은 불치병에 걸려 치료약이 개발될 때까지 냉동된 상태다. 데이빗은 그들 부부의 아들 역할을 하며 인간사회에 적응해간다. 스윈튼 부부를 부모로 여기던 데이빗은 마틴이 퇴원하면서 버려지고 만다. 엄마가 들려준 피노키오 동화를 떠올리며 진짜 인간이 되어 잃어버린 엄마의 사랑을 되찾을 수 있다고 생각하는 데이빗은 자신의 장난감이자 친구이며 보호자인 테디 베어를 데리고 여행을 떠난다. 도중에 만난 남창 로봇 지골로 조가 데이빗과 동행하고 두 사이보그는 힘겨운 여정을 거치며 수몰된 맨하탄까지 찾아가지만..."
그녀,https://ko.wikipedia.org/wiki/%EA%B7%B8%EB%85%80_(%EC%98%81%ED%99%94),"다른 사람의 편지를 써주는 대필 작가로 일하고 있는 ‘테오도르’는 타인의 마음을 전해주는 일을 하고 있지만 정작 자신은 아내와 별거 중인 채 외롭고 공허한 삶을 살아가고 있다. 어느 날, 스스로 생각하고 느끼는 인공지능 운영체제 ‘사만다’를 만나게 되고, 자신의 말에 귀를 기울이며 이해해주는 ‘사만다’로 인해 조금씩 상처를 회복하고 행복을 되찾기 시작한 ‘테오도르’는 어느새 점점 그녀에게 사랑의 감정을 느끼게 되는데..."
예언자,https://ko.wikipedia.org/wiki/%EC%98%88%EC%96%B8%EC%9E%90_(%EC%98%81%ED%99%94),어느 날 그는 빗방울 소리를 모스부호로 착각한다. 그런데 그 내용이 심상치 않다.
파 프롬 헤븐,https://ko.wikipedia.org/wiki/%ED%8C%8C_%ED%94%84%EB%A1%AC_%ED%97%A4%EB%B8%90,"가장 행복해 보이는 그녀의 비밀일기 완벽한 결혼…어느 날 우연히 알게 된 남편의 비밀 나 ‘캐시’는 누가 봐도 행복하고 완벽한 결혼생활을 하고 있다. 어느 날, 늦게까지 야근하는 남편을 위해 도시락을 들고 사무실을 방문했다. 반가이 문을 연 순간…남편이 다른 남자와 키스하고 있다. 당황한 나는 곧바로 집에 돌어와, 불꺼진 침실에 한참을 앉아있었다. 뒤늦게 들어온 남편은 어렵게 말을 꺼냈다. “고백할 게 있어. 나, 예전부터…” 혼란스럽기만한 나에게 남편의 고백은 차라리 고마웠다. 그리고 생각했다. 남편은 바람핀 게 아니라 아픈 거라고. 고치면 나아질 수 있다고… 그날 이후 남편은 치료를 받기 시작했고, 난 우리의 사랑을 위해 더욱 노력했다. 한 사람만을 향해있던 내 마음에 서서히 바람이 불기 시작했다… 마이애미로 훌쩍 여행도 함께 떠나보지만, 남편의 우울증은 날로 심해져갔다. 그 무렵 새로 온 정원사 ‘레이몬드’는, 친구에게조차 말할 수 없던 나의 비밀스런 이야기를 나누는 유일한 사람이었다. 사심없이 그에게 속내를 털어놓고 나면 지친 마음이 한결 가벼워지곤 했다. 많은 것이 달랐지만, 함께 있으면 편하고 좋은 우린, 둘도 없는 친구 같았다. 그런데 어느 날, 그가 사랑을 고백해왔다. 한 사람만을 향해있던 내 사랑이 지금 흔.들.리.고.있.다."
아멜리에,https://ko.wikipedia.org/wiki/%EC%95%84%EB%A9%9C%EB%A6%AC%EC%97%90,"이름: 아멜리 풀랑 직업: 몽마르트르 두 개의 풍차 카페 직원 특징: 취미 부자 금요일 저녁, 혼자서 영화 보는 것을 즐기는 아멜리는 크렘 브륄레의 캐러멜을 티스푼으로 깨트리거나 생 마르탱 운하에서 하는 물수제비뜨기를 좋아한다. 현재 남자친구는 없으며 그녀의 주변은 늘 독특한 성격의 사람들로 북적인다. 세월이 흘러도 혼자만의 시간과 여유를 즐기던 아멜리에게 어느 날, 운명의 사건이 찾아왔다. 8월 29일, 48시간 뒤 그녀의 삶은 완전히 바뀔 것이다! 물론 그녀는 아직 이 사실을 알지 못하지만..."
스포트라이트,https://ko.wikipedia.org/wiki/%EC%8A%A4%ED%8F%AC%ED%8A%B8%EB%9D%BC%EC%9D%B4%ED%8A%B8_(2015%EB%85%84_%EC%98%81%ED%99%94),"미국의 3대 일간지 중 하나인 보스턴 글로브 내 ‘스포트라이트’팀은 가톨릭 보스턴 교구 사제들의 아동 성추행 사건을 취재한다. 하지만 사건을 파헤치려 할수록 더욱 굳건히 닫히는 진실의 장벽. 결코 좌절할 수 없었던 끈질긴 ‘스포트라이트’팀은 추적을 멈추지 않고, 마침내 성스러운 이름 속에 감춰졌던 사제들의 얼굴이 드러나는데… ‘스포트라이트’팀이 추적한 충격적인 스캔들이 밝혀진다!"
얼굴없는 여자,https://ko.wikipedia.org/w/index.php?title=%EC%96%BC%EA%B5%B4%EC%97%86%EB%8A%94_%EC%97%AC%EC%9E%90&action=edit&redlink=1,"2015년에 개봉한 미국의 드라마 영화이다. 톰 매카시가 감독을 맡았으며, 매카시와 조시 싱어가 각본을 맡았다. 이 영화는 매사추세츠주 가톨릭 교회에서 10여년간 벌어진 아동 성추행 스캔들을 파헤쳐 퓰리처상을 수상한 <보스턴 글로브> ‘스포트라이트’ 팀 기자들의 이야기를 그리고 있다. 마크 러펄로, 마이클 키턴, 레이철 매캐덤스, 리브 슈라이버, 존 슬래터리, 스탠리 투치가 출연한다. 2015년 9월, 베네치아 영화제에서 첫 선을 보였으며, 2015년 11월 6일 미국에서 제한 상영을 하였고 그로부터 3주 뒤인 2016년 11월 25일 미국 전역에서 개봉되었다. 미국 아카데미상 각본상과 최우수 작품상을 수상하였다."
피아니스트,https://ko.wikipedia.org/wiki/%ED%94%BC%EC%95%84%EB%8B%88%EC%8A%A4%ED%8A%B8_(2002%EB%85%84_%EC%98%81%ED%99%94),"""사랑한다면... 내가 시키는 대로 해"" 유명 음악학교의 피아노 교수 ‘에리카’는 잘생긴 외모와 뛰어난 음악적 재능을 가진 공대생 ‘월터’를 만난다. 첫눈에 반한 그의 적극적인 애정공세에 외롭고 쓸쓸했던 그녀의 일상에 조금씩 변화가 생기기 시작하고, 머뭇거림도 잠시, 에리카는 자신이 꿈꿔왔던 은밀하고도 치명적인 방식의 사랑을 요구하는데…"
엘 시크레토: 비밀의 눈동자,https://ko.wikipedia.org/wiki/%EC%97%98_%EC%8B%9C%ED%81%AC%EB%A0%88%ED%86%A0:_%EB%B9%84%EB%B0%80%EC%9D%98_%EB%88%88%EB%8F%99%EC%9E%90,"25년 전, 잊을 수 없는 살인사건과 말할 수 없는 사랑이 동시에 시작되었다! 벤야민 에스포지토는25년 전 목격한 젊고 아름다운 여성에 대한 강간살인 사건이 가슴깊이 새겨져 지워지지 않고, 결국 이 사건에 대해 소설을 쓰기로 결심한다. 그 기억의 편린을 쫓아 사건 당시 1970년대로 거슬러 올라가자, 자신의 상사이자 사랑했던 여린 이레네가 떠오르고, 기억 속 사건은 또 다른 비극의 시작을 예고하는데…. 영화제 소개글. 1970년대 아르헨티나, 끔찍한 강간살인 사건이 발생한다. 피해자의 남편과 여검사, 검사보의 합심으로 범인은 잡혀 종신형을 받게 된다. 그러나 정부는 범인이 반정부 게릴라 소탕에 협력한다는 이유로 범인을 풀어주고, 영화의 또다른 비극은 시작된다. 비극과 코미디, 스릴러와 로맨스를 아우르는 뛰어난 각본과, 역시 뛰어난 배우들의 숨 막히는 연기가 압권."
비겁한 로버트 포드의 제시 제임스 암살,https://ko.wikipedia.org/wiki/%EB%B9%84%EA%B2%81%ED%95%9C_%EB%A1%9C%EB%B2%84%ED%8A%B8_%ED%8F%AC%EB%93%9C%EC%9D%98_%EC%A0%9C%EC%8B%9C_%EC%A0%9C%EC%9E%84%EC%8A%A4_%EC%95%94%EC%82%B4,"제임스 갱단의 실존 인물 제시 제임스를 흠모한 로버트 포드가 그를 암살하기까지를 그린 서부극. 미국 전역을 떠들썩하게 하는 악당 제시 제임스는 청년 로버트 포드의 우상이자 동경의 대상이다. 그의 업적을 적은 책들을 사보며 그와 같이 되고 싶어하는 로버트 포드는 우연한 기회에 제시 제임스갱의 일원이 될 기회를 얻는다. 실제 가까이에서 본 제시는 다소 다혈질적이고 책에서와 같이 마냥 전설적인 행동만 하는 것이 아님을 알게 된 로버트 포드는 점점 그에게 실망하고 자신의 형과 자신에 실수로 인해 언제 제시에게 살해당할지 모른다는 두려움으로 그를 살해할 계획을 세우게 된다. 제시 제임스 (Jesse Woodson James, 1847 ~ 1882). 목사의 아들로 태어나 남북전쟁 때 형 프랭크와 함께 남군에 자원하여, 당시 잔인하기로 이름났던 W.C 캔트릴이 지휘하는 게릴라 부대에 들어가 미주리 주, 캔자스 주 지방에서 활약하였다. 전후에 10여 명의 동료 게릴라와 한패가 되어 은행강도를 하면서 두목이 되었다. 1873년에는 열차강도를 하면서 신출귀몰하여 추적대를 괴롭혔다. 그러나 그가 저지른 일이 아닌데도 그의 소행으로 지목된 사건들이 많았는데, 얼마 후 추적대에 쫓겨 미주리 주의 세인트 조지프에 숨어 살던 중 부하에게 살해되었다. 한편 형인 프랭크는 자수하여 재판을 받고 석방되어 평온한 만년을 보냈다. 당시 은행과 철도는 거의 북부의 자본이 지배하고 있었으므로 남부인들은 제시 등의 악행에 오히려 갈채를 보내며, ‘서부의 로빈후드’라 불렸다. 제시를 소재로 한 민요나 다임 노블 (Dime novel : 10센트짜리 저가형 소설) 서부극 영화가 많다."
라따뚜이,https://ko.wikipedia.org/wiki/%EB%9D%BC%EB%94%B0%EB%9A%9C%EC%9D%B4,"절대미각, 빠른 손놀림, 끓어 넘치는 열정의 소유자 ‘레미’. 프랑스 최고의 요리사를 꿈꾸는 그에게 단 한가지 약점이 있었으니, 바로 주방 퇴치대상 1호인 ‘생쥐’라는 것! 그러던 어느 날, 하수구에서 길을 잃은 레미는 운명처럼 파리의 별 다섯개짜리 최고급 레스토랑에 떨어진다. 그러나 생쥐의 신분으로 주방이란 그저 그림의 떡. 보글거리는 수프, 둑닥둑닥 도마소리, 향긋한 허브 내음에 식욕이 아닌 ‘요리욕’이 북받친 레미의 작은 심장은 콩닥콩닥 뛰기 시작하는데! 쥐면 쥐답게 쓰레기나 먹고 살라는 가족들의 핀잔에도 굴하지 않고 끝내 주방으로 들어가는 레미. 깜깜한 어둠 속에서 요리에 열중하다 재능 없는 견습생 ‘링귀니’에게 ‘딱’ 걸리고 만다. 하지만 해고위기에 처해있던 링귀니는 레미의 재능을 한눈에 알아보고 의기투합을 제안하는데. 과연 궁지에 몰린 둘은 환상적인 요리 실력을 발휘할 수 있을 것인가? 레니와 링귀니의 좌충우돌 공생공사 프로젝트가 아름다운 파리를 배경으로 이제 곧 펼쳐진다!"
렛 미 인,https://ko.wikipedia.org/wiki/%EB%A0%9B_%EB%AF%B8_%EC%9D%B8_(2008%EB%85%84_%EC%98%81%ED%99%94),"픽사에서 제작하여 월트 디즈니 픽처스에서 배급한 컴퓨터 애니메이션 코미디 영화이다. 요리사가 되고 싶어하는 쥐 레미의 이야기를 다루고 있다.
"
문라이즈 킹덤,https://ko.wikipedia.org/wiki/%EB%AC%B8%EB%9D%BC%EC%9D%B4%EC%A6%88_%ED%82%B9%EB%8D%A4,"사고로 가족을 잃고 위탁가정을 전전하는 카키 스카우트의 문제아 '샘' 부유한 가정에서 자랐지만 친구라곤 라디오와 책, 고양이밖에 없는 외톨이 '수지' 1년 전, 교회에서 단체로 연극을 보다가 몰래 빠져나온 '샘'은 까마귀 분장을 한 '수지'에게 한눈에 반하게 되고, 그 후로 둘은 펜팔을 통해 감춰왔던 상처와 외로움을 나누며 점점 가까워진다. 서로를 보듬어주는 유일한 소울메이트이자 연인이 된 '샘'과 '수지'는 아무도 모르는 둘만의 아지트를 찾아 떠나기로 결심하고, 필요한 준비물들을 챙겨 각자 약속 장소로 향한다. 몇 시간 후 '샘'과 '수지'의 실종사건으로 인해 펜잔스 섬은 발칵 뒤집히고, 수지의 부모님과 카키 스카우트 대원들은 둘의 행방을 찾아 수색작전을 벌이기 시작하는데... 과연 '샘'과 '수지'의 애틋한 사랑은 이루어질 수 있을까?"
니모를 찾아서,https://ko.wikipedia.org/wiki/%EB%8B%88%EB%AA%A8%EB%A5%BC_%EC%B0%BE%EC%95%84%EC%84%9C,“디즈니`픽사 최고의 애니메이션이 3D로 다시 찾아온다!” 호기심 가득한 아기 물고기 ‘니모’가 인간에게 납치되자 아들바보 아빠 ‘말린’은 상상초월 위험이 도사리고 있는 바다로 아들을 구하기 위한 모험을 떠난다. 건망증이 심한 수다쟁이 물고기 ‘도리’와 함께 떠나는 모험에서 ‘말린’은 과연 아들을 구해낼 수 있을까? 전 세계가 사랑한 최고의 모험이 3D로 펼쳐진다! BONUS STORY <토이 스토리>의 NEW 에피소드 <파티공룡 렉스>도 최초 공개됩니다! 친구들 사이에서 항상 분위기를 망치는 인물로 지목 받는 불쌍한 렉스. 하지만 주인인 보니가 목욕시간에 데려가자 렉스는 욕실의 분위기 메이커인 ‘파티공룡’으로 새롭게 탄생 하는데…
백인의 것,https://ko.wikipedia.org/w/index.php?title=%EB%B0%B1%EC%9D%B8%EC%9D%98_%EA%B2%83&action=edit&redlink=1,"어둠 속에 군인들이 집안을 수색한다. 이어서 집이 불타오르고, 백인 여자가 길에서 버스를 잡아타고 어디론가 향한다. 마리아는 내전 중인 아프리카에서 목숨을 걸고 커피 수확을 위해 남기로 한 것이다. 부산을 사랑하는 클레르 드니와 프랑스 최고 여배우 이자벨 위페르가 콤비를 이룬 베니스영화제경쟁작으로 백인의 과거에 대한 통렬한 메시지가 충격적이다."
텐,https://ko.wikipedia.org/w/index.php?title=%ED%85%90_(%EC%98%81%ED%99%94)&action=edit&redlink=1,"이란의 테헤란에서 운전기사로 일하는 한 여성과 그녀의 차에 탄 10명의 승객과의 10개의 대화를 담은 다큐멘터리 작품. 그녀의 아들, 바람난 신부, 매춘부, 종교적 순례길에 오른 여인 등등 다양한 삶을 살고 있지만 종종 묵시당했던 사람들의 이야기를 통해 삶과 감정에 새로운 활력을 불어넣게 된다."
이삭 줍는 사람들과 나,https://ko.wikipedia.org/w/index.php?title=%EC%9D%B4%EC%82%AD_%EC%A4%8D%EB%8A%94_%EC%82%AC%EB%9E%8C%EB%93%A4%EA%B3%BC_%EB%82%98&action=edit&redlink=1,"감독은 시장에서 버려진 음식을 줍는 사람들을 보며 밀레의 〈이삭 줍는 사람들〉이라는 그림을 떠올린다. 그리고 프랑스의 시골과 도시를 여행하듯 돌아다니며 무언가를 주워서 사는 사람들에 대한 영화를 만들기로 한다. 그녀의 카메라에 포착된 사람들은 자본주의 사회에서 ‘쓰레기’로 분류된 것들을 주워 생계를 해결하거나 예술작품을 만든다. 그들은 수확이 끝난 밭에 나뒹구는 감자들을 채집하거나 열매를 따거나 쓰레기통을 뒤진다. 그들이 건진 음식물이나 물건들은 여전히 쓸모가 있고 싱싱하다. 이들의 삶의 방식은 단순히 끼니를 해결하기 위한 것이 아니라, 대량생산과 대량소비 사회에 대한 저항이기도 하다. 감독은 가난하지만 필요한 만큼만 취하며 사는 사람들을 보며 노년의 감독으로서 자기 자신을 돌아본다. 그는 무언가를 줍는 사람들의 행위가 자신이 영화를 만드는 과정과 닮아 있다는 생각을 하며 이 영화를 완성해간다."
카를로스,https://ko.wikipedia.org/w/index.php?title=%EC%B9%B4%EB%A5%BC%EB%A1%9C%EC%8A%A4_(%EC%98%81%ED%99%94)&action=edit&redlink=1,"1970년대 암약했던 베네수엘라 출신 희대의 테러리스트 카를로스 더 재칼. 냉전시절 공산주의 조직과 아랍민족주의단체 등과 연계해 대형 암살, 테러사건을 일으켰고, 특히 1975년 석유수출국기구(OPEC)의 빈 본부 폭파테러로 악명을 떨쳤으며 1994년 수단에서 체포돼 프랑스에서 종신형을 받고 복역 중이다. 3부작 TV 미니시리즈로 프랑스에서 첫 선을 보였으며 5시간짜리 극장판이 칸국제영화제 비경쟁 부문에서 상영됐다. 영화버전은 185분/165분, 영화제 버전은 330분/319분, TV버전은 550분이다."
레퀴엠,https://ko.wikipedia.org/wiki/%EB%A0%88%ED%80%B4%EC%97%A0_(2000%EB%85%84_%EC%98%81%ED%99%94),"이번 레퀴엠 실황에서는 세계적으로 유명한 밀라노의 라스칼라 오페라 극장에서 네 명의 독창자 안야 하르테로스(소프라노), 엘리나 가랑차(메조 소프라노), 요나스 카우프만(테너), 르네 파페(베이스)와 라 스칼라 오케스트라, 합창단 그리고 그들을 지휘하는 세계적인 지휘자 다니엘 바렌보임까지 최고의 아티스트들이 펼치는 진혼미사곡이다."
토니 에르트만,https://ko.wikipedia.org/wiki/토니_에르트만,2016년 독일과 오스트리아의 코미디 드라마 영화이다.