title,intro,link_url
범죄도시,2004년 서울… 하얼빈에서 넘어와 단숨에 기존 조직들을 장악하고 가장 강력한 세력인 춘식이파 보스 ‘황사장(조재윤 분)’까지 위협하며 도시 일대의 최강자로 급부상한 신흥범죄조직의 악랄한 보스 ‘장첸(윤계상 분)’. 대한민국을 뒤흔든 ‘장첸(윤계상 분)’ 일당을 잡기 위해 오직 주먹 한방으로 도시의 평화를 유지해 온 괴물형사 ‘마석도(마동석 분)’와 인간미 넘치는 든든한 리더 ‘전일만(최귀화 분)’ 반장이 이끄는 강력반은 나쁜 놈들을 한방에 쓸어버릴 끝.짱.나.는. 작전을 세우는데… 통쾌하고! 화끈하고! 살벌하게! 나쁜 놈들 때려잡는 강력반 형사들의 ‘조폭소탕작전’이 시작된다!,https://search.naver.com/search.naver?where=nexearch&sm=tab_etc&pkid=68&os=5470776&qvt=0&query=%EB%B2%94%EC%A3%84%EB%8F%84%EC%8B%9C%201
극한직업,"불철주야 달리고 구르지만 실적은 바닥, 급기야 해체 위기를 맞는 마약반! 더 이상 물러설 곳이 없는 팀의 맏형 고반장은 국제 범죄조직의 국내 마약 밀반입 정황을 포착하고 장형사, 마형사, 영호, 재훈까지 4명의 팀원들과 함께 잠복 수사에 나선다. 마약반은 24시간 감시를 위해 범죄조직의 아지트 앞 치킨집을 인수해 위장 창업을 하게 되고, 뜻밖의 절대미각을 지닌 마형사의 숨은 재능으로 치킨집은 일약 맛집으로 입소문이 나기 시작한다. 수사는 뒷전, 치킨장사로 눈코 뜰 새 없이 바빠진 마약반에게 어느 날 절호의 기회가 찾아오는데… 범인을 잡을 것인가, 닭을 잡을 것인가!",https://search.naver.com/search.naver?where=nexearch&sm=tab_etc&pkid=68&os=6621719&qvt=0&query=%EC%98%81%ED%99%94%20%EA%B7%B9%ED%95%9C%EC%A7%81%EC%97%85
꾼,"대한민국을 발칵 뒤집어 놓은 ‘희대의 사기꾼’ 장두칠이 돌연 사망했다는 뉴스가 발표된다. 그러나 그가 아직 살아있다는 소문과 함께 그를 비호했던 권력자들이 의도적으로 풀어준 거라는 추측이 나돌기 시작한다. 사기꾼만 골라 속이는 사기꾼 지성(현빈)은 장두칠이 아직 살아있다며 사건 담당 검사 박희수(유지태)에게 그를 확실하게 잡자는 제안을 한다. 박검사의 비공식 수사 루트인 사기꾼 3인방 고석동(배성우), 춘자(나나), 김 과장(안세하)까지 합류시켜 잠적한 장두칠의 심복 곽승건(박성웅)에게 접근하기 위한 새로운 판을 짜기 시작한다. 하지만 박검사는 장두칠 검거가 아닌 또 다른 목적을 위해 은밀히 작전을 세우고, 이를 눈치 챈 지성과 다른 꾼들도 서로 속지 않기 위해 각자만의 계획을 세우기 시작하는데… 이 판에선 누구도 믿지 마라! 진짜 ‘꾼’들의 예측불가 팀플레이가 시작된다!",https://search.naver.com/search.naver?where=nexearch&sm=tab_etc&pkid=68&os=3700574&qvt=0&query=%EC%98%81%ED%99%94%20%EA%BE%BC
아가씨,"어릴 적 부모를 잃고 후견인 이모부(조진웅)의 엄격한 보호 아래 살아가는 귀족 아가씨(김민희). 그녀에게 백작이 추천한 새로운 하녀가 찾아온다. 매일 이모부의 서재에서 책을 읽는 것이 일상의 전부인 외로운 아가씨는 순박해 보이는 하녀에게 조금씩 의지하기 시작한다. 하지만 하녀의 정체는 유명한 여도둑의 딸로, 장물아비 손에서 자란 소매치기 고아 소녀 숙희(김태리). 막대한 재산을 상속받게 될 아가씨를 유혹하여 돈을 가로채겠다는 사기꾼 백작(하정우)의 제안을 받고 아가씨가 백작을 사랑하게 만들기 위해 하녀가 된 것. 드디어 백작이 등장하고, 백작과 숙희는 자신만의 방식으로 아가씨의 마음을 흔들기 시작하는데… 돈과 마음을 뺏기 위해 서로 속고 속이는 매혹적인 그들의 이야기가 시작된다!",https://search.naver.com/search.naver?where=nexearch&sm=tab_etc&pkid=68&os=2042837&qvt=0&query=%EC%98%81%ED%99%94%20%EC%95%84%EA%B0%80%EC%94%A8
쿠폰의 여왕,"쿠폰 모으기를 삶의 낙으로 삼으며 마트 직원에게 ‘쿠폰으로 창조 경제’를 설파하던 주부 코니. 어느 날, 공짜 쿠폰으로 돈을 벌 수 있는 획기적인 아이디어를 떠올리고 이웃집 절친이자 유튜버 꿈나무인 조조를 설득해 실행에 착수, 대박을 터뜨린다. 비즈니스 대성공의 기쁨을 만끽하며 명품부터 슈퍼카, 최신 무기 쇼핑까지 돈세탁에 열중하던 그때, 수상함을 감지한 마트 손실 방지 전문가 켄이 본격 수사에 나서는데…! 역대 최고 규모! 쿠폰으로 백만장자 된 여자들의 쿠폰 실화! 골 때리는 범죄 코미디가 온다!",https://search.naver.com/search.naver?where=nexearch&sm=tab_etc&pkid=68&os=25936005&qvt=0&query=%EC%BF%A0%ED%8F%B0%EC%9D%98%20%EC%97%AC%EC%99%95
마스터,"화려한 언변, 사람을 현혹하는 재능, 정관계를 넘나드는 인맥으로 수만 명 회원들에게 사기를 치며 승승장구해 온 원네트워크 ‘진회장’(이병헌). 반년간 그를 추적해 온 지능범죄수사팀장 ‘김재명’(강동원)은 진회장의 최측근인 ‘박장군’(김우빈)을 압박한다. 원네트워크 전산실 위치와 진회장의 로비 장부를 넘기라는 것. 뛰어난 프로그래밍 실력과 명석한 두뇌로 원네트워크를 키워 온 브레인 박장군은 계획에 차질이 생긴 것을 감지하자 빠르게 머리를 굴리기 시작한다. 진회장은 물론 그의 뒤에 숨은 권력까지 모조리 잡기 위해 포위망을 좁혀가는 재명, 오히려 이 기회를 틈타 돈도 챙기고 경찰의 압박에서도 벗어날 계획을 세우는 장군. 하지만 진회장은 간부 중에 배신자가 있음을 눈치채고, 새로운 플랜을 가동하는데… 지능범죄수사대, 희대의 사기범, 그리고 브레인 서로 속고 속이는 추격이 시작된다!",https://search.naver.com/search.naver?where=nexearch&sm=tab_etc&pkid=68&os=3170064&qvt=0&query=%EC%98%81%ED%99%94%20%EB%A7%88%EC%8A%A4%ED%84%B0
짱구는 못말려 극장판：엄청 맛있어! B급 음식 서바이벌!,"볶음 국수를 먹기 위해 부모님들 몰래 ‘B급 음식 대축제’로 향하던 짱구와 떡잎마을 방범대 일행은 수수께끼의 여인으로부터 전설의 소스를 볶음 국수 달인에게 전달해 줄 것을 부탁 받는다. 그 소스는 바로 서민들이 사랑하는 B급 음식들을 모두 없애고 축제를 점령하려는 ‘A급 요리기구’로 부터 B급 음식을 구할 수 있는 전설의 소스! 이 소스를 노리는 A급 요리 기구는 특급 요원들을 동원해 짱구 일행을 막으려 하고, 설상가상 짱구와 친구들은 숲에서 길을 잃어버리고 마는데...! 과연 짱구와 친구들은 전설의 소스를 무사히 소스의 달인 강사장에게 전하고, 서민들의 즐거움인 B급 음식들을 지킬 수 있을까?!",https://search.naver.com/search.naver?where=nexearch&sm=tab_etc&pkid=68&os=1836386&qvt=0&query=%EC%A7%B1%EA%B5%AC%EB%8A%94%20%EB%AA%BB%EB%A7%90%EB%A0%A4%20%EA%B7%B9%EC%9E%A5%ED%8C%90%EF%BC%9A%EC%97%84%EC%B2%AD%20%EB%A7%9B%EC%9E%88%EC%96%B4!%20B%EA%B8%89%20%EC%9D%8C%EC%8B%9D%20%EC%84%9C%EB%B0%94%EC%9D%B4%EB%B2%8C!
베테랑,"한 번 꽂힌 것은 무조건 끝을 보는 행동파 ‘서도철’(황정민), 20년 경력의 승부사 ‘오팀장’(오달수), 위장 전문 홍일점 ‘미스봉’(장윤주), 육체파 ‘왕형사’(오대환), 막내 ‘윤형사’(김시후)까지 겁 없고, 못 잡는 것 없고, 봐 주는 것 없는 특수 강력사건 담당 광역수사대. 오랫동안 쫓던 대형 범죄를 해결한 후 숨을 돌리려는 찰나, 서도철은 재벌 3세 ‘조태오’(유아인)를 만나게 된다. 세상 무서울 것 없는 안하무인의 조태오와 언제나 그의 곁을 지키는 오른팔 ‘최상무’(유해진). 서도철은 의문의 사건을 쫓던 중 그들이 사건의 배후에 있음을 직감한다. 건들면 다친다는 충고에도 불구하고 포기하지 않는 서도철의 집념에 판은 걷잡을 수 없이 커져가고 조태오는 이를 비웃기라도 하듯 유유히 포위망을 빠져 나가는데… 베테랑 광역수사대 VS 유아독존 재벌 3세 2015년 여름, 자존심을 건 한판 대결이 시작된다!",https://search.naver.com/search.naver?where=nexearch&sm=tab_etc&pkid=68&os=1848831&qvt=0&query=%EC%98%81%ED%99%94%20%EB%B2%A0%ED%85%8C%EB%9E%91
투캅스 인 파리: 더 테이크다운,절대 상극인 두 형사가 10년 만에 콤비가 된다. 분열된 프랑스의 한 시골 마을에서 벌어진 살인 사건 수사를 위해 다시 손을 잡은 두 남자. 그곳에 도사리던 거대한 음모와 만난다.,https://search.naver.com/search.naver?where=nexearch&sm=tab_etc&pkid=68&os=26210720&qvt=0&query=%ED%88%AC%EC%BA%85%EC%8A%A4%20%EC%9D%B8%20%ED%8C%8C%EB%A6%AC%3A%20%EB%8D%94%20%ED%85%8C%EC%9D%B4%ED%81%AC%EB%8B%A4%EC%9A%B4
베놈 2: 렛 데어 비 카니지,"‘베놈’과 완벽한 파트너가 된 ‘에디 브록’(톰 하디) 앞에 ‘클리터스 캐서디’(우디 해럴슨)가 ‘카니지’로 등장, 앞으로 닥칠 대혼돈의 세상을 예고한다. 대혼돈의 시대가 시작되고, 악을 악으로 처단할 것인가?",https://search.naver.com/search.naver?where=nexearch&sm=tab_etc&pkid=68&os=10040839&qvt=0&query=%EB%B2%A0%EB%86%88%202%3A%20%EB%A0%9B%20%EB%8D%B0%EC%96%B4%20%EB%B9%84%20%EC%B9%B4%EB%8B%88%EC%A7%80
야차,"전 세계 스파이의 최대 접전지 선양에서 활동하는 국정원 해외 비밀공작 전담 블랙팀. 임무 완수를 위해서라면 수단과 방법을 가리지 않아 일명 ‘야차’로 불리는 지강인(설경구)이 이끄는 블랙팀의 보고서가 전부 가짜인 것으로 밝혀진다. 이에 국정원은 서울중앙지검에서 좌천된 검사 한지훈(박해수)을 특별감찰관으로 파견한다. 한지훈은 보고되지 않은 블랙팀의 행동에 의심을 품고 끈질기게 따라붙지만, 야차와 블랙팀은 개의치 않고 그들만의 방식으로 공작을 펼쳐나간다. 마침내 블랙팀의 진짜 임무의 전말을 알게 되고 북한, 중국, 일본까지 동북아 주요 스파이들이 얽혀있는 비밀공작의 실체가 드러나는데… 잡지 않으면 잡히는 스파이들의 진짜 전쟁이 시작된다!",https://search.naver.com/search.naver?where=nexearch&sm=tab_etc&pkid=68&os=10843079&qvt=0&query=%EC%98%81%ED%99%94%20%EC%95%BC%EC%B0%A8
사랑이 지나간 자리,"아버지가 돌아가신 후 서재를 정리하던 ‘클라렌스’는 과거 스페인의 식민지였던 기니에서 온 의문의 편지를 발견하고, 가족들의 과거를 추적하기 위해 낯선 곳으로의 여행을 떠난다. 그곳에서 자신의 아버지 ‘하코보’와 작은아버지 ‘킬리안’, 그리고 원주민 처녀 ‘비실라’의 존재를 알게 되고, 숨겨졌던 두 남녀의 비극적 사랑의 역사와 마주하게 되는데…",https://search.naver.com/search.naver?where=nexearch&sm=tab_etc&pkid=68&os=3196839&qvt=0&query=%EC%98%81%ED%99%94%20%EC%82%AC%EB%9E%91%EC%9D%B4%20%EC%A7%80%EB%82%98%EA%B0%84%20%EC%9E%90%EB%A6%AC
프리즌,"밤이 되면 죄수들이 밖으로 나가 대한민국 완전범죄를 만들어내는 교도소 그 교도소의 권력 실세이자 왕으로 군림하는 익호(한석규). 그 곳에 검거율 100%로 유명한 전직 경찰 유건(김래원)이 뺑소니, 증거인멸, 경찰 매수의 죄목으로 입소하게 되고, 특유의 깡다구와 다혈질 성격으로 익호의 눈에 띄게 된다. 익호는 유건을 새로운 범죄에 앞세우며 점차 야욕을 내보이는데 … 세상을 움직이는 놈들은 따로 있다 감옥 문이 열리면 큰 판이 시작된다!",https://search.naver.com/search.naver?where=nexearch&sm=tab_etc&pkid=68&os=3368775&qvt=0&query=%EC%98%81%ED%99%94%20%ED%94%84%EB%A6%AC%EC%A6%8C
시니어 이어,치어리딩 공연 중 사고를 당해 코마에 빠진 소녀. 20년 후 서른일곱 살이 되어 깨어난다. 그럼 이제 고등학생 시절의 꿈을 실행에 옮길 차례. 졸업 파티 퀸이 되고 말 거야!,https://search.naver.com/search.naver?where=nexearch&sm=tab_etc&pkid=68&os=26223824&qvt=0&query=%EC%8B%9C%EB%8B%88%EC%96%B4%20%EC%9D%B4%EC%96%B4
분노의 질주: 더 얼티메이트,"도미닉(빈 디젤)은 자신과 가장 가까웠던 형제 제이콥(존 시나)이 사이퍼(샤를리즈 테론)와 연합해 전 세계를 위기로 빠트릴 위험천만한 계획을 세운다는 사실을 알게 되고, 이를 막기 위해 다시 한 번 패밀리들을 소환한다. 가장 가까운 자가 한순간, 가장 위험한 적이 된 상황 도미닉과 패밀리들은 이에 반격할 놀라운 컴백과 작전을 세우고 지상도, 상공도, 국경도 경계가 없는 불가능한 대결이 시작되는데…",https://search.naver.com/search.naver?where=nexearch&sm=tab_etc&pkid=68&os=10203031&qvt=0&query=%EB%B6%84%EB%85%B8%EC%9D%98%20%EC%A7%88%EC%A3%BC%3A%20%EB%8D%94%20%EC%96%BC%ED%8B%B0%EB%A9%94%EC%9D%B4%ED%8A%B8
인터프리터,"아프리카 태생인 UN 통역사 실비아 브룸 (니콜 키드만 분)이 그녀 외 극소수만이 알고 있는 언어로 아프리카 정치 지도자의 목숨을 위협하는 것을 엿들었다고 강력히 주장하면서 사건은 시작된다. 눈 깜짝할 사이에 그녀는 살인자들의 대상이 되어 목숨이 위태로워진다. 그러자 연방요원 토빈 켈러 (숀 펜 분) 의 보호를 받게 되면서 그녀의 상황은 더욱 더 끔찍해진다. 그녀의 미심 적은 과거와 그녀가 비밀스럽게 국제적으로 연결 되어 있다는 사실을 파헤치게 되면서 그녀가 음모 속으로 직접 뛰어들지 않았나 하고 더욱 의심하게 되고, 매 순간마다 그는 그녀를 더욱더 의심스럽게 만드는 증거들을 찾아내게 된다. 실비아는 희생자일까? 용의자일까? 아니면 전혀 다른 무언가가 있는 것일까? 그리고 개인적인 마음의 상처를 가진 토빈이 과연 그녀를 안전하게 지킬 수 있을 것인가? 실비와 토빈은 서로 의지 하여야 하는 상황에서 너무 늦기 전에 엄청난 국제 위기를 막기 위해 끝까지 진실을 밝혀 내야 하는데..",https://search.naver.com/search.naver?where=nexearch&sm=tab_etc&pkid=68&os=1777768&qvt=0&query=%EC%9D%B8%ED%84%B0%ED%94%84%EB%A6%AC%ED%84%B0
케이프 피어,"영화는 복수심에 불타는 맥스 케이디(Max Cady: 로버트 드니로 분)가 강간 폭행죄로 14년형을 마치고 출소하면서부터 시작된다. 감옥에 있는 동안 글을 배우고 문학서에서 철학서 등을 독파, 스스로 변호할 수준까지 오른 맥스는 자신의 과거 공선변호사인 샘 보든(Sam Bowden: 닉 놀테 분)을 찾아간다. 샘은 14년전 케이디가 무죄를 선고 받을 수 있는 정보를 입수했지만 16세 소녀를 강간한 그에겐 자유를 누릴 권리가 없다고 판단, 검찰측에 제시하지 않았다. 이 사실을 알고 있는 맥스는 샘이 자신을 배신했다는 생각에 수감내내 복수심을 키워온 것. 처음 맥스의 위협을 받고 가볍게 생각했던 샘은 맥스가 평소 가까이 지내던 법원서기인 로리 데이비스에게 접근하여 그녀에게 무자비한 성폭행을 보고는 경악한다. 사립 탐정 커젝(Claude Kersek: 죠 돈 베이커 분)을 고용한 샘은 그일로 점차 자신의 가정까지 흔들리는 것을 느끼게 된다. 한편 맥스는 막 사춘기에 접어든 15살 난 샘의 딸 대니(Danielle Bowden: 줄리엣 루이스 분)가 한창 성격이 반항적이고 성적 호기심이 높은 것을 이용하여 헨리 밀러의 '섹서스'와 '북회귀선' 등을 이용하여 접근한다. 위기 의식을 느낀 나머지 샘은 청부업자를 고용하여 맥스를 습격하게 한다. 청부업자들은 파이프와 체인으로 맥스를 피투성이로 만들지만 불사신 같은 맥스는 이들을 때려 눕힌다. 이 사건은 맥스의 복수심을 더욱 자극하는 계기가 되고 맥스는 처절한 복수의 화신이 되어 샘을 괴롭힌다. 그의 최후 복수의 장소는 폭풍이 휘몰아치는 케이프 피어. 그곳에서 맥스와 샘의 마지막 대결은 빛도 소리도 없는 다만 공포로 변해간다.",https://search.naver.com/search.naver?where=nexearch&sm=tab_etc&pkid=68&os=1749071&qvt=0&query=%EC%98%81%ED%99%94%20%EC%BC%80%EC%9D%B4%ED%94%84%20%ED%94%BC%EC%96%B4
마녀,"10년 전 의문의 사고가 일어난 시설에서 홀로 탈출한 후 모든 기억을 잃은 ‘자윤’. 나이도, 이름도 모르는 자신을 거두고 키워준 노부부의 보살핌으로 씩씩하고 밝은 여고생으로 자라났다. 어려운 집안사정을 돕기 위해 상금이 걸린 오디션 프로그램에 출연한 자윤, 방송이 나간 직후부터 의문의 인물들이 그녀 앞에 나타난다. 자윤의 주변을 맴돌며 날카롭게 지켜보는 남자 ‘귀공자’, 그리고 과거 사고가 일어난 시점부터 사라진 아이를 찾던 ‘닥터 백’과 ‘미스터 최’까지 자신은 전혀 기억하지 못하는 그들의 등장으로, 자윤은 혼란에 휩싸이게 되는데...! 그들이 나타난 후 모든 것이 바뀌었다",https://search.naver.com/search.naver?where=nexearch&sm=tab_etc&pkid=68&os=8253198&qvt=0&query=%EB%A7%88%EB%85%80%201
챔피언,"미국 로스엔젤레스, 한 때 팔씨름 세계 챔피언을 꿈꿨지만 지금은 클럽에서 일하는 ‘마크’(마동석)는 자칭 최고의 스포츠 에이전트 ‘진기’(권율)의 설득에 한국으로 돌아온다. “나한테는 팔씨름 밖에 없었어… 나 믿어!” 멈췄던 팔뚝이 다시 뛰기 시작한 ‘마크’. '진기'에게서 귀국 선물(?)로 받은 오래 전 헤어진 엄마 주소를 찾아가지만 그곳엔 엄마 대신 본 적 없는 여동생 ‘수진’(한예리)과 두 아이 ‘쭌쭌남매’가 떡하니 살고 있는데… 잡는 순간 모두 넘긴다! 챔피언을 향한 어메이징 뒤집기 한 판이 시작된다!",https://search.naver.com/search.naver?where=nexearch&sm=tab_etc&pkid=68&os=6390979&qvt=0&query=%EC%98%81%ED%99%94%20%EC%B1%94%ED%94%BC%EC%96%B8
특송,예상치 못한 배송사고로 걷잡을 수 없는 사건에 휘말린 특송 전문 드라이버 ‘은하’. 어쩌다 맡게 된 반송 불가 수하물에 출처를 알 수 없는 300억까지! 경찰과 국정원의 타겟이 되어 도심 한복판 모든 것을 건 추격전을 벌이게 되는데… NO브레이크! FULL엑셀! 성공률 100% 특송 전문 드라이버가 온다!,https://search.naver.com/search.naver?where=nexearch&sm=tab_etc&pkid=68&os=9803083&qvt=0&query=%EC%98%81%ED%99%94%20%ED%8A%B9%EC%86%A1
해리 포터와 마법사의 돌,"해리 포터(다니엘 래드클리프 분)는 위압적인 버논 숙부(리챠드 그리피스 분)와 냉담한 이모 페투니아 (피오나 쇼 분), 욕심 많고 버릇없는 사촌 더즐리(해리 멜링 분) 밑에서 갖은 구박을 견디며 계단 밑 벽장에서 생활한다. 이모네 식구들 역시 해리와의 동거가 불편하기는 마찬가지. 이모 페투니아에겐 해리가 이상한(?) 언니 부부에 관한 기억을 떠올리게 만드는 달갑지 않은 존재다. 11살 생일이 며칠 앞으로 다가왔지만 한번도 생일파티를 치르거나 제대로 된 생일선물을 받아 본 적이 없는 해리로서는 특별히 신날 것도 기대 할 것도 없다. 11살 생일을 며칠 앞둔 어느 날 해리에게 초록색 잉크로 쓰여진 한 통의 편지가 배달된다. 그 편지의 내용은 다름 아닌 해리의 11살 생일을 맞이하여 전설적인“호그와트 마법학교”에서 보낸 입학초대장이었다. 그리고 해리의 생일을 축하하러 온 거인 해그리드는 해리가 모르고 있었던 해리의 진정한 정체를 알려주는데. 그것은 바로 해리가 굉장한 능력을 지닌 마법사라는 것! 해리는 해그리드의 지시대로 자신을 구박하던 이모네 집을 주저없이 떠나 호그와트행을 택한다. 런던의 킹스크로스 역에 있는 비밀의 9와 3/4 승장장에서 호그와트 특급열차를 탄 해리는 열차 안에서 같은 호그와트 마법학교 입학생인 헤르미온느 그레인저(엠마 왓슨 분)와 론 위즐리 (루퍼트 그린트 분)를 만나 친구가 된다. 이들과 함께 호그와트에 입학한 해리는, 놀라운 모험의 세계를 경험하며 갖가지 신기한 마법들을 배워 나간다. 또한 빗자루를 타고 공중을 날아다니며 경기하는 스릴 만점의 퀴디치 게임에서 스타로 탄생하게 되며, 용, 머리가 셋 달린 개, 유니콘, 켄타우루스, 히포그리프(말 몸에 독수리 머리와 날개를 가진 괴물)등 신비한 동물들과 마주치며 모험을 즐긴다. 그러던 어느 날 해리는 호그와트 지하실에 `영원한 생을 가져다주는 마법사의 돌'이 비밀리에 보관되어 있다는 것을 알게되고, 해리의 부모님을 죽인 볼드모트가 그 돌을 노린다는 사실도 알게 된다. 볼드모트는 바로 해리를 죽이려다 실패하고 이마에 번개모양의 흉터를 남긴 장본인이다. 해리는 볼드모트로부터 마법의 돌과 호그와트 마법학교를 지키기 위해 필사의 노력을 하는데...",https://search.naver.com/search.naver?where=nexearch&sm=tab_etc&pkid=68&os=1768663&qvt=0&query=%EC%98%81%ED%99%94%20%ED%95%B4%EB%A6%AC%20%ED%8F%AC%ED%84%B0%EC%99%80%20%EB%A7%88%EB%B2%95%EC%82%AC%EC%9D%98%20%EB%8F%8C
성난황소,"거칠었던 과거를 벗어나 수산시장에서 건어물 유통을 하며 건실하게 살던 동철(마동석). 어느 날 아내 지수(송지효)가 납치되고, 경찰에 신고를 하지만 그녀의 행방은 묘연하기만 하다. 그리고 동철에게 걸려 온 납치범(김성오)의 전화! 오히려 지수를 납치한 대가로 거액의 돈을 동철에게 주겠다는 파격 제안을 하고, 이에 폭발한 동철은 지수를 구하기 위해 움직이기 시작하는데…! 느낌 오지? 잘못 건드린 거",https://search.naver.com/search.naver?where=nexearch&sm=tab_etc&pkid=68&os=8185715&qvt=0&query=%EC%84%B1%EB%82%9C%ED%99%A9%EC%86%8C
해리 포터와 비밀의 방,"해리 포터에겐 이번 여름방학이 별로 즐겁질 못했다. 마법이라면 질색을 하는 페투니아 이모(피오나 쇼 분)와 버논 이모부(리차드 그리피스 분)의 구박도 그렇지만, 무엇보다 속상한 건 단짝이었던 론 위즐리(루퍼트 그린트 분)와 헤르미온느 그레인저(엠마 왓슨 분)가 그 사이 자신을 까맣게 잊었는지 자신의 편지에 답장 한 통 없다는 것. 그러던 어느날 꼬마 집요정 도비가 해리의 침실에 나타나 뜻밖의 얘기를 한다. 호그와트 마법학교로 돌아가면 무서운 일을 당할 거라는 것. 도비는 해리를 학교에 못 가게 하려고 자신이 여태까지 론과 헤르미온느의 답장을 가로채 왔음을 고백한다. 그러나 도비와 더즐리 가족의 방해에도 불구, 해리는 론과 그의 형제들이 타고 온 하늘을 나는 자동차를 타고 이모집을 탈출, 따뜻한 가족애가 넘치는 론 위즐리의 집으로 간다. 개학을 앞두고 학교에 가는 날, 론과 해리는 뭔가의 방해로 9와 3/4 승강장에 못 들어가는 바람에 개학식에 지각할 위기에 처한다. 결국 하늘을 나는 자동차 포드 앵글리아를 타고 천신만고끝에 학교에 도착했으나 공교롭게도 차가 학교 선생님들이 소중히 여기는 '커다란 버드나무' 위에 불시착하는 바람에 화가 난 스네이프 교수로부터 퇴학 경고를 받게 된다. 한편 1학년 때 해리가 보여준 영웅적인 활약상은 학교 전체에 소문이 나고, 그 덕에 해리는 원치 않는 관심의 초점이 된다. 론의 여동생 지니, 사진작가 지망생 콜린 크리비 등의 신입생과 어둠의 마법 방어술을 가르치는 신임 교수 질데로이 록허트가 새롭게 해리포터의 팬이 된다. 남의 시선 끌기를 좋아하는 잘난척하는 성격 탓에 주변에서 따돌림 당하는 록허트 교수는 해리와 친해지고 싶어 안달하지만, 그 역시 학교에서 일어나는 무서운 사건에 대해 뾰족한 설명을 못해준다. 모든 이목은 해리에게 집중되고, 결국 급우들은 해리를 의심하기에 이른다. 물론 론과 헤르미온느, 그리고 수수께끼의 일기장에 마음을 뺏긴 론의 동생 지니만은 끝까지 해리를 믿는다. 자신을 믿는 친구들을 실망시킬 수는 없는 법. 해리는 -도움을 준다며 되려 걸리적 대는 록허트 교수가 다소 방해가 되긴 하지만- 어둠의 세력과 맞서 싸울 결심을 하는데..",https://search.naver.com/search.naver?where=nexearch&sm=tab_etc&pkid=68&os=1771899&qvt=0&query=%ED%95%B4%EB%A6%AC%20%ED%8F%AC%ED%84%B0%EC%99%80%20%EB%B9%84%EB%B0%80%EC%9D%98%20%EB%B0%A9
더 파이브,"살인마로부터 처참히 짓밟히고, 눈 앞에서 사랑하는 가족 마저 잔인하게 잃은 은아(김선아), 몸이 불편한 자신을 대신해 복수를 실행할 다섯 명을 모은다. 그녀가 할 수 있는 유일한 복수! 다섯이 있어야 완성되는 마무리까지 완벽한 계획! 그녀의 생명과 맞바꾼 핏빛 복수가 시작된다!",https://search.naver.com/search.naver?where=nexearch&sm=tab_etc&pkid=68&os=1826988&qvt=0&query=%EC%98%81%ED%99%94%20%EB%8D%94%20%ED%8C%8C%EC%9D%B4%EB%B8%8C
시실리 2km,"수 백억(?)에 이르는 조직의 다이아몬드를 들고 튄 석태(권오중 分)는 교통사고로 아름답고 평화로운 시실리에 불시착하게 된다. 마을 사람들의 환대에 마음을 뺏긴 석태는 시실리에서 하룻밤을 묵게 된다. 그런데 그만! 다이아몬드를 확인하려 들어간 화장실에서 어이없이 낙상해 질식사하게 될 위기에 처한 석태를 본 주민들은 석태가 죽었다고만 생각하고 살인 누명을 쓸까 두려워 석태를 어딘가에 묻기로 결의한다. 한편, 석태의 배신에 지구를 뒤져서라도 석태와 다이아몬드를 사수하고야 말겠다는 일념으로 석태를 쫒던 양이 (임창정 分)는 휴대폰 위치추적으로 겨우겨우 시실리까지는 당도하게 된다. 자꾸만 부인하는 마을 주민들과 음산한 동네 분위기에 그곳을 떠날까 했던 양이는 현장에서 석태의 키티 양말 한 짝을 발견하고 석태가 이곳에 있음을 확신하게 된다. 다이아몬드의 정체를 알아버린 마을 사람들은 석태를 더더욱 숨기려고만 하고, 석태가 있음을 확신하게 된 양이는 아예 시실리에 주저앉는다. 쫒고 숨기는 가운데 낫, 호미, 도끼로 무장한 농기구 액션까지 선보이며 점점 본성을 드러내는 마을 주민들에게 엄청난 과거가 있음을 양이가 알게 되면서 귀신보다 더 무서운 마을 주민들과 서울 싸나이들의 한 판 전쟁은 이제 시작이다!",https://search.naver.com/search.naver?where=nexearch&sm=tab_etc&pkid=68&os=1776519&qvt=0&query=%EC%8B%9C%EC%8B%A4%EB%A6%AC%202km
신세계,"""너, 나하고 일 하나 같이 하자"" 경찰청 수사 기획과 강과장(최민식)은 국내 최대 범죄 조직인 '골드문'이 기업형 조직으로 그 세력이 점점 확장되자 신입경찰 이자성(이정재)에게 잠입 수사를 명한다. 그리고 8년, 자성은 골드문의 2인자이자 그룹 실세인 정청(황정민)의 오른팔이 되기에 이른다. ""우리 브라더는 그냥 딱, 이 형님만 믿으면 돼야!"" 골드문 회장이 갑자기 사망하자, 강과장(최민식)은 후계자 결정에 직접 개입하는 '신세계' 작전을 설계한다. 피도 눈물도 없는 후계자 전쟁의 한 가운데, 정청(황정민)은 8년 전, 고향 여수에서 처음 만나 지금까지 친형제처럼 모든 순간을 함께 해 온 자성(이정재)에게 더욱 강한 신뢰를 보낸다. ""약속 했잖습니까... 이번엔 진짜 끝이라고"" 한편, 작전의 성공만 생각하는 강과장(최민식)은 계속해서 자성(이정재)의 목을 조여만 간다. 시시각각 신분이 노출될 위기에 처한 자성(이정재)은 언제 자신을 배신할 지 모르는 경찰과, 형제의 의리로 대하는 정청(황정민) 사이에서 갈등하게 되는데…",https://search.naver.com/search.naver?where=nexearch&sm=tab_etc&pkid=68&os=1824542&qvt=0&query=%EC%8B%A0%EC%84%B8%EA%B3%84%201
해리 포터와 아즈카반의 죄수,"13세가 된 ‘해리 포터(다니엘 래드클래프)’는 아버지의 험담을 하는 이모부의 누이 마지 아줌마를 거대한 괴물 풍선으로 만들어 버리고 만다. 일반 세상에서 마법 사용이 금지되어 있는 법을 어긴 해리는 마법부의 징계가 두려워 도망을 치다가 만나게 된 마법부 장관은 ‘시리우스 블랙’(게리 올드만)이 아즈카반의 감옥을 탈출해 해리를 찾고 있다는 소식을 전한다. 시리우스 블랙은 어둠의 마왕인 볼드모트 경을 해리의 부모님에게 이끌어 죽음으로 몰고 간 당사자. 설상가상으로 영혼을 빨아들이는 아즈카반의 무시무시한 간수 ‘디멘터’가 호그와트에 머물며 해리를 위협한다. 그러나 새로 부임한 어둠의 마법 방어술 교수 ‘루핀’(데이빗 튤리스)이 가르쳐준 '패트로누스' 마법으로 해리는 디멘터에게 대적할 힘을 얻는다. 시리우스 블랙과의 불가피한 대결은 다가오고, 해리는 자신과 시리우스 블랙 사이에 얽혀있는 엄청난 비밀을 직면하게 되는데…. 해리를 위협하는 어둠의 세력, 그에 맞서는 해리의 활약! 놀라움으로 가득한 마법의 세계가 다시 펼쳐진다!",https://search.naver.com/search.naver?where=nexearch&sm=tab_etc&pkid=68&os=1773508&qvt=0&query=%ED%95%B4%EB%A6%AC%20%ED%8F%AC%ED%84%B0%EC%99%80%20%EC%95%84%EC%A6%88%EC%B9%B4%EB%B0%98%EC%9D%98%20%EC%A3%84%EC%88%98
시동,"학교도 싫고 집도 싫고 공부는 더더욱 싫다며 '엄마'(염정아)에게 1일 1강스파이크를 버는 반항아 '택일'(박정민). 절친 '상필'(정해인)이 빨리 돈을 벌고 싶다며 사회로 뛰어들 때, 무작정 집을 뛰쳐나간 '택일'은 우연히 찾은 장품반점에서 남다른 포스의 주방장 '거석이형'(마동석)을 만나게 된다. 강렬한 첫 인사를 나누자마자 인생 최대 적수가 된 '거석이형'과 '택일'. 세상 무서울 것 없던 '택일'은 장품반점에서 상상도 못한 이들을 만나 진짜 세상을 맛보게 되는데? 인생 뭐 있어? 일단 한번 살아보는 거야!",https://search.naver.com/search.naver?where=nexearch&sm=tab_etc&pkid=68&os=9503606&qvt=0&query=%EC%98%81%ED%99%94%20%EC%8B%9C%EB%8F%99
해리 포터와 불의 잔,"해리 포터 일생일대 최대 난관! 요즘 들어 매일 꾸는 악몽 때문에 이마의 상처에 더욱 통증을 느끼는 해리(다니엘 래드클래프)는 친구 론(루퍼트 그린트)과 헤르미온느(엠마 왓슨)와 함께 퀴디치 월드컵에 참가해 악몽에서 벗어날 수 있게 돼 마냥 기쁘다. 그러나 퀴디치 캠프장 근방 하늘에 불길한 기운, 바로 마왕 볼드모트의 상징인 '어둠의 표식'이 나타난다. 볼드모트가 13년 전에 자취를 감춘 뒤 감히 모습을 드러내지 못했던 그의 추종자 데스 이터들이 그 표식을 불러낸 것이다. 두려움으로 가득 찬 해리는 안전한 호그와트 마법학교로 돌아가고 싶어한다. 덤블도어 교장(마이클 갬본 경)이라면 자신을 지켜줄 수 있을 것이기에…. 최강의 챔피언을 찾아라! 트리위저드 마법경연대회! 그러나 올해는 예년과 상황이 좀 다르다. 덤블도어 교장은 유럽의 세 개 명문 마법학교의 결속을 다지기 위해 그간 중단됐던 호그와트에서 '트리위저드 대회'를 개최한다고 발표한다. 트리위저드 대회는 마법의 최고 명문 3개 학교에서 선발된 챔피언 한 명씩 출전해 트리위저드 컵을 놓고 목숨을 건 경합을 벌이는 마법사들 세계에서 가장 흥미진진하고 위험한 마법경연대회. 마법의 '불의 잔'이 각 학교 출전자를 선발하는 의식이 열리고 현란한 불꽃의 축제 속에 불의 잔은 마침내 세 학생의 이름을 호명한다. 강인한 불가리아 덤스트랭 학교의 퀴디치 경기 슈퍼스타인 빅터 크룸(스타니슬라브 이아네브스키)과 우아한 보바통 마법아카데미의 플뢰르 델라쿠르(클레멘스 포에시), 그리고 호그와트의 최고 인기남 케드릭 디고리(로버트 패틴슨). 그러나 세 명의 이름이 다 호명된 후, 뜻밖에도 불의 잔은 또 한 명의 이름을 내뱉는다. 바로 '해리포터'! 피할 수 없는 숙명의 대결! 그러나 해리는 시합 출전자의 나이 제한인 17세보다 세 살이나 어린 14세. 게다가 불의 잔 속에 자신의 이름을 넣은 적이 없다며 거부하지만 불의 잔의 단호한 뜻에 따라 어쩔 수 없이 출전하게 된다. 이 일로 해리에겐 의혹과 시기의 시선이 집중되고 추문 폭로기사 전문기자 리타 스키터는 해리에 대한 모함성 기사를 써서 이를 더욱 부채질한다. 친구 론마저도 해리가 유명해지고 싶어서 불의 잔을 조작했다고 믿기 시작한다. 해리를 위험에 처한 누군가의 음모라고 생각한 덤블도어 교장은 신임 '어둠의 마법 방어술' 교수 '매드아이 무디'(브랜든 글리슨)에게 해리를 잘 지키라고 지시한다. 해리는 트리위저드 대회의 불 뿜는 용 피하기, 거대한 호수 깊이 잠수하기, 살아있는 미로를 빠져 나오기라는 세가지 과제에 대비한 마법 훈련에 돌입한다. 그러나 그보다 해리에게 더 힘든 숙제는 크리스마스 무도회에 함께 참석할 파트너를 구하는 문제다. 해리에겐 용이나 인어, 그라인딜로우와 싸우는 편이 사랑스러운 여학생 초 챙(케이티 렁)에게 무도회의 파트너가 돼달라고 부탁하는 것보다 훨씬 쉬운 일. 한편 론은 헤르미온느에 대한 자신의 감정이 예전과 다르다는 걸 미처 깨닫지 못하고… 불의 잔을 향한 최강의 스펙터클이 펼쳐진다! 그러던 중 호그와트 교정에서 누군가 살해되면서 상황은 급변한다. 볼드모트의 악몽으로 두려움에 휩싸인 해리는 덤블도어를 찾아가지만 그 역시도 뚜렷한 해답을 제시하지 못한다. 경기가 진행되고 해리와 다른 출전자들이 마지막 과제를 풀기 위해 안간힘을 쓰고 있을 때 무언가가 계속 이들을 주시한다. 승리가 목전에 다가온 그 순간, 이제까지의 모든 진실이 밝혀지고 해리포터에게는 진정한 악과의 피할 수 없는 대결이 기다리고 있는데….",https://search.naver.com/search.naver?where=nexearch&sm=tab_etc&pkid=68&os=1775790&qvt=0&query=%ED%95%B4%EB%A6%AC%20%ED%8F%AC%ED%84%B0%EC%99%80%20%EB%B6%88%EC%9D%98%20%EC%9E%94
해리 포터와 혼혈 왕자,"어둠의 세력이 더욱 강력해져 머글 세계와 호그와트까지 위협해온다. 위험한 기운을 감지한 덤블도어 교수는 다가올 전투에 대비하기 위해 해리 포터와 함께 대장정의 길을 나선다. 볼드모트를 물리칠 수 있는 유일한 단서이자 그의 영혼을 나누어 놓은 7개의 호크룩스를 파괴하는 미션을 수행해야만 하는 것! 또한 덤블도어 교수는 호크룩스를 찾는 기억여행에 결정적 도움을 줄 슬러그혼 교수를 호그와트로 초청한다. 한편 학교에서는 계속된 수업과 함께 로맨스의 기운도 무르익는다. 해리는 자신도 모르게 지니에게 점점 끌리게 되고, 새로운 여자 친구가 생긴 론에게 헤르미온느는 묘한 질투심을 느끼는데... 남겨진 결전을 위한 최후의 미션, 볼드모트와 해리 포터에 얽힌 치명적인 비밀, 선택된 자만이 통과할 수 있는 대단원을 향한 본격적인 대결이 시작된다!",https://search.naver.com/search.naver?where=nexearch&sm=tab_etc&pkid=68&os=1801573&qvt=0&query=%EC%98%81%ED%99%94%20%ED%95%B4%EB%A6%AC%20%ED%8F%AC%ED%84%B0%EC%99%80%20%ED%98%BC%ED%98%88%20%EC%99%95%EC%9E%90
귀멸의 칼날: 남매의 연,"혈귀의 습격으로 가족을 잃은 소년 ‘탄지로’. 유일하게 살아남은 여동생 ‘네즈코’마저 혈귀로 변해 버리고 마는데…. ‘탄지로’는 ‘네즈코’를 인간으로 되돌리기 위해- 그리고 가족을 죽인 혈귀를 심판하기 위해- ‘귀살대’의 길을 가기로 결의한다. 혹독한 훈련 끝에 귀살대 대원으로 거듭난 ‘탄지로’는 복수의 칼날을 들고 목숨 건 사투를 시작하는데… 소년이여, 여동생을 구하기 위해 칼날을 들어라! 인간과 혈귀가 엮어낸 애절한 오누이의 이야기가 지금 시작된다-!",https://search.naver.com/search.naver?where=nexearch&sm=tab_etc&pkid=68&os=24607320&qvt=0&query=%EA%B7%80%EB%A9%B8%EC%9D%98%20%EC%B9%BC%EB%82%A0%3A%20%EB%82%A8%EB%A7%A4%EC%9D%98%20%EC%97%B0
귀멸의 칼날: 나타구모산 편,"‘탄지로’와 ‘네즈코’, ‘젠이츠’, ‘이노스케’는 귀살대원들의 실종사건을 조사하기 위해 나타구모 산으로 향한다. 심상치 않은 기운의 나타구모 산에 도착한 ‘탄지로’ 일행은 그곳에서 거미줄에 의해 조종당하고 있는 귀살대원들과 싸우다 뿔뿔이 흩어지고 만다. 사실 그곳은 산 전체가 혈귀 거미 가족에 의해 통제되고 있었다! 게다가, ‘네즈코’를 노리는 ‘십이귀월’의 등장으로 ‘탄지로’는 절체절명의 위기에 빠지게 되는데... 가짜 ‘인연’으로 엮어진 혈귀 가족 vs. 진짜 ‘인연’으로 엮인 ‘탄지로’와 ‘네즈코’ 남매! 과연, ‘탄지로’는 ‘십이귀월’에게서 ‘네즈코’를 지킬 수 있을까? 우리의 인연은 누구도 갈라놓지 못해!",https://search.naver.com/search.naver?where=nexearch&sm=tab_etc&pkid=68&os=24602261&qvt=0&query=%EA%B7%80%EB%A9%B8%EC%9D%98%20%EC%B9%BC%EB%82%A0%3A%20%EB%82%98%ED%83%80%EA%B5%AC%EB%AA%A8%EC%82%B0%20%ED%8E%B8
미션 파서블,"“돈 되니까” VS “국가를 위해” 우린, 한다면 한다! 입금만 되면 뭐든 가능해지는 흥신소 사장 ‘우수한’ 앞에 어느 날 열정 충만 비밀 요원 ‘유다희’가 현금 천 만원과 함께 찾아 온다. 무기 밀매 사건을 해결하자며, 대놓고 공조를 요청해 온 것! 티격태격 하는 말마다 태클, 우당탕탕 하는 짓마다 사건! 혼자일 때보다 둘일 때 더 눈에 띄는 두 사람. 작전을 거듭해 갈수록 사건은 커져만 가고, 형사들이 오해할만한 단서를 여기저기 흘리고 다녀 수배 목록에 오르기도 하지만 우수한X유다희, 아찔한 이 공조를 멈출 수는 없다!",https://search.naver.com/search.naver?where=nexearch&sm=tab_etc&pkid=68&os=10180718&qvt=0&query=%EC%98%81%ED%99%94%20%EB%AF%B8%EC%85%98%20%ED%8C%8C%EC%84%9C%EB%B8%94
해리 포터와 불사조 기사단,"길고도 지루한 여름 날 호그와트 마법학교 다섯 번째 해를 기다리고 있는 해리포터(다니엘 래드클리프). 이모부 더즐리 식구들과 참고 사는 것도 지겨운데다 친구 론(루퍼트 그린트)과 헤르미온느(엠마 왓슨)에게서는 편지 한 통 오지 않는다. 그러던 중 예상치 못했던 편지 한 장이 도착한다. 그것은 해리가 학교 밖인 리틀 위닝에서 얄미운 사촌 두들리, 즉 머글 앞에서 디멘터들의 공격을 막는 마법을 사용했기 때문에 호그와트 마법학교에서 퇴학 당하게 되었다는 소식이었다. 앞이 캄캄한 해리. 갑자기 어둠의 마법사 오러들이 나타나 해리를 불사조 기사단의 비밀 장소로 데리고 간다. 시리우스(게리 올드만)를 위시한 불사조 기사단을 만난 해리는 과거, 부모님들의 활약상을 알게 되어 힘을 얻고, 자신을 퇴학시키기 위해 마법부 장관 코넬리우스 퍼지(로버트 하디)가 법정에 세우지만 덤블도어 교장(마이클 갬볼 경)의 중재 덕분에 무죄 판결까지 받는다. 하지만 예언자 일보는 볼드모트(랄프 파인즈)가 돌아왔다는 해리의 말이 새빨간 거짓말이라며 비난하고 학생들 역시 해리를 의심하며 따돌린다. 게다가 자신이 가장 힘들어 할 때 도움을 주던 덤블도어 교장까지도 이유 없이 해리를 멀리하고…. 한편, 덤블도어도 못마땅한데 해리의 퇴학마저 무산이 되자 마법부 장관은 ‘어둠의 마법방어술’ 과목에 돌로레스 엄브릿지(이멜다 스털톤)를 교수로 임명한다. 하지만 엄브릿지의 마법방어술 수업은 학생들이 어둠의 힘으로부터 스스로를 지켜내기는커녕 오히려 곤경에 빠지게 한다. 이에 헤르미온느와 론은 해리의 능력을 믿고 자칭 ‘덤블도어의 군대’라고 명명한 비밀단체를 조직한다. 해리는 어둠의 마법에 맞서 스스로를 지켜낼 수 있는 방법을 학생들에게 가르쳐주며 앞으로 닥칠 격전에 대비시킨다. 그러나 밤마다 불길한 사건을 예견하는 악몽에 시달리는 해리. 이제 볼드모트와의 대결이 머지 않았음을 느끼게 된다. 시리우스가 공격 당하는 악몽을 꾼 해리는 덤블도어 군대와 함께 마법부 미스터리 부서 예언의 방으로 향한다. 그리고 이어 나타난 죽음을 먹는 자들…. 빛의 마법과 어둠의 마법간의 불꽃 튀는 대결 해리포터와 불사조 기사단, 호그와트의 운명이 그들에게 달렸다!",https://search.naver.com/search.naver?where=nexearch&sm=tab_etc&pkid=68&os=1793458&qvt=0&query=%EC%98%81%ED%99%94%20%ED%95%B4%EB%A6%AC%20%ED%8F%AC%ED%84%B0%EC%99%80%20%EB%B6%88%EC%82%AC%EC%A1%B0%20%EA%B8%B0%EC%82%AC%EB%8B%A8
신과함께-인과 연,"천 년 동안 48명의 망자를 환생시킨 저승 삼차사, 한 명만 더 환생시키면 그들도 새로운 삶을 얻을 수 있다. 하지만 강림(하정우)은 원귀였던 수홍(김동욱)을 자신들의 마지막 귀인으로 정하는 이해할 수 없는 선택을 한다. 저승법 상 원귀는 소멸되어야 마땅하나 염라대왕(이정재)은 저승 삼차사에게 새로운 조건을 내걸며 강림의 제안을 수락한다. 염라의 조건은 성주신(마동석)이 버티고 있어 저승 차사들이 가는 족족 실패하는 허춘삼 노인을 수홍의 재판이 끝나기 전까지 저승으로 데려오는 것. 허춘삼을 데리러 이승으로 내려간 해원맥(주지훈)과 덕춘(김향기), 하지만 성주신의 막강한 힘 앞에 속수무책으로 당하기만 하던 중 우연히 그가 천 년 전 과거에 해원맥과 덕춘을 저승으로 데려간 저승 차사였다는 사실을 알게 된다. 스스로도 기억 못 하는 과거에 대한 호기심으로 해원맥과 덕춘은 성주신과 거래를 시작하는데… 이승과 저승, 현재와 과거를 오가는 천 년의 비밀이 밝혀진다!",https://search.naver.com/search.naver?where=nexearch&sm=tab_etc&pkid=68&os=6684567&qvt=0&query=%EC%8B%A0%EA%B3%BC%ED%95%A8%EA%BB%98-%EC%9D%B8%EA%B3%BC%20%EC%97%B0
범죄와의 전쟁 : 나쁜놈들 전성시대,"비리 세관 공무원 최익현, 보스 최형배를 만나다! 1982년 부산. 해고될 위기에 처한 비리 세관원 최익현(최민식)은 순찰 중 적발한 히로뽕을 일본으로 밀수출, 마지막으로 한 탕 하기 위해 부산 최대 조직의 젊은 보스 최형배(하정우)와 손을 잡는다. 머리 쓰는 나쁜 놈과 주먹 쓰는 나쁜 놈, 부산을 접수하다! 익현은 탁월한 임기응변과 특유의 친화력으로 형배의 신뢰를 얻는 데 성공한다. 주먹 넘버원 형배와 로비의 신 익현은 함께 힘을 합쳐 부산을 접수하기 시작하고, 두 남자 앞에 나쁜 놈들의 전성시대가 펼쳐진다. 넘버원이 되고 싶은 나쁜 놈들의 한판 승부. 범죄와의 전쟁 하지만 1990년 범죄와의 전쟁이 선포되자 조직의 의리는 금이 가고 넘버원이 되고 싶은 나쁜 놈들 사이의 배신이 시작된다. 살아남기 위해 벌이는 치열한 한판 승부, 최후에 웃는 자는 과연 누가 될 것인가?",https://search.naver.com/search.naver?where=nexearch&sm=tab_etc&pkid=68&os=1816127&qvt=0&query=%EB%B2%94%EC%A3%84%EC%99%80%EC%9D%98%20%EC%A0%84%EC%9F%81%20%3A%20%EB%82%98%EC%81%9C%EB%86%88%EB%93%A4%20%EC%A0%84%EC%84%B1%EC%8B%9C%EB%8C%80
해리 포터와 죽음의 성물 - 1부,"덤블도어 교장의 죽음 이후, 마법부는 죽음을 먹는 자들에게 점령당하고 호그와트는 위기에 빠진다. 이에 해리와 론, 헤르미온느는 볼드모트를 물리칠 수 있는 유일한 단서이자 그의 영혼이 담긴 ‘성물’ 호크룩스를 찾기 위한 위험한 여정에 나선다. 그러나 영혼이 연결되어 있는 볼드모트와 해리. 볼드모트를 파괴하면 해리의 목숨 또한 위태로워질지 모른다! 죽느냐 죽이느냐, 이제 그 마지막 대결은 극한을 향해 치닫는데…",https://search.naver.com/search.naver?where=nexearch&sm=tab_etc&pkid=68&os=1801574&qvt=0&query=%ED%95%B4%EB%A6%AC%20%ED%8F%AC%ED%84%B0%EC%99%80%20%EC%A3%BD%EC%9D%8C%EC%9D%98%20%EC%84%B1%EB%AC%BC%20-%201%EB%B6%80
서울괴담,"어두운 터널을 홀로 지날 때의 두려움 옆집에서 들려오는 의문의 소리 중고 가구에 얽힌 미스터리 다른 사람을 향한 그릇된 질투 복수, 저주, 욕망에서 시작된 죽음보다 더한 공포의 실체가 찾아온다!",https://search.naver.com/search.naver?where=nexearch&sm=tab_etc&pkid=68&os=25949561&qvt=0&query=%EC%84%9C%EC%9A%B8%EA%B4%B4%EB%8B%B4
부산행,"정체불명의 바이러스가 전국으로 확산되고 대한민국 긴급재난경보령이 선포된 가운데, 열차에 몸을 실은 사람들은 단 하나의 안전한 도시 부산까지 살아가기 위한 치열한 사투를 벌이게 된다. 서울에서 부산까지의 거리 442KM 지키고 싶은, 지켜야만 하는 사람들의 극한의 사투!",https://search.naver.com/search.naver?where=nexearch&sm=tab_etc&pkid=68&os=2096760&qvt=0&query=%EB%B6%80%EC%82%B0%ED%96%89%201
해리 포터와 죽음의 성물 - 2부,"모든 것을 끝낼 최후의 전투! 판타지의 아름다운 역사가 드디어 마침표를 찍는다! 덤블도어 교장이 남긴 ‘죽음의 성물’의 단서를 쫓던 해리 포터는 볼드모트가 그토록 찾아 다닌 절대적인 힘을 가진 지팡이의 비밀을 통해 드디어 마지막 퍼즐을 완성한다. 볼드모트의 영혼이 담긴 다섯 번째 ‘호크룩스’를 찾기 위해 마법학교 호그와트로 돌아온 해리와 친구들은 그들을 잡으려는 보안마법에 걸려 위기를 맞지만 덤블도어의 동생인 에버포스의 도움으로 벗어난다. 그리고 그에게서 덤블도어와 어둠의 마법사 그린델왈드에 관한 놀라운 과거에 대해 알게 된다. 한편, 볼드모트는 해리에 의해 호크룩스들이 파괴되었음을 느끼고 호그와트로 향한다. 해리를 주축으로 한 불사조 기사단과 죽음을 먹는 자들 간의 마법전투가 벌어지고 여기에 거대거미 아크로맨투라와 거인족 등 마법 생물들이 볼드모트 편으로 가세하면서 호그와트는 거대한 전쟁터로 변한다. 전쟁의 틈에서 해리는 덤블도어를 죽인 스네이프의 엄청난 비밀과 볼드모트를 죽일 마지막 호크룩스에 대한 단서를 알게 되는데...",https://search.naver.com/search.naver?where=nexearch&sm=tab_etc&pkid=68&os=1785394&qvt=0&query=%ED%95%B4%EB%A6%AC%20%ED%8F%AC%ED%84%B0%EC%99%80%20%EC%A3%BD%EC%9D%8C%EC%9D%98%20%EC%84%B1%EB%AC%BC%20-%202%EB%B6%80
타짜-신의 손,"삼촌 ‘고니’를 닮아 어린 시절부터 남다른 손재주와 승부욕을 보이던 ‘대길’(최승현 분)은 고향을 떠나 서울 강남의 하우스에서 ‘타짜’로 화려하게 데뷔하지만, 한 순간에 모든 것을 잃고 우연히 ‘고니’의 파트너였던 ‘고광렬’(유해진 분)을 만난다. ‘고광렬’과 함께 전국을 유랑하던 ‘대길’은 절대 악의 사채업자 ‘장동식’(곽도원 분)은 물론, 전설의 타짜 ‘아귀’(김윤석 분)까지 ‘타짜’들과 목숨줄이 오가는 한 판 승부를 벌이는데…",https://search.naver.com/search.naver?where=nexearch&sm=tab_etc&pkid=68&os=1801443&qvt=0&query=%ED%83%80%EC%A7%9C-%EC%8B%A0%EC%9D%98%20%EC%86%90
퍼펙트 게임,"대결을 원한 세상 속으로 꿈을 던진 두 남자, 최동원 선동열의 고독하고도 치열한 맞대결!! 불안과 격동의 1980년대, 프로야구는 단순한 스포츠를 넘어 전국민을 사로잡고 있었다! 노력과 끈기로 대한민국 최고의 투수로 자리잡은 롯데의 최동원! 그리고 최동원의 뒤를 이어 떠오르는 해태의 천재 투수 선동열! 세상은 우정을 나누던 선후배였던 두 사람을 라이벌로 몰아세우는데... 전적 1승 1패, 그리고 1987년 5월 16일, 자신들의 꿈을 걸어야 했던 최동원과 선동열의 마지막 맞대결이 펼쳐진다! 선동열 앞에서만은 큰 산이고 싶었던 최동원. 그 산을 뛰어 넘고 싶었던 선동열",https://search.naver.com/search.naver?where=nexearch&sm=tab_etc&pkid=68&os=1809685&qvt=0&query=%ED%8D%BC%ED%8E%99%ED%8A%B8%EA%B2%8C%EC%9E%84
미씽: 사라진 여자,"이혼 후 육아와 생계를 혼자 책임져야 하는 워킹맘 지선은 헌신적으로 딸을 돌봐주는 보모 한매가 있어 늘 다행이라고 생각한다. 어느 날, 퇴근 후 집에 돌아온 지선은 보모 한매와 딸 다은이가 흔적도 없이 사라져 버린 것을 알게 된다. 지선은 뒤늦게 경찰과 가족에게 사실을 알리지만 아무도 그녀의 말을 믿지 않고, 오히려 양육권 소송 중 일으킨 자작극으로 의심한다. 결국 홀로 한매의 흔적을 추적하던 지선은 집 앞을 서성이는 정체불명의 남자와 주변 사람들의 이상한 증언들로 더욱 혼란에 빠지게 되고, 그녀의 실체에 가까워질수록 이름, 나이, 출신 등 모든 것이 거짓이었다는 충격적인 진실을 알게 되는데…",https://search.naver.com/search.naver?where=nexearch&sm=tab_etc&pkid=68&os=2878121&qvt=0&query=%EB%AF%B8%EC%94%BD%3A%20%EC%82%AC%EB%9D%BC%EC%A7%84%20%EC%97%AC%EC%9E%90
군도:민란의 시대,"군도, 백성을 구하라! 양반과 탐관오리들의 착취가 극에 달했던 조선 철종 13년. 힘 없는 백성의 편이 되어 세상을 바로잡고자 하는 의적떼인 군도(群盜), 지리산 추설이 있었다. 쌍칼 도치 vs 백성의 적 조윤 잦은 자연재해, 기근과 관의 횡포까지 겹쳐 백성들의 삶이 날로 피폐해 져 가는 사이, 나주 대부호의 서자로 조선 최고의 무관 출신인 조윤은 극악한 수법으로 양민들을 수탈, 삼남지방 최고의 대부호로 성장한다. 한편 소, 돼지를 잡아 근근이 살아가던 천한 백정 돌무치는 죽어도 잊지 못할 끔찍한 일을 당한 뒤 군도에 합류. 지리산 추설의 신 거성(新 巨星) 도치로 거듭난다. 뭉치면 백성, 흩어지면 도적! 망할 세상을 뒤집기 위해, 백성이 주인인 새 세상을 향해 도치를 필두로 한 군도는 백성의 적, 조윤과 한 판 승부를 시작하는데...",https://search.naver.com/search.naver?where=nexearch&sm=tab_etc&pkid=68&os=1832944&qvt=0&query=%EA%B5%B0%EB%8F%84%3A%EB%AF%BC%EB%9E%80%EC%9D%98%20%EC%8B%9C%EB%8C%80
결혼전야,"“너의 과거가 나를 미치게 해!” _과거남녀 태규&주영 한번 헤어진 후 다시 만난 전직 야구선수 태규(김강우)와 비뇨기과 의사 주영(김효진) 결혼식 일주일 전, 서로의 충격적인 과거를 알게 되다?! “우리 사랑하는거 맞아?” _권태남녀 원철&소미 연애 7년차, 스타 쉐프 원철(옥택연)과 네일 아티스트 소미(이연희) 우리가 결혼하는 이유? 오래 사귀었으니까! “그녀와의 밤이 두려워...” _국제남녀 건호&비카 순수한 꽃집 노총각 건호(마동석)와 우크라이나에서 온 절세미녀 비카(구잘) 국경과 나이도 초월한 두 사람의 사랑을 방해하는 것은? 건호의 몸에 찾아온 이상징후! “이 결혼 절대 못해!” _충돌남녀 대복&이라 만남에서부터 결혼까지 LTE급 속도로 진행 중인 ‘파파걸’ 이라(고준희)와 ‘마마보이’ 대복(이희준) 그러나 결혼은 현실! 혼수준비, 신혼여행, 종교, 집안문제까지 달라도 너무 다르다! 그리고...... “이대로 도망가고 싶다” _흔들남녀 경수&소미 여행사 실수로 부녀회 단체여행에 합류한 소미(이연희)와 티격태격하는 제주도 여행가이드 경수(주지훈) 결혼식 일주일 전, 운명적인 사랑에 이끌리다! 과연 이들은 메리지 블루를 극복하고 무사히 결혼에 골인할 수 있을까?",https://search.naver.com/search.naver?where=nexearch&sm=tab_etc&pkid=68&os=1837654&qvt=0&query=%EA%B2%B0%ED%98%BC%EC%A0%84%EC%95%BC
미녀는 괴로워,"169cm, 95kg. K-1이나 씨름판에 나가도 거뜬할 체격을 가진, 그러나 한 남자에게 사랑받고 싶은 여린 마음의 소유자 한나(김아중 분). 신이 그녀에게 허락한 유일한 선물인 천상의 목소리로 가수를 꿈꾸지만 미녀 가수 ‘아미’의 립싱크에 대신 노래를 불러주는 ‘얼굴 없는 가수’ 신세다. 생계를 위해 밤에는 ‘폰팅 알바’까지 뛰어야 한다. 쉴 틈 없이 혹사당하는 목. 그러나 정작 가장 괴로운 건 그녀의 마음이다. ‘아미’의 음반 프로듀서이며 자신의 음악성을 인정해준 유일한 사람 한상준(주진모 분)을 남몰래 사랑하게 된 것. 짝사랑에 몸달아하던 그녀, 드디어 꿈에 그리던 그의 생일파티에 초대받고 들뜬 마음으로 한껏 멋을 부리고 나타나는데... 그런데 그날 밤 이후 거대한 그녀가 흔적도 없이 사라졌다?! 169cm, 48kg. 뽀샵으로 그려도 힘든 완벽한 S라인 몸매의 소유자 ‘제니’. ‘한나’가 흔적도 없이 사라져 음반활동을 중단하게 된 ‘아미’의 공백을 멋지게 메꾸어 줄 상준에게는 그야말로 구세주다. 교통사고 당한 사람이 넋을 놓고 쳐다보다가 병원가기를 잊을 만큼 황홀한 미모의 그녀는 고맙게도 노래실력까지 사라진 ‘한나’ 만큼 돼주신다. 그러나 떨이로 파는 생선에 환장하고, 넘어진 자장면 배달부의 빈 그릇을 친절히 주워주며, 예쁘다는 말에 눈물까지 글썽이며 감동하고, 남이 먹다 남긴 것도 거침없이 주워 먹는 등 희한한 엽기행각을 벌인다. 이상하리 만큼 착한 미녀 제니! 이 모든 상황을 의혹과 질투의 눈으로 바라보는 라이벌 ‘아미’. 점점 자신의 입지를 위협하는 제니의 존재에 위기감을 느끼고, 독특한 미녀 제니의 뒷조사를 감행한다. 과연 그녀의 S라인 뒤에 숨겨진 살 떨리는 비밀은 무엇일까?",https://search.naver.com/search.naver?where=nexearch&sm=tab_etc&pkid=68&os=1777054&qvt=0&query=%EC%98%81%ED%99%94%20%EB%AF%B8%EB%85%80%EB%8A%94%20%EA%B4%B4%EB%A1%9C%EC%9B%8C
타짜: 원 아이드 잭,"전설적인 타짜 ‘짝귀’의 아들이자 고시생인 ‘일출’(박정민)은 공부에는 흥미가 없지만 포커판에서는 날고 기는 실력자다. 포커판에서 우연히 알게 된 ‘마돈나’(최유화)의 묘한 매력에 빠져든 일출은 그녀의 곁을 지키는 ‘이상무’(윤제문)에게 속아 포커의 쓴맛을 제대로 배운다. 돈도 잃고 자존심까지 무너진 채 벼랑 끝에 몰린 도일출, 그의 앞에 정체불명의 타짜 ‘애꾸’(류승범)가 나타난다. 거액이 걸린 거대한 판을 설계한 애꾸는 전국에서 타짜들을 불러모은다. 일출을 시작으로 셔플의 제왕 까치(이광수), 남다른 연기력의 영미(임지연), 숨은 고수 권원장(권해효)까지 무엇이든 될 수 있고, 누구든 이길 수 있는 ‘원 아이드 잭’ 팀으로 모인 이들, 인생을 바꿀 새로운 판에 뛰어드는데… 베팅을 할 때는 인생을 걸어야지! 타짜니까!",https://search.naver.com/search.naver?where=nexearch&sm=tab_etc&pkid=68&os=1830195&qvt=0&query=%ED%83%80%EC%A7%9C%3A%20%EC%9B%90%20%EC%95%84%EC%9D%B4%EB%93%9C%20%EC%9E%AD
1 더하기 3,"멈추지 않는 성욕과 사랑하는 세 명의 남편을 위해, 선상에서 밤낮 없이 몸을 파는 여인 무이. 결코 마르지 않은 그녀의 샘, 그리고 이를 탐한 세 남자의 운명은 과연 어디로 흘러갈까?",https://search.naver.com/search.naver?where=nexearch&sm=tab_etc&pkid=68&os=9111739&qvt=0&query=%EC%98%81%ED%99%94%201%20%EB%8D%94%ED%95%98%EA%B8%B0%203
광대들: 풍문조작단,"조선 팔도를 무대로 풍문을 조작하고 민심을 뒤흔드는 광대패 5인방. 어느 날 조선 최고의 권력자 ‘한명회’로부터 조카를 죽이고 왕이 된 ‘세조’의 미담을 만들어내라는 명을 받는다. 광대패의 리더 ‘덕호’와 무리들은 목숨을 걸고 지금껏 듣지도 보지도 못한 놀라운 판을 짜기 시작하는데… 그들이 뜨는 순간, 역사가 뒤바뀐다!",https://search.naver.com/search.naver?where=nexearch&sm=tab_etc&pkid=68&os=6621739&qvt=0&query=%EA%B4%91%EB%8C%80%EB%93%A4%3A%20%ED%92%8D%EB%AC%B8%EC%A1%B0%EC%9E%91%EB%8B%A8
목포는 항구다,"아마추어 서울 형사 이수철은 성기파 내부의 마약루트를 알아내기 위해 목포조직에 잡입하면서 살얼음판을 걷는 것 같은 조직 체험을 하게 된다. 목포조직 성기파의 잠입을 시도하는 이수철. 첫 번째 관문 - 맨땅에 생매장 당하기. 백성기가 감방에서 모신 조태범 추천서 하나 달랑 들고 백성기를 찾아간 이수철. 추천서를 건네자마자 나오는 말 ""이 새끼 콱 파묻어 부러"" 그 둘 간에 무슨 사연이 있었길래... 두 번째 관문 - 인간 타종식. 이젠 내 방식대로 잠입하겠다는 불굴의 의지로 호시탐탐 기회를 노리고 있던 수철은 우연한 기회에 가오리파 일당이 백성기를 습격한다는 작전기밀을 입수하고 백성기에게 밀고하는데, 그 날 수철에게 떨어진 건 배신자라는 낙인과 함께 인간 타종식이 거행된다. 세 번째 관문 - 항구다방의 운짱. 배신자의 벌칙과 함께 그나마 공을 인정받아 성기파의 말단 조직원이 된 이수철. 그의 첫번째 임무는 오봉들을 실어 나르는 항구다방의 운짱. 조직내의 신분 상승을 UP시키기 위한 필살의 노력이 펼쳐진다. 네 번째 관문 - 권투시합 출전. 그런 그에게 한 줄기 광명이 비친 것이다. 보물선 탐사사업 유치를 위한 권투시합에 조직을 대표하는 권투선수로 발탁된 것. 6회전까지 버티지 못하고 주저앉으면 사시미 칼로 모가지를 확 따버린다는 협박에 이 악물고 버텨 극적인 KO승을 얻어낸 이수철은 결국 조직의 신데렐라로 떠오르게 된다. 이후, 백성기를 회장님이 아닌 형님이라고 부르게 된 이수철은 자기가 백성기를 잡으러 온 형사인지, 목포 건달 남기남인지 조차 헤깔리는 엉뚱한 상황이 벌어지는데... 이제 남은 임무는 마약밀매 증거를 입수하고 서울로 금의환향 하는 것! 남기남! 아니 이수철!. 그는 과연 백성기 조직을 정리하고 진정한 강력반 형사로 거듭날 수 있을 것인가?",https://search.naver.com/search.naver?where=nexearch&sm=tab_etc&pkid=68&os=1774868&qvt=0&query=%EB%AA%A9%ED%8F%AC%EB%8A%94%ED%95%AD%EA%B5%AC%EB%8B%A4
반도,"[전대미문의 재난 그 후 4년 폐허의 땅으로 다시 들어간다!] 4년 전, 나라 전체를 휩쓸어버린 전대미문의 재난에서 가까스로 탈출했던 ‘정석’(강동원). 바깥세상으로부터 철저히 고립된 반도에 다시 들어가야 하는 피할 수 없는 제안을 받는다. 제한 시간 내에 지정된 트럭을 확보해 반도를 빠져 나와야 하는 미션을 수행하던 중 인간성을 상실한 631부대와 4년 전보다 더욱 거세진 대규모 좀비 무리가 정석 일행을 습격한다. 절체절명의 순간, 폐허가 된 땅에서 살아남은 ‘민정’(이정현) 가족의 도움으로 위기를 가까스로 모면하고 이들과 함께 반도를 탈출할 수 있는 마지막 기회를 잡기로 한다. 되돌아온 자, 살아남은 자 그리고 미쳐버린 자 필사의 사투가 시작된다!",https://search.naver.com/search.naver?where=nexearch&sm=tab_etc&pkid=68&os=9854648&qvt=0&query=%EC%98%81%ED%99%94%20%EB%B0%98%EB%8F%84
어바웃 타임,"모태솔로 팀(돔놀 글리슨)은 성인이 된 날, 아버지(빌 나이)로부터 놀랄만한 가문의 비밀을 듣게 된다. 바로 시간을 되돌릴 수 있는 능력이 있다는 것! 그것이 비록 히틀러를 죽이거나 여신과 뜨거운 사랑을 할 수는 없지만, 여자친구는 만들어 줄 순 있으리.. 꿈을 위해 런던으로 간 팀은 우연히 만난 사랑스러운 여인 메리에게 첫눈에 반하게 된다. 그녀의 사랑을 얻기 위해 자신의 특별한 능력을 마음껏 발휘하는 팀. 어설픈 대시, 어색한 웃음은 리와인드! 뜨거웠던 밤은 더욱 뜨겁게 리플레이! 꿈에 그리던 그녀와 매일매일 최고의 순간을 보낸다. 하지만 그와 그녀의 사랑이 완벽해질수록 팀을 둘러싼 주변 상황들은 미묘하게 엇갈리고, 예상치 못한 사건들이 여기저기 나타나기 시작하는데… 어떠한 순간을 다시 살게 된다면, 과연 완벽한 사랑을 이룰 수 있을까?",https://search.naver.com/search.naver?where=nexearch&sm=tab_etc&pkid=68&os=1825486&qvt=0&query=%EC%98%81%ED%99%94%20%EC%96%B4%EB%B0%94%EC%9B%83%20%ED%83%80%EC%9E%84
제보자,"“제가 줄기세포를 연구하는 이유는 난치병 환자들에게 희망이 되기 위해서 입니다.” 세계 최초로 인간배아줄기세포 추출에 성공한 ‘이장환’ 박사의 연구 결과가 국민적인 관심사로 떠오르고 있는 가운데 PD추적 ‘윤민철’ PD는 익명의 제보자로부터 한 통의 전화를 받게 된다. “전 아무런 증거도 없습니다. 그래도 제 말을 믿으시겠습니까?” 얼마 전까지 ‘이장환’ 박사와 함께 줄기세포 연구를 해오던 ‘심민호’ 팀장은 ‘윤민철’ PD에게 논문이 조작되었다는 사실과 함께 줄기세포 실험 과정에서 벌어진 비윤리적 행위에 대해 양심 선언을 하게 된다. “이 방송 꼭 내보낼겁니다.” 제보자의 증언 하나만을 믿고 사건에 뛰어든 ‘윤민철’ PD는 ‘이장환’ 박사를 비판하는 것은 국익에 반하는 것이라는 여론과 언론의 거센 항의에 한계를 느끼게 되고, 결국 방송이 나가지 못하게 되는 위기에 처하게 되는데… 대한민국을 뒤흔든 줄기세포 스캔들의 실체가 밝혀진다.",https://search.naver.com/search.naver?where=nexearch&sm=tab_etc&pkid=68&os=2011642&qvt=0&query=%EC%98%81%ED%99%94%20%EC%A0%9C%EB%B3%B4%EC%9E%90
웨스턴 리벤지,"7년만에 만난 아내와 아들을 눈 앞에서 잃은 존. 모든 것을 잃은 존은 범인을 처단한다. 마을의 절대 권력자 델라루는 하나 뿐인 동생을 죽인 존을 잡기 위해 마을을 공포에 몰아넣고, 이를 기회로 마델린은 잔혹한 델라루에게서 도망치려 하는데… 잔혹한 절망의 땅에 복수의 총성이 울린다!",https://search.naver.com/search.naver?where=nexearch&sm=tab_etc&pkid=68&os=1843680&qvt=0&query=%EC%9B%A8%EC%8A%A4%ED%84%B4%20%EB%A6%AC%EB%B2%A4%EC%A7%80
연애 빠진 로맨스,"일도 연애도 마음대로 되지 않는 스물아홉 ‘자영’(전종서). 전 남친과의 격한 이별 후 호기롭게 연애 은퇴를 선언했지만 참을 수 없는 외로움에 못 이겨 최후의 보루인 데이팅 어플로 상대를 검색한다. 일도 연애도 호구 잡히기 일쑤인 서른셋 ‘우리’(손석구). 뒤통수 제대로 맞은 연애의 아픔도 잠시 편집장으로부터 19금 칼럼을 떠맡게 되고 데이팅 어플에 반강제로 가입하게 된다. 그렇게 설 명절 아침! 이름, 이유, 마음 다 감추고 만난 ‘자영’과 ‘우리’. 1도 기대하지 않았지만, 1일 차부터 둘은 서로에게 급속도로 빠져들게 되고 연애인 듯 아닌 듯 미묘한 관계 속에 누구 하나 속마음을 쉽게 터놓지 못하는데... 이게 연애가 아니면 도대체 뭔데? 발 빼려다 푹 빠졌다!",https://search.naver.com/search.naver?where=nexearch&sm=tab_etc&pkid=68&os=14457563&qvt=0&query=%EC%97%B0%EC%95%A0%20%EB%B9%A0%EC%A7%84%20%EB%A1%9C%EB%A7%A8%EC%8A%A4
나쁜 녀석들: 더 무비,"죄수들이 탈출했다! 교도소 호송차량이 전복되고 최악의 범죄자들이 탈주하는 사상 초유의 사건이 발생한다. 이에 경찰은 수감 중인 범죄자가 흉악범을 잡는 극비 프로젝트인 ‘특수범죄수사과’를 다시 소집한다. 미친개... 다시 풉시다! ‘오구탁’(김상중) 반장은 과거 함께 활약했던 전설의 주먹 ‘박웅철’(마동석)을 찾아가고, 감성 사기꾼 ‘곽노순’(김아중)과 전직 형사 ‘고유성’(장기용)을 영입해 새로운 팀을 구성한다. 새로운 멤버들이 합류해 더욱 강력하고 치밀하고 독해진 나쁜 녀석들. 이 사건을 파헤칠수록 배후에 거대한 범죄조직이 있다는 것을 직감한 그들은 더 나쁜 놈들을 소탕하기 위해 움직이기 시작하는데… 나쁜 녀석들의 법 없는 검거작전! 놈들처럼 생각하고 놈들처럼 행동할 그들이 온다!",https://search.naver.com/search.naver?where=nexearch&sm=tab_etc&pkid=68&os=8637027&qvt=0&query=%EB%82%98%EC%81%9C%20%EB%85%80%EC%84%9D%EB%93%A4%3A%20%EB%8D%94%20%EB%AC%B4%EB%B9%84
경관의 피,"출처불명의 막대한 후원금을 받고 고급 빌라, 명품 수트, 외제차를 타며 범죄자들을 수사해온 광역수사대 반장 강윤(조진웅)의 팀에 어느 날 뼛속까지 원칙주의자인 신입경찰 민재(최우식)가 투입된다. 강윤이 특별한 수사 방식을 오픈하며 점차 가까워진 두 사람이 함께 신종 마약 사건을 수사하던 중 강윤은 민재가 자신의 뒤를 파는 두더지, 즉 언더커버 경찰임을 알게 되고 민재는 강윤을 둘러싼 숨겨진 경찰 조직의 비밀을 마주하게 되는데…",https://search.naver.com/search.naver?where=nexearch&sm=tab_etc&pkid=68&os=10442851&qvt=0&query=%EC%98%81%ED%99%94%20%EA%B2%BD%EA%B4%80%EC%9D%98%20%ED%94%BC
박쥐,"병원에서 근무하는 신부 ‘상현’은 죽어가는 환자들을 보고만 있어야 하는 자신의 무기력함에 괴로워 하다가 해외에서 비밀리에 진행되는 백신개발 실험에 자발적으로 참여한다. 그러나 실험 도중 바이러스 감염으로 죽음에 이르고, 정체불명의 피를 수혈 받아 기적적으로 소생한다. 하지만 그 피는 상현을 뱀파이어로 만들어버렸다. 피를 원하는 육체적 욕구와 살인을 원치 않는 신앙심의 충돌은 상현을 짓누르지만 피를 먹지 않고 그는 살 수가 없다. 하지만 살인하지 않고 사람의 피를 어떻게 구한단 말인가? 기적적으로 생명을 건진 상현은 그가 기적을 일으킬 수 있다고 믿고 기도를 청하는 신봉자들 사이에서 어린 시절 친구 ‘강우’와 그의 아내 ‘태주’를 만나게 된다. 뱀파이어가 된 상현은 태주의 묘한 매력에 억누를 수 없는 욕망을 느낀다. 태주 또한 히스테리컬한 시어머니와 무능력한 남편에게 억눌렸던 욕망을 일깨워준 상현에게 집착하고 위험한 사랑에 빠져든다. 모든 것을 포기할 만큼 태주를 사랑하게 된 상현은 끝내 신부의 옷을 벗고 그녀의 세계로 들어 간다. 인간적 욕망의 기쁨이 이런 것이었던가. 이제 모든 쾌락을 갈구하게 된 상현은 신부라는 굴레를 벗어 던진다. 점점 더 대담해져만 가는 상현과 태주의 사랑. 상현이 뱀파이어라는 사실을 알게 된 태주는 두려움에 거리를 두지만 그것도 잠시, 상현의 가공할 힘을 이용해 남편을 죽이자고 유혹한다. 사랑이란 이름으로 더욱 그를 조여오는 태주. 살인만은 피하고자 했던 상현은 결국 태주를 위해 강우를 죽이기 위한 그녀의 제안을 받아들이는데… 한치 앞을 알 수 없는 이들의 사랑, 과연 그 끝은 어떻게 될까.",https://search.naver.com/search.naver?where=nexearch&sm=tab_etc&pkid=68&os=1794354&qvt=0&query=%EC%98%81%ED%99%94%20%EB%B0%95%EC%A5%90
브이아이피,국정원과 CIA의 기획으로 북에서 온 VIP 김광일(이종석)이 살인사건의 유력한 용의자로 지목된다. 본능적으로 그가 범인임을 직감한 경찰 채이도(김명민)가 VIP를 뒤쫓지만 국정원 요원 박재혁(장동건)의 비호로 번번이 용의선상에서 벗어나는데… 제13회 미국 판타스틱 페스트 장편 스릴러 부문(2017) 감독상,https://search.naver.com/search.naver?where=nexearch&sm=tab_etc&pkid=68&os=3742990&qvt=0&query=%EC%98%81%ED%99%94%20%EB%B8%8C%EC%9D%B4%EC%95%84%EC%9D%B4%ED%94%BC
다만 악에서 구하소서,"태국에서 충격적인 납치사건이 발생하고 마지막 청부살인 미션을 끝낸 암살자 인남(황정민)은 그것이 자신과 관계된 것임을 알게 된다. 인남은 곧바로 태국으로 향하고, 조력자 유이(박정민)를 만나 사건을 쫓기 시작한다. 한편, 자신의 형제가 인남에게 암살당한 것을 알게 된 레이(이정재). 무자비한 복수를 계획한 레이는 인남을 추격하기 위해 태국으로 향하는데... 처절한 암살자 VS 무자비한 추격자 멈출 수 없는 두 남자의 지독한 추격이 시작된다!",https://search.naver.com/search.naver?where=nexearch&sm=tab_etc&pkid=68&os=10222227&qvt=0&query=%EB%8B%A4%EB%A7%8C%20%EC%95%85%EC%97%90%EC%84%9C%20%EA%B5%AC%ED%95%98%EC%86%8C%EC%84%9C
사랑의 소용돌이,"매일 밤 자정부터 새벽 5시. 몸도 마음도 벗겨지는 밤이 찾아온다. 처음 보는 사람과의 만남으로 숨겨온 욕망을 충족시키기 위해 모인 8명의 남녀. 소용돌이치는 욕망의 끝에 남는 것은 무엇일까? 지금, 이곳에 욕망이 모인다.",https://search.naver.com/search.naver?where=nexearch&sm=tab_etc&pkid=68&os=1870265&qvt=0&query=%EC%82%AC%EB%9E%91%EC%9D%98%20%EC%86%8C%EC%9A%A9%EB%8F%8C%EC%9D%B4
기생충,"전원백수로 살 길 막막하지만 사이는 좋은 기택(송강호) 가족. 장남 기우(최우식)에게 명문대생 친구가 연결시켜 준 고액 과외 자리는 모처럼 싹튼 고정수입의 희망이다. 온 가족의 도움과 기대 속에 박사장(이선균) 집으로 향하는 기우. 글로벌 IT기업 CEO인 박사장의 저택에 도착하자 젊고 아름다운 사모님 연교(조여정)가 기우를 맞이한다. 그러나 이렇게 시작된 두 가족의 만남 뒤로, 걷잡을 수 없는 사건이 기다리고 있었으니…",https://search.naver.com/search.naver?where=nexearch&sm=tab_etc&pkid=68&os=5664043&qvt=0&query=%EC%98%81%ED%99%94%20%EA%B8%B0%EC%83%9D%EC%B6%A9
샤크 : 더 비기닝,"뜻밖의 사고로 모든 것을 잃은 학교폭력 피해자 차우솔(김민석) 소년교도소에 수감된 뒤 우연히 종합격투기 챔피언 정도현(위하준)을 만나게 되고, 자신 안의 두려움과 마주한 채 육체적, 정신적 한계를 하나씩 극복해 나간다. “누구에게도 숙이지 않아도 될 힘을 가르쳐주세요” 교도소에서 출소해도, 자신을 괴롭힐 배석찬(정원창)을 두려워하던 차우솔은 고된 훈련을 통해 점차 강력한 상어의 공격 본능을 일깨우기 시작하는데…",https://search.naver.com/search.naver?where=nexearch&sm=tab_etc&pkid=68&os=18642550&qvt=0&query=%EC%83%A4%ED%81%AC%20%3A%20%EB%8D%94%20%EB%B9%84%EA%B8%B0%EB%8B%9D
명탐정 코난: 비색의 탄환,"전 세계인의 축제 WSG(World Sports Games)의 개최를 앞둔 일본. 이를 기념해 시속 1,000km를 자랑하는 진공 초전도 리니어의 개통이 발표된다. 모두가 이를 주목하는 가운데, WSG의 공식 후원사 대표들이 연쇄 납치를 당하고, 코난은 이 사건이 15년 전 미국 보스턴에서 발생한 WSG 연쇄 납치 사건과 관련이 있다는 것을 밝혀내는데… 이를 지켜보는 아카이 슈이치와 FBI, 그리고 절대로 만나서는 안 될 위험천만한 가족이 모인다. 시속 1,000km로 질주하는 진공 초전도 리니어, 범인과의 목숨을 건 마지막 결판이 펼쳐진다!",https://search.naver.com/search.naver?where=nexearch&sm=tab_etc&pkid=68&os=17989152&qvt=0&query=%EB%AA%85%ED%83%90%EC%A0%95%20%EC%BD%94%EB%82%9C%3A%20%EB%B9%84%EC%83%89%EC%9D%98%20%ED%83%84%ED%99%98
인간중독,"모두의 신임을 받으며 승승장구 중인 교육대장 ‘김진평(송승헌)’과 남편을 장군으로 만들려는 야망을 가진 ‘진평’의 아내 ‘이숙진(조여정)’. 어느 날, ‘김진평’의 부하로 충성을 맹세하는 ‘경우진(온주완)’과 그의 아내 ‘종가흔(임지연)’이 이사를 온다. ‘진평’은 ‘우진’의 아내 ‘가흔’에게 첫 만남부터 강렬한 떨림을 느끼는데… 누구에게도 말할 수 없는 비밀을 간직한 여인 ‘가흔’과 그녀에게 걷잡을 수 없이 빠져드는 ‘진평’. 만나지 말았어야 할 두 사람, 최상류층 군관사 안, 누구도 알아서는 안 될 치명적 스캔들이 시작된다! ""당신을 안 보면 숨을 쉴 수가 없어“ ""왜 이렇게 가슴이 뛰죠?""",https://search.naver.com/search.naver?where=nexearch&sm=tab_etc&pkid=68&os=1846332&qvt=0&query=%EC%9D%B8%EA%B0%84%EC%A4%91%EB%8F%85
올드보이,"술 좋아하고 떠들기 좋아하는 오.대.수. 본인의 이름풀이를 '오늘만 대충 수습하며 살자'라고 이죽거리는 이 남자는 아내와 어린 딸아이를 가진 지극히 평범한 샐러리맨이다. 어느 날, 술이 거나하게 취해 집에 돌아가는 길에 존재를 알 수 없는 누군가에게 납치, 사설 감금방에 갇히게 되는데. 언뜻 보면 싸구려 호텔방을 연상케 하는 감금방. 중국집 군만두만을 먹으며 8평이라는 제한된 공간에서 그가 할 수 있는 일이라곤, 텔레비전 보는 게 전부. 그렇게 1년이 지났을 무렵, 뉴스를 통해 나오는 아내의 살해소식. 게다가 아내의 살인범으로 자신이 지목되고 있음을 알게 된 오대수는 자살을 감행하지만 죽는 것조차 그에겐 용납 되지 않는다. 오대수는 복수를 위해 체력단련을 비롯, 자신을 가둘만한 사람들, 사건들을 모조리 기억 속에서 꺼내 '악행의 자서전'을 기록한다. 한편, 탈출을 위해 감금방 한쪽 구석을 쇠젓가락으로 파기도 하는데.. 감금 15년을 맞이하는 해, 마침내 사람 몸 하나 빠져나갈 만큼의 탈출구가 생겼을 때, 어이없게도 15년 전 납치됐던 바로 그 장소로 풀려나 있는 자신을 발견하게 된다. 우연히 들른 일식집에서 갑자기 정신을 잃어버린 오대수는 보조 요리사 미도 집으로 가게 되고, 미도는 오대수에게 연민에서 시작한 사랑의 감정을 키워나가게 된다. 한편 감금방에서 먹던 군만두에서 나온 '청룡'이란 전표 하나로 찾아낸 7.5층 감금방의 정체를 찾아내고... 마침내, 첫 대면을 하는 날 복수심으로 들끓는 대수에게 우진은 너무나 냉정하게 게임을 제안한다. 자신이 가둔 이유를 5일 안에 밝혀내면 스스로 죽어주겠다는 것. 대수는 이 지독한 비밀을 풀기 위해, 사랑하는 연인, 미도를 잃지 않기 위해 5일간의 긴박한 수수께끼를 풀어나가야 한다. 도대체 이우진은 누구이며? 이우진이 오대수를 15년 동안이나 감금한 이유는 뭘까? 밝혀진 비밀 앞에 두 남자의 운명은 과연 어떻게 되는 것일까?",https://search.naver.com/search.naver?where=nexearch&sm=tab_etc&pkid=68&os=1774857&qvt=0&query=%EC%98%81%ED%99%94%20%EC%98%AC%EB%93%9C%EB%B3%B4%EC%9D%B4
극장판 짱구는 못말려: 격돌! 낙서왕국과 얼추 네 명의 용사들,"아이들의 낙서가 사라져 붕괴 위기에 처한 낙서왕국은 낙서 에너지를 모으기 위해 지구 침공을 시작한다. 낙서왕국의 위험한 작전을 막기 위해 지상의 용사로 선택 받은 짱구는 그림에 생명을 불어넣는 ‘미라클 크레용’을 얻게 된다. 쓰윽 쓰윽~ 그려 그려~! 짱구가 미라클 크레용으로 그림을 그리자 브리프, 가짜 이슬이 누나, 부리부리 용사가 스케치북 밖으로 튀어나오는데..! 과연, 크레용 용사 짱구는 낙서 용사들과 함께 위험에 빠진 떡잎마을과 세계를 구할 수 있을까?!",https://search.naver.com/search.naver?where=nexearch&sm=tab_etc&pkid=68&os=18833280&qvt=0&query=%EA%B7%B9%EC%9E%A5%ED%8C%90%20%EC%A7%B1%EA%B5%AC%EB%8A%94%20%EB%AA%BB%EB%A7%90%EB%A0%A4%3A%20%EA%B2%A9%EB%8F%8C!%20%EB%82%99%EC%84%9C%EC%99%95%EA%B5%AD%EA%B3%BC%20%EC%96%BC%EC%B6%94%20%EB%84%A4%20%EB%AA%85%EC%9D%98%20%EC%9A%A9%EC%82%AC%EB%93%A4
연애의 목적,"고등학교 영어교사 '유림'은 한 살 연상의 미술교생 '홍'에게 호시탐탐 수작을 건다. 너무도 당당하게 '연애'를 요구하는 유림은 일면 귀엽고, 일면 능청스럽고, 일면 약아빠졌다. 파트너쉽을 핑계로 단둘이 갖게 된 술자리에서 유림은 기회를 틈타 솔직하게 고백한다. ""같이 자고 싶어요!"" 그런데 이 여자 홍도 만만치 않다. ""나랑 자려면 50만원 내요."" 서로간의 밀고 당기는 줄다리기가 반복 되면서 그들은 어느새 '연애'에 진입하게 된다. 그리고 목적 없던 연애에 '목적'이 생기면서 그들의 연애는 골치아파 진다. 과연, 그들의 연애의 목적은?",https://search.naver.com/search.naver?where=nexearch&sm=tab_etc&pkid=68&os=1777753&qvt=0&query=%EC%98%81%ED%99%94%20%EC%97%B0%EC%95%A0%EC%9D%98%20%EB%AA%A9%EC%A0%81
악인전,"우연히 연쇄살인마의 표적이 되었다 살아난 조직 보스 장동수와 범인잡기에 혈안이 된 강력반 미친개 정태석. 타협할 수 없는 두 사람이 연쇄살인마 K를 잡기 위해 손잡는다. 표적은 하나, 룰도 하나! 먼저 잡는 놈이 갖는다!",https://search.naver.com/search.naver?where=nexearch&sm=tab_etc&pkid=68&os=8645906&qvt=0&query=%EC%98%81%ED%99%94%20%EC%95%85%EC%9D%B8%EC%A0%84
마담 뺑덕,"8년 전, 처녀 덕이 그리고 학규. 욕망에 눈멀다 불미스러운 오해에 휘말려, 지방 소도시 문화센터의 문학 강사로 내려온 교수 학규(정우성)는 퇴락한 놀이공원의 매표소 직원으로, 고여있는 일상에 신물 난 처녀 덕이(이솜)와 걷잡을 수 없는 사랑에 빠진다. 그러나 학규는 복직이 되자마자 서울로 돌아가고 덕이는 버림 받는다. 8년 후, 악녀 덕이. 학규와 그의 딸 청이 사이를 파고들다 8년 후, 학규는 작가로 명성을 얻지만 딸 청이(박소영)는 엄마의 자살이 아버지 탓이라 여기며 반항하고, 학규는 눈이 멀어져 가는 병까지 걸린다. 모든 것을 잃을 위기에 처한 학규의 앞 집으로 이사 온 여자 세정. 눈이 거의 보이지 않는 학규가 세정이 8년 전 덕이라는 걸 모른 채 그녀에게 의지하는 사이, 청이 또한 그녀에게 집착하게 된다. 덕이와 학규, 그리고 청이. 집착에 눈뜨다 덕이 없이 아무것도 못하게 된 학규, 그리고 두 사람 사이를 눈치채고 위험한 질투를 시작하는 청이. 세 사람의 위태로운 관계의 한 가운데, 마침내 주도권을 쥔 덕이는 학규의 모든 것을 망가뜨리려고 하는데…",https://search.naver.com/search.naver?where=nexearch&sm=tab_etc&pkid=68&os=1851731&qvt=0&query=%EB%A7%88%EB%8B%B4%20%EB%BA%91%EB%8D%95
동네사람들,"여고생이 사라졌지만 너무나 평온한 시골의 한적한 마을, 기간제 교사로 새로 부임 온 외지 출신 체육교사 ‘기철(마동석)’은 동네 분위기가 심상치 않음을 감지한다. 실종된 여고생의 유일한 친구 '유진(김새론)'만이 친구가 납치된 거라 확신하여 사건을 쫓고, 의도치 않게 ‘유진’과 함께 사라진 소녀를 찾기 위해 나선 ‘기철’은 누군가에 의해 그녀의 흔적들이 사라지고 있다는 사실을 알게 되는데... 모두가 침묵하는 사라진 소녀, 하지만 누군가는 반드시 그녀를 찾아야만 한다",https://search.naver.com/search.naver?where=nexearch&sm=tab_etc&pkid=68&os=6122816&qvt=0&query=%EC%98%81%ED%99%94%20%EB%8F%99%EB%84%A4%EC%82%AC%EB%9E%8C%EB%93%A4
콜보이,"일상에서도, 여성과의 관계에서도 따분함을 느끼며 무기력하게 생활하던 명문대생 료(마츠자카 토리). 어느 날 시즈카(마토부 세이)라는 아름다운 여성이 료가 아르바이트 하는 바에 찾아온다. 여성과의 관계가 시시하다는 료에게 시즈카는 ‘정열의 시험’을 치르게 한다. 그것은 바로 시즈카가 운영하는 회원제 클럽의 입사 시험. 시험에 통과한 료는 다음 날부터 ‘콜보이’로서 일하게 된다. 당황스러운 일을 겪기도 하지만 콜보이로 일해 나가면서 료는 점차 여성 한 명 한 명의 마음 속에 숨겨진 욕망의 신비로움을 깨닫고 진정한 보람을 느끼기 시작한다.",https://search.naver.com/search.naver?where=nexearch&sm=tab_etc&pkid=68&os=6783765&qvt=0&query=%EC%98%81%ED%99%94%20%EC%BD%9C%EB%B3%B4%EC%9D%B4
가래떡의 맛: 감독판,"시나리오 작가 도희는 낮에는 공모전 준비와 집주인에게 시달리고 밤에는 총각귀신에게 밤새도록 시달린다. 고통스러운 나날을 보내던 중, 용하다는 점쟁이 석녀를 찾아간다. 도희가 가진 음기가 탐이 난 석녀는 귀신을 떼주는 대신 음기를 받기로 거래한다. 석녀는 사진 속 의문의 남자들과 하룻밤을 보내면 귀신이 안 보일 거라며 다소 엉뚱한 해결책을 제시한다. 도희는 점쟁이의 말에 반신반의하며 사진 속 남자들을 집으로 유혹하는데..",https://search.naver.com/search.naver?where=nexearch&sm=tab_etc&pkid=68&os=7683250&qvt=0&query=%EA%B0%80%EB%9E%98%EB%96%A1%EC%9D%98%20%EB%A7%9B%3A%20%EA%B0%90%EB%8F%85%ED%8C%90
명탐정 코난: 베이커가의 망령,"IT 회사 신드라 컴퍼니가 개발한 ‘코쿤’이라는 체험 시뮬레이션 게임 시연회에 참석한 코난. 게임이 시작되기 몇 분 전, 게임개발자인 카시무라가 ‘JTR’이라는 의문의 다잉 메시지를 남기고 살해 당한다. 메시지를 본 코난은 가상 게임 속에 살인 동기가 있을 것으로 직감하고 50명의 아이들과 함께 게임에 참여하게 된다. 하지만 인공 두뇌 ‘노아의 방주’의 서버 침입으로 게임은 통제불능의 상태에 빠지게 되고, ‘노아의 방주’는 19세기 전설적인 살인마 ‘잭 더 리퍼’를 이기지 못하면 게임에 참가한 50명의 아이들의 뇌를 전부 손상시키겠다고 협박하는데……",https://search.naver.com/search.naver?where=nexearch&sm=tab_etc&pkid=68&os=1776513&qvt=0&query=%EB%AA%85%ED%83%90%EC%A0%95%20%EC%BD%94%EB%82%9C%3A%20%EB%B2%A0%EC%9D%B4%EC%BB%A4%EA%B0%80%EC%9D%98%20%EB%A7%9D%EB%A0%B9
도굴,"흙 맛만 봐도 보물을 찾아내는 타고난 천재 도굴꾼 강동구(이제훈). 자칭 한국의 '인디아나 존스'로 불리는 고분벽화 도굴 전문가 존스 박사(조우진), 전설의 삽질 달인 삽다리(임원희)를 만나 환상(?)의 팀플레이를 자랑하며 위험천만하고도 짜릿한 도굴의 판을 키운다. 한편, 그의 재능을 알아본 고미술계 엘리트 큐레이터 윤실장(신혜선)은 강동구에게 매력적이면서도 위험한 거래를 제안하는데...! 황영사 금동불상, 고구려 고분벽화 그리고 서울 강남 한복판 선릉까지! 팔수록 판이 커지는 도굴의 세계! 급이 다른 삽질이 시작된다!",https://search.naver.com/search.naver?where=nexearch&sm=tab_etc&pkid=68&os=13918309&qvt=0&query=%EC%98%81%ED%99%94%20%EB%8F%84%EA%B5%B4
방자전,"몽룡을 따라간 청풍각에서 기생의 딸 춘향에게 한 눈에 반해 버린 몸종 방자. 도련님 또한 그녀를 눈여겨본다는 사실에 마음을 접으려 하지만, 자신을 하대하는 몽룡의 태도에 적개심으로 춘향에 대한 자신의 마음을 드러내 버린다. 춘향 역시 방자의 남자다움과 자상함에 흔들리고, 마침내 방자는 춘향을 품게 된다. 하지만, 신분 상승의 꿈을 접을 수 없는 춘향은 몽룡이 과거 시험을 위해 한양으로 떠나기 전 정인 서약을 맺고, 방자는 이를 알면서도 춘향에 대한 마음을 접지 못한다. 그러던 어느날, 장원 급제한 몽룡이 돌아와 춘향에게 더 큰 출세를 위해 모종의 거래를 제안하게 되는데…",https://search.naver.com/search.naver?where=nexearch&sm=tab_etc&pkid=68&os=1783788&qvt=0&query=%EB%B0%A9%EC%9E%90%EC%A0%84
백두산,"대한민국 관측 역사상 최대 규모의 백두산 폭발 발생. 갑작스러운 재난에 한반도는 순식간에 아비규환이 되고, 남과 북 모두를 집어삼킬 추가 폭발이 예측된다. 사상 초유의 재난을 막기 위해 ‘전유경’(전혜진)은 백두산 폭발을 연구해 온 지질학 교수 ‘강봉래’(마동석)의 이론에 따른 작전을 계획하고, 전역을 앞둔 특전사 EOD 대위 ‘조인창’(하정우)이 남과 북의 운명이 걸린 비밀 작전에 투입된다. 작전의 키를 쥔 북한 무력부 소속 일급 자원 ‘리준평’(이병헌)과 접선에 성공한 ‘인창’. 하지만 ‘준평’은 속을 알 수 없는 행동으로 ‘인창’을 곤란하게 만든다. 한편, ‘인창’이 북한에서 펼쳐지는 작전에 투입된 사실도 모른 채 서울에 홀로 남은 ‘최지영’(배수지)은 재난에 맞서 살아남기 위해 고군분투하고 그 사이, 백두산 마지막 폭발까지의 시간은 점점 가까워 가는데…!",https://search.naver.com/search.naver?where=nexearch&sm=tab_etc&pkid=68&os=9984494&qvt=0&query=%EC%98%81%ED%99%94%20%EB%B0%B1%EB%91%90%EC%82%B0
명탐정 코난 : 미궁의 십자로,"무대를 전작의 런던에서 일본 역사와 전통이 고스란히 담겨 있는 교토로 옮긴 시리즈 7번째 작품. 오사카와 도쿄, 그리고 교토에서 유명한 문화재 도굴단인 '겐지보타루'의 일원들이 연이어 살해되는 사건이 일어난다. 교토를 방문하고 있던 코난 일행은 그 곳에서 겐지보타루의 소행으로 추측되는 불상 도난 사건을 전해듣고 살인 사건과 연관지어 수사를 시작한다.수사를 위해 고조 다리를 찾은 코난은 그 곳에서 고교생 탐정 헤이지를 만나고, 그와 함께 사건을 조사하기로 하는데...",https://search.naver.com/search.naver?where=nexearch&sm=tab_etc&pkid=68&os=1776514&qvt=0&query=%EB%AA%85%ED%83%90%EC%A0%95%20%EC%BD%94%EB%82%9C%20%3A%20%EB%AF%B8%EA%B6%81%EC%9D%98%20%EC%8B%AD%EC%9E%90%EB%A1%9C
타짜,"가구공장에서 일하며 남루한 삶을 사는 고니는 대학보다 가난을 벗어나게 해줄 돈이 우선인 열혈 천방지축 청년! 어느 날 고니는, 가구공장 한 켠에서 박무석 일행이 벌이는 화투판에 끼게 된다. 스무장의 화투로 벌이는 '섯다' 한 판! 하지만 고니는 그 판에서 삼년 동안 모아두었던 돈 전부를 날리고 만다. 그것이 전문도박꾼 타짜들이 짜고 친 판이었단 사실을 뒤늦게 안 고니는 박무석 일행을 찾아 나서고, 도박으로 시비가 붙은 한 창고에서 우연인 듯 필연처럼 전설의 타짜 평경장을 만난다. 그리고 잃었던 돈의 다섯 배를 따면 화투를 그만두겠단 약속을 하고, 그와 함께 본격적인 꽃싸움에 몸을 던지기 위한 동행길에 오른다. 드디어 타짜의 길로 들어선 고니! 평경장과 지방원정을 돌던 중 도박판의 꽃, 설계자 정마담을 소개 받고 둘은 서로에게서 범상치 않은 승부욕과 욕망의 기운을 느끼게 된다. 고니는 정마담이 미리 설계해 둔 판에서 큰 돈을 따게 되고, 결국 커져 가는 욕망을 이기지 못한 채 평경장과의 약속을 어기고 만다. 정마담과의 화려한 도박인생, 평경장과의 헤어짐을 택한 고니. 유유자적 기차에 오르는 평경장과 마지막 인사를 나눈 고니는 그 기차역에서 극악무도한 독종이자 죽음의 타짜란 아귀를 스치듯 만난다. 이후 고니는, 정마담의 술집에서 벌어진 한 화투판에서 요란스러운 입담으로 판을 흔드는 고광렬을 만나고, 경찰의 단속을 피하던 중 그와 함께 정마담을 떠나게 된다. 고광렬은 고니와는 달리 남들 버는 만큼만 따면 된다는 직장인 마인드의 인간미 넘치는 타짜! 둘은 환상의 호흡을 자랑하며 전국의 화투판을 휩쓴다. 함께 원정을 뛰며 나름의 도박인생을 꾸려가는 고니와 고광렬. 원정 중 우연히 들린 한 술집에서 고니는 술집주인 화란을 만나고 둘은 첫눈에 서로에게 끌리지만 한없이 떠도는 타짜의 인생에 사랑은 그리 쉬운 일이 아니다. 한편, 고니는 자신을 이 세계에 발 담그게 한 장본인 박무석과 그를 조종하는 인물 곽철용을 찾게 되고, 드디어 보기 좋게 한 판 복수에 성공한다. 하지만 곽철용의 수하는 복수가 낳은 복수를 위해 아귀에게 도움을 청하고, 아귀는 고니에게 애증을 가진 정마담을 미끼로 고니와 고광렬을 화투판으로 끌어들인다. 기차역에서 스쳤던 아귀를 기억해내며 그것이 '죽음의 한 판'이란 것을 느끼는 고니. 하지만 고니는 이를 거절하지 않는다. 고광렬의 만류도 뿌리친 채, 그리고 처음으로 평범한 삶을 꿈꾸게 한 여자 화란과의 사랑도 뒤로 한 채, 고니는 그렇게 죽음의 판이 펼쳐질 배에 스스로 오르는데.... 물러설 곳 없는 꽃들의 전쟁..! 각자의 원한과 욕망, 그리고 덧없는 희망, 이 모든 것이 뒤엉킨 한 판이 시작된다..! ""겁날 것도, 억울할 것도 없다. 내가 아는 모든 사람이 그랬던 것처럼, 언젠가는 나도 다치거나 죽는다. 그게 타짜이니까...""",https://search.naver.com/search.naver?where=nexearch&sm=tab_etc&pkid=68&os=1793652&qvt=0&query=%ED%83%80%EC%A7%9C%201
신비한 동물들과 덤블도어의 비밀,"1930년대, 제2차 세계대전에 마법사들이 개입하게 되면서 강력한 어둠의 마법사 그린델왈드의 힘이 급속도로 커진다. 덤블도어는 뉴트 스캐맨더에게 위대한 마법사 가문 후손, 마법학교의 유능한 교사, 머글 등으로 이루어진 팀에게 임무를 맡긴다. 이에 뉴트와 친구들은 머글과의 전쟁을 선포한 그린델왈드와 추종자들, 그의 위험한 신비한 동물들에 맞서 세상을 구할 거대한 전쟁에 나선다. 한편 전쟁의 위기가 최고조로 달한 상황 속에서 덤블도어는 더 이상 방관자로 머물 수 없는 순간을 맞이하고, 서서히 숨겨진 비밀이 드러나는데…",https://search.naver.com/search.naver?where=nexearch&sm=tab_etc&pkid=68&os=6003060&qvt=0&query=%EC%8B%A0%EB%B9%84%ED%95%9C%20%EB%8F%99%EB%AC%BC%EB%93%A4%EA%B3%BC%20%EB%8D%A4%EB%B8%94%EB%8F%84%EC%96%B4%EC%9D%98%20%EB%B9%84%EB%B0%80
쥬라기 월드: 폴른 킹덤,"지상 최대의 테마파크 ‘쥬라기 월드’가 폐쇄된 이후 화산 폭발 조짐이 일어나자, 오웬(크리스 프랫)과 클레어(브라이스 달라스 하워드)는 공룡들의 멸종을 막기 위해 이슬라 누블라 섬으로 떠난다. 한편, 진화된 공룡들을 이용하려는 세력의 거대한 음모가 드러나고, 절대 지상에 존재해선 안될 위협적 공룡들이 마침내 세상 밖으로 등장하게 되는데… 공룡들의 세상이 돌아온다!",https://search.naver.com/search.naver?where=nexearch&sm=tab_etc&pkid=68&os=5189087&qvt=0&query=%EC%A5%AC%EB%9D%BC%EA%B8%B0%20%EC%9B%94%EB%93%9C%3A%20%ED%8F%B4%EB%A5%B8%20%ED%82%B9%EB%8D%A4
쥬라기 월드,"‘쥬라기 공원’이 문을 닫은 지 22년, 유전자 조작으로 탄생한 공룡들을 앞세운 ‘쥬라기 월드’는 지상 최대의 테마파크로 자리잡는다. 하지만 새롭게 태어난 하이브리드 공룡들은 지능과 공격성을 끝없이 진화시키며 인간의 통제를 벗어나기 시작하는데… 돌아온 공룡의 세상! 인류에게 닥친 최악의 위협!",https://search.naver.com/search.naver?where=nexearch&sm=tab_etc&pkid=68&os=1801459&qvt=0&query=%EC%A5%AC%EB%9D%BC%EA%B8%B0%20%EC%9B%94%EB%93%9C%201
스파이더맨: 노 웨이 홈,‘미스테리오’의 계략으로 세상에 정체가 탄로난 스파이더맨 ‘피터 파커’는 하루 아침에 평범한 일상을 잃게 된다. 문제를 해결하기 위해 ‘닥터 스트레인지’를 찾아가 도움을 청하지만 뜻하지 않게 멀티버스가 열리면서 각기 다른 차원의 불청객들이 나타난다. ‘닥터 옥토퍼스’를 비롯해 스파이더맨에게 깊은 원한을 가진 숙적들의 강력한 공격에 ‘피터 파커’는 사상 최악의 위기를 맞게 되는데…,https://search.naver.com/search.naver?where=nexearch&sm=tab_etc&pkid=68&os=23527376&qvt=0&query=%EC%8A%A4%ED%8C%8C%EC%9D%B4%EB%8D%94%EB%A7%A8%3A%20%EB%85%B8%20%EC%9B%A8%EC%9D%B4%20%ED%99%88
인민을 위해 복무하라,"모범사병으로 사단장 사택의 취사병이 된 ‘무광’ 그의 목표는 오직 아내와 아이를 위해 출세의 길에 오르는 것이다 그러나, 사단장이 출장을 간 사이 시작된 그의 젊은 아내 ‘수련’의 위험한 유혹에 ‘무광’은 자신의 목표와 신념 그리고 빠져보고 싶은 금기된 사랑 사이에서 갈등을 겪는데… 빠져보고 싶은 유혹 스크린에 뜨겁게 피어나다!",https://search.naver.com/search.naver?where=nexearch&sm=tab_etc&pkid=68&os=16094405&qvt=0&query=%EC%98%81%ED%99%94%20%EC%9D%B8%EB%AF%BC%EC%9D%84%20%EC%9C%84%ED%95%B4%20%EB%B3%B5%EB%AC%B4%ED%95%98%EB%9D%BC
민스미트 작전,"사상 최대의 인명 피해를 낳은 제2차 세계대전, 연합군과 추축군은 전쟁을 승리로 이끌 교두보 시칠리아를 두고 팽팽한 대립을 펼친다. 하지만 추축군 독일의 위세가 상당해 시칠리아에는 이미 추축군 병력 무려 23만 명이 주둔해 있던 상황! 연합군은 해군 정보장교 ‘이웬 몬태규’와 ‘찰스 첨리’를 주축으로 전쟁의 승기를 잡을 단 한 번의 ‘민스미트 작전’을 계획하는데… 예상을 뛰어 넘는 위대한 작전이 시작된다!",https://search.naver.com/search.naver?where=nexearch&sm=tab_etc&pkid=68&os=25769234&qvt=0&query=%EB%AF%BC%EC%8A%A4%EB%AF%B8%ED%8A%B8%20%EC%9E%91%EC%A0%84
수퍼 소닉2,도시의 악당들을 물리치며 바쁘게 지구를 지키고 있는 초특급 히어로 ‘소닉’. 버섯 행성으로 쫓겨나 ‘소닉’에게 복수를 계획하던 천재 악당 ‘로보트닉’은 엄청난 힘을 지닌 신비의 에메랄드를 차지해 세상을 지배할 야망을 꿈꾸며 지구로 돌아온다! 최강 파워로 업그레이드된 ‘로보트닉’과 강력한 펀치 파워 ‘너클즈’의 공격에 속수무책으로 당하던 ‘소닉’은 하늘을 나는 꼬리를 가진 귀여운 파트너 ‘테일즈’의 도움으로 위기를 모면하게 되는데… 초특급 히어로 소닉과 테일즈 VS 너클즈와 천재 악당 로보트닉 새로운 질서로 세계를 정복하려는 최강 빌런에 맞선 거대한 대결이 시작된다,https://search.naver.com/search.naver?where=nexearch&sm=tab_etc&pkid=68&os=25472588&qvt=0&query=%EC%88%98%ED%8D%BC%20%EC%86%8C%EB%8B%892
우연과 상상,"‘메이코’는 집으로 돌아가는 택시 안에서 친구에게 새로운 연애 상대 이야기를 듣는다. 여대생 ‘나오’는 교수 앞에서 그가 쓴 소설의 일부를 낭독한다. 20년 만에 고향을 찾은 ‘나츠코’는 그토록 만나고 싶던 동창생과 재회한다. 우연이 만들어내는, 조용히 아주 크게 움직이는 인생의 순간들이 있다. 이 영화는 그에 대한 상상의 결과물이다.",https://search.naver.com/search.naver?where=nexearch&sm=tab_etc&pkid=68&os=17955903&qvt=0&query=%EC%9A%B0%EC%97%B0%EA%B3%BC%20%EC%83%81%EC%83%81
이상한 나라의 수학자,학문의 자유를 갈망하며 탈북한 천재 수학자 '이학성’(최민식). 그는 자신의 신분과 사연을 숨긴 채 상위 1%의 영재들이 모인 자사고의 경비원으로 살아간다. 차갑고 무뚝뚝한 표정으로 학생들의 기피 대상 1호인 ‘이학성’은 어느 날 자신의 정체를 알게 된 뒤 수학을 가르쳐 달라 조르는 수학을 포기한 고등학생 ‘한지우’(김동휘)를 만난다. 정답만을 찾는 세상에서 방황하던 ‘한지우’에게 올바른 풀이 과정을 찾아나가는 법을 가르치며 ‘이학성’ 역시 뜻하지 않은 삶의 전환점을 맞게 된다.,https://search.naver.com/search.naver?where=nexearch&sm=tab_etc&pkid=68&os=10740207&qvt=0&query=%EC%98%81%ED%99%94%20%EC%9D%B4%EC%83%81%ED%95%9C%20%EB%82%98%EB%9D%BC%EC%9D%98%20%EC%88%98%ED%95%99%EC%9E%90
쥬라기 공원,"코스타리카 서해안의 한 섬에 세워진 테마 파크 ‘쥬라기 공원’. 최신 복제 기술로 살아난 공룡들이 활보하는 이곳에 공룡학자를 비롯한 각계의 전문가가 일반 공개에 앞서 정밀 안전 진단을 위한 투어에 나선다. 그러나 최첨단 컴퓨터 시스템으로 철저히 통제되고 있는 공룡들이 예기치 않은 사고로 폭주하게 되고, 여기에 설상가상으로 태풍까지 몰려오면서 일행들의 투어는 순식간에 생존을 위한 사투의 현장으로 뒤바뀌는데……",https://search.naver.com/search.naver?where=nexearch&sm=tab_etc&pkid=68&os=1751489&qvt=0&query=%EC%A5%AC%EB%9D%BC%EA%B8%B0%20%EA%B3%B5%EC%9B%90%201
더 배트맨,"지난 2년간 고담시의 어둠 속에서 범법자들을 응징하며 배트맨으로 살아온 브루스 웨인. 알프레드와 제임스 고든 경위의 도움 아래, 도시의 부패한 공직자들과 고위 관료들 사이에서 복수의 화신으로 활약한다. 고담의 시장 선거를 앞두고 고담의 엘리트 집단을 목표로 잔악한 연쇄살인을 저지르는 수수께끼 킬러 리들러가 나타나자, 최고의 탐정 브루스 웨인이 수사에 나서고 남겨진 단서를 풀어가며 캣우먼, 펭귄, 카마인 팔코네, 리들러를 차례대로 만난다. 사이코 범인의 미스터리를 수사하면서 그 모든 증거가 자신을 향한 의도적인 메시지였음을 깨닫고, 리들러에게 농락 당한 배트맨은 광기에 사로잡힌다. 범인의 무자비한 계획을 막고 오랫동안 고담시를 썩게 만든 권력 부패의 고리를 끊어야 하지만, 부모님의 죽음에 얽힌 진실이 밝혀지자 복수와 정의 사이에서 갈등한다. 선과 악, 빛과 어둠, 영웅과 악당, 정의와 복수.. 무엇을 선택할 것인가",https://search.naver.com/search.naver?where=nexearch&sm=tab_etc&pkid=68&os=5023553&qvt=0&query=%EB%8D%94%20%EB%B0%B0%ED%8A%B8%EB%A7%A8
로스트 시티,전설의 트레저를 차지하기 위해 재벌 페어팩스(다니엘 래드클리프)는 유일한 단서를 알고 있는 베스트셀러 작가 로레타(산드라 블록)를 납치하게 된다. 어쩔 수 없는 비지니스 관계로 사라진 그녀를 찾아야만 하는 책 커버모델 앨런(채닝 테이텀)은 의문의 파트너(브래드 피트)와 함께 위험한 섬에서 그녀를 구하고 무사히 탈출해야만 하는데… 적과 자연의 위험이 도사리는 일촉즉발 화산섬 대환장 케미의 그들이 생존하여 섬을 탈출할 수 있을까?,https://search.naver.com/search.naver?where=nexearch&sm=tab_etc&pkid=68&os=25500433&qvt=0&query=%EB%A1%9C%EC%8A%A4%ED%8A%B8%20%EC%8B%9C%ED%8B%B0
모비우스,"희귀혈액병을 앓고 있는 생화학자 ‘모비우스’(자레드 레토)는 동료인 ‘마르틴’(아드리아 아르호나)과 함께 치료제 개발에 몰두한다. 흡혈 박쥐를 연구하던 중 마침내 치료제 개발에 성공한 ‘모비우스’는 새 생명과 강력한 힘을 얻게 되지만, 동시에 흡혈을 하지 않고는 생명을 유지할 수 없게 된다. 그러던 중 ‘모비우스’와 같은 병을 앓고 있던 그의 친구 ‘마일로’(맷 스미스)도 ‘모비우스’와 같은 힘을 얻게 되는데… 세상을 구할 능력, 파괴할 본능! 마블 최강의 안티 히어로가 탄생한다!",https://search.naver.com/search.naver?where=nexearch&sm=tab_etc&pkid=68&os=10595440&qvt=0&query=%EB%AA%A8%EB%B9%84%EC%9A%B0%EC%8A%A4
아직 사랑하고 있습니까?,의리로 사는 10년 차 부부 ‘연경’과 ‘영욱’ 빨간 불 들어온 그들 사이에 색(!)다르게 사는 이들이 끼어들었다! 본능대로 사는 남자 ‘민식’ & 즐기면서 사는 여자 ‘재순’ & 참지 않고 사는 여자 ‘혜인’ ‘연경’과 ‘영욱’의 무미건조한 결혼 생활은 그들과의 짜릿한 일탈로 살(!) 맛을 찾아가는데…,https://search.naver.com/search.naver?where=nexearch&sm=tab_etc&pkid=68&os=9918899&qvt=0&query=%EC%95%84%EC%A7%81%20%EC%82%AC%EB%9E%91%ED%95%98%EA%B3%A0%20%EC%9E%88%EC%8A%B5%EB%8B%88%EA%B9%8C%3F
공기살인,"봄이 되면 나타났다 여름이 되면 사라지는 죽음의 병. 공기를 타고 대한민국에 죽음을 몰고 온 살인무기의 실체를 밝히기 위한 그들의 사투. 증발된 범인, 피해자는 증발되지 않았다!",https://search.naver.com/search.naver?where=nexearch&sm=tab_etc&pkid=68&os=14436340&qvt=0&query=%EA%B3%B5%EA%B8%B0%EC%82%B4%EC%9D%B8
듄,"10191년, 아트레이데스 가문의 후계자인 폴(티모시 샬라메)은 시공을 초월한 존재이자 전 우주를 구원할 예지된 자의 운명을 타고났다. 그리고 어떤 계시처럼 매일 꿈에서 아라키스 행성에 있는 한 여인을 만난다. 모래언덕을 뜻하는 '듄'이라 불리는 아라키스는 물 한 방울 없는 사막이지만 우주에서 가장 비싼 물질인 신성한 환각제 스파이스의 유일한 생산지로 이를 차지하기 위한 전쟁이 치열하다. 황제의 명령으로 폴과 아트레이데스 가문은 죽음이 기다리는 아라키스로 향하는데… 위대한 자는 부름에 응답한다, 두려움에 맞서라, 이것은 위대한 시작이다!",https://search.naver.com/search.naver?where=nexearch&sm=tab_etc&pkid=68&os=11365888&qvt=0&query=%EC%98%81%ED%99%94%20%EB%93%84
브로커,"세탁소를 운영하지만 늘 빚에 시달리는 ‘상현’(송강호)과 베이비 박스 시설에서 일하는 보육원 출신의 ‘동수’(강동원). 거센 비가 내리는 어느 날 밤, 그들은 베이비 박스에 놓인 한 아기를 몰래 데려간다. 하지만 이튿날, 생각지 못하게 엄마 ‘소영’(이지은)이 아기 ‘우성’을 찾으러 돌아온다. 아기가 사라진 것을 안 소영이 경찰에 신고하려 하자 솔직하게 털어놓는 두 사람. 우성이를 잘 키울 적임자를 찾아 주기 위해서 그랬다는 변명이 기가 막히지만 소영은 우성이의 새 부모를 찾는 여정에 상현, 동수와 함께하기로 한다. 한편 이 모든 과정을 지켜본 형사 ‘수진’(배두나)과 후배 ‘이형사’(이주영). 이들을 현행범으로 잡고 반 년째 이어온 수사를 마무리하기 위해 조용히 뒤를 쫓는다. 베이비 박스, 그곳에서 의도치 않게 만난 이들의 예기치 못한 특별한 여정이 시작된다.",https://search.naver.com/search.naver?where=nexearch&sm=tab_etc&pkid=68&os=16028962&qvt=0&query=%EC%98%81%ED%99%94%20%EB%B8%8C%EB%A1%9C%EC%BB%A4
헤어질 결심,"산 정상에서 추락한 한 남자의 변사 사건. 담당 형사 '해준'(박해일)은 사망자의 아내 '서래'(탕웨이)와 마주하게 된다. ""산에 가서 안 오면 걱정했어요, 마침내 죽을까 봐."" 남편의 죽음 앞에서 특별한 동요를 보이지 않는 '서래'. 경찰은 보통의 유가족과는 다른 '서래'를 용의선상에 올린다. '해준'은 사건 당일의 알리바이 탐문과 신문, 잠복수사를 통해 '서래'를 알아가면서 그녀에 대한 관심이 점점 커져가는 것을 느낀다. 한편, 좀처럼 속을 짐작하기 어려운 '서래'는 상대가 자신을 의심한다는 것을 알면서도 조금의 망설임도 없이 '해준'을 대하는데…. 진심을 숨기는 용의자 용의자에게 의심과 관심을 동시에 느끼는 형사 그들의 <헤어질 결심>",https://search.naver.com/search.naver?where=nexearch&sm=tab_etc&pkid=68&os=16149275&qvt=0&query=%ED%97%A4%EC%96%B4%EC%A7%88%20%EA%B2%B0%EC%8B%AC
뜨거운 피,"부산 변두리 작은 포구 '구암'의 절대적인 주인 '손영감’(김갑수), 그의 밑에서 수년간 수족으로 일해온 '희수'(정우)는 무엇 하나 이뤄낸 것 없이, 큰돈 한번 만져보지 못한 채 반복되는 건달 짓이 지긋지긋하다. 1993년, 범죄와의 전쟁 이후 새로운 구역을 집어삼키기 위해 물색중인 영도파 건달들은 아무도 관심 갖지 않는 ‘구암’에 눈독을 들이고, 영도파 에이스이자 ‘희수’의 오랜 친구 '철진'(지승현)이 '희수'에게 은밀히 접근한다. 새로운 삶을 시작하려는 ‘희수’는 갈등하고, 조용하던 ‘구암’을 차지하려는 밑바닥 건달들의 치열한 생존 싸움이 시작되는데... 더 이상 물러날 곳도 도망칠 곳도 없다. 누구든 망설이는 놈이 진다!",https://search.naver.com/search.naver?where=nexearch&sm=tab_etc&pkid=68&os=9534310&qvt=0&query=%EC%98%81%ED%99%94%20%EB%9C%A8%EA%B1%B0%EC%9A%B4%20%ED%94%BC
오마주,"엄마 영화는 재미없다는 아들과 늘상 밥타령인 남편, 잇따른 흥행 실패로 슬럼프에 빠진 중년의 영화감독 지완. 아르바이트 삼아 60년대에 활동한 한국 두 번째 여성 영화감독 홍은원 감독의 작품 <여판사>의 필름을 복원하게 된다. 사라진 필름을 찾아 홍감독의 마지막 행적을 따라가던 지완은 정체를 알 수 없는 모자 쓴 여성의 그림자와 함께 그 시간 속을 여행하게 되는데... 어쩐지, 희미해진 꿈과 영화에 대한 열정이 되살아나는 것만 같다.",https://search.naver.com/search.naver?where=nexearch&sm=tab_etc&pkid=68&os=24794310&qvt=0&query=%EC%98%81%ED%99%94%20%EC%98%A4%EB%A7%88%EC%A3%BC
안녕하세요,"외로운 세상 속에서 죽음을 결심한 열아홉 수미(김환희). ‘죽는 법’을 알려주겠다는 수간호사 서진(유선)의 제안에 따라 늘봄 호스피스 병동을 찾아간다. 이 사람들이 곧 죽을 사람들이라고?! 예상치 못한 유쾌함과 따뜻함이 수미를 반기고, 하루하루를 소중히 살아가는 그들에게 점차 스며들며 세상의 온기를 배워가기 시작하는데… ‘힐링 메이트’들이 전하는 눈부시게 찬란한 위로! “안녕하세요”",https://search.naver.com/search.naver?where=nexearch&sm=tab_etc&pkid=68&os=18115391&qvt=0&query=%EC%98%81%ED%99%94%20%EC%95%88%EB%85%95%ED%95%98%EC%84%B8%EC%9A%94
한산: 용의 출현,"명량해전 5년 전, 진군 중인 왜군을 상대로 조선을 지키기 위해 필사의 전략과 패기로 뭉친 이순신 장군과 조선 수군의 ‘한산해전’을 그린 전쟁 액션 대작",https://search.naver.com/search.naver?where=nexearch&sm=tab_etc&pkid=68&os=14017059&qvt=0&query=%ED%95%9C%EC%82%B0%3A%20%EC%9A%A9%EC%9D%98%20%EC%B6%9C%ED%98%84
히든,"국가정보원 국제범죄(마약)팀 소속 해수는 작전 중 사망한 동료를 대신해 하우스에서 ‘판때기’로 불리며 명성을 떨치고 있는 장판수를 급습, 정체불명 도박의 신 '블랙잭'이 60억 원어치 마약을 노리고 있다는 사실을 알게 된다. 이제 그를 잡을 방법은 단 하나뿐. 해수는 맨몸으로 위험천만한 도박판에 직접 뛰어들기로 결심한다. 목숨 건 죽음의 베팅이 시작된다!",https://search.naver.com/search.naver?where=nexearch&sm=tab_etc&pkid=68&os=26184557&qvt=0&query=%EC%98%81%ED%99%94%20%ED%9E%88%EB%93%A0
이터널 로드,"1930년대, 냉전시대의 이념 갈등이라는 혼란에 휘말린 ‘주시 케톨라’ 소위 ‘영원한 길’이라 불리는 소비에트 국경 지역에 강제로 버려진다. 소비에트에 피랍된 ‘주시 케톨라’는 자신의 가족들에게 돌아가기 위해 그의 목숨을 건 탈출을 시도하는데…",https://search.naver.com/search.naver?where=nexearch&sm=tab_etc&pkid=68&os=7200571&qvt=0&query=%EC%98%81%ED%99%94%20%EC%9D%B4%ED%84%B0%EB%84%90%20%EB%A1%9C%EB%93%9C
매스,"돌이킬 수 없는 사건으로 아이를 잃은 두 부부의 슬픔, 분노, 절망, 후회가 폭발하는 111분의 마스터피스",https://search.naver.com/search.naver?where=nexearch&sm=tab_etc&pkid=68&os=17531534&qvt=0&query=%EC%98%81%ED%99%94%20%EB%A7%A4%EC%8A%A4
카시오페아,"이혼 후 변호사, 엄마로 완벽한 삶을 살아가려고 노력하는 수진은 하나뿐인 딸 지나의 미국 유학을 준비하고 있다. 정신없이 바쁜 수진을 위해 아빠 인우가 손녀를 돌보게 되면서 세 사람은 함께 살게 된다. 얼마 후 수진은 교통사고를 당하고, 병원에서 알츠하이머라는 뜻밖의 결과를 듣게 된다. 사랑하는 딸을 잊을까 봐 두려워하는 수진을 위해 아빠 인우는 수진의 곁을 지키고, 기억을 잊어도 살아갈 수 있도록 이들 부녀만의 애틋한 동행이 시작된다.",https://search.naver.com/search.naver?where=nexearch&sm=tab_etc&pkid=68&os=24679636&qvt=0&query=%EC%98%81%ED%99%94%20%EC%B9%B4%EC%8B%9C%EC%98%A4%ED%8E%98%EC%95%84
애프터 양,"함께 살던 안드로이드 인간 ‘양’이 어느 날 작동을 멈추자 제이크 가족은 그를 수리할 방법을 찾는다. 그러던 중, ‘양’에게서 특별한 메모리 뱅크를 발견하고 그의 기억을 탐험하기 시작하는데… 무엇을 남기고 싶었어, 양?",https://search.naver.com/search.naver?where=nexearch&sm=tab_etc&pkid=68&os=18921409&qvt=0&query=%EC%95%A0%ED%94%84%ED%84%B0%20%EC%96%91
이공삼칠,"열아홉 윤영은 엄마와 단 둘이 살며 아르바이트를 하면서 검정고시를 준비한다. 친구들처럼 학교에 가고 싶기도 하지만, 얼른 공무원 시험에 합격해 공장에서 일하는 청각 장애가 있는 엄마를 편하게 해드리고 싶은 마음뿐. 착한 마음과 성실한 의지와는 상관없이 뜻밖의 사고는 윤영을 피해자에서 살인자로 돌변시켜 교도소에 몰아넣고 ‘윤영’이라는 이름대신 ‘이.공.삼.칠.’이라는 수감번호로 불리게 만든다. 더 이상 절망적일 수 없는 상황에서 저마다의 사연을 가진 10호실 동료들은 윤영을 지켜주기 위해 희망의 손길을 내미는데… 반드시 돌려줄게 너의 이름을!",https://search.naver.com/search.naver?where=nexearch&sm=tab_etc&pkid=68&os=26127008&qvt=0&query=%EC%98%81%ED%99%94%20%EC%9D%B4%EA%B3%B5%EC%82%BC%EC%B9%A0
니 부모 얼굴이 보고 싶다,"명문 한음 국제중학교 학생 ‘김건우’가 같은 반 친구 4명의 이름이 적힌 편지를 남긴 채, 의식불명 상태로 호숫가에서 발견된다. 병원 이사장의 아들 ‘도윤재’ 전직 경찰청장의 손자 ‘박규범’ 한음 국제중학교 교사의 아들 ‘정이든’ 그리고, 변호사 ‘강호창’(설경구)의 아들 ‘강한결’. 가해자로 지목된 아이들의 부모들은 자신의 권력과 재력을 이용해 사건을 은폐하려고 한다. 하지만, 담임 교사 ‘송정욱’(천우희)의 양심 선언으로 건우 엄마(문소리) 또한 아들의 죽음에 관한 진실을 알게 된다. 세상의 이목이 한음 국제중학교로 향하고, 자신의 아이들을 지키기 위한 가해자 부모들의 추악한 민낯이 드러나는데… 자식이 괴물이 되면, 부모는 악마가 된다",https://search.naver.com/search.naver?where=nexearch&sm=tab_etc&pkid=68&os=5425105&qvt=0&query=%EC%98%81%ED%99%94%20%EB%8B%88%20%EB%B6%80%EB%AA%A8%20%EC%96%BC%EA%B5%B4%EC%9D%B4%20%EB%B3%B4%EA%B3%A0%20%EC%8B%B6%EB%8B%A4
윤시내가 사라졌다,"전설적인 가수의 실종으로 대한민국이 떠들썩한 가운데, 20년 간 이미테이션 가수 ‘연시내’로 활동해온 순이(오민애)는 ‘윤시내’와 함께할 뻔한 꿈의 무대도, 일자리도 잃어 좌절에 빠진다. 한편, 사람들의 관심이 고픈 유튜버 ‘짱하’(이주영)는 라이브 방송 중 우연히 찍힌 엄마 ‘연시내’ 영상의 조회수가 떡상하자 대박 콘텐츠를 꿈꾸며 ‘윤시내’를 찾는 여정에 따라 나서는데… 동료 가수 ‘운시내’(노재원)와 함께 가시내, 윤신애, 윤사내까지 모두 만나며 사라진 ‘윤시내’의 행방을 수소문하기 시작한 동상이몽 두 모녀는 과연 ‘진짜’를 만날 수 있을까?",https://search.naver.com/search.naver?where=nexearch&sm=tab_etc&pkid=68&os=25982544&qvt=0&query=%EC%9C%A4%EC%8B%9C%EB%82%B4%EA%B0%80%20%EC%82%AC%EB%9D%BC%EC%A1%8C%EB%8B%A4
그린 북,"1962년 미국, 입담과 주먹만 믿고 살아가던 토니 발레롱가(비고 모텐슨)는 교양과 우아함 그 자체인 천재 피아니스트 돈 셜리(마허샬라 알리) 박사의 운전기사 면접을 보게 된다. 백악관에도 초청되는 등 미국 전역에서 콘서트 요청을 받으며 명성을 떨치고 있는 돈 셜리는 위험하기로 소문난 미국 남부 투어 공연을 떠나기로 결심하고, 투어 기간 동안 자신의 보디가드 겸 운전기사로 토니를 고용한다. 거친 인생을 살아온 토니 발레롱가와 교양과 기품을 지키며 살아온 돈 셜리 박사. 생각, 행동, 말투, 취향까지 달라도 너무 다른 두 사람은 그들을 위한 여행안내서 ‘그린북’에 의존해 특별한 남부 투어를 시작하는데…",https://search.naver.com/search.naver?where=nexearch&sm=tab_etc&pkid=68&os=6726912&qvt=0&query=%EA%B7%B8%EB%A6%B0%20%EB%B6%81
닥터 스트레인지: 대혼돈의 멀티버스,"끝없이 균열되는 차원과 뒤엉킨 시공간의 멀티버스가 열리며 오랜 동료들, 그리고 차원을 넘어 들어온 새로운 존재들을 맞닥뜨리게 된 ‘닥터 스트레인지’. 대혼돈 속, 그는 예상치 못한 극한의 적과 맞서 싸워야만 하는데….",https://search.naver.com/search.naver?where=nexearch&sm=tab_etc&pkid=68&os=9299521&qvt=0&query=%EB%8B%A5%ED%84%B0%20%EC%8A%A4%ED%8A%B8%EB%A0%88%EC%9D%B8%EC%A7%80%3A%20%EB%8C%80%ED%98%BC%EB%8F%88%EC%9D%98%20%EB%A9%80%ED%8B%B0%EB%B2%84%EC%8A%A4
토르: 러브 앤 썬더,"슈퍼 히어로 시절이여, 안녕! 이너피스를 위해 자아 찾기 여정을 떠난 천둥의 신 '토르' 그러나, 우주의 모든 신들을 몰살하려는 신 도살자 '고르'의 등장으로 '토르'의 안식년 계획은 산산조각 나버린다. '토르'는 새로운 위협에 맞서기 위해, '킹 발키리', '코르그', 그리고 전 여자친구 '제인'과 재회하게 되는데.. 그녀가 묠니르를 휘두르는 '마이티 토르'가 되어 나타나 모두를 놀라게 한다. 이제, 팀 토르는 '고르'의 복수에 얽힌 미스터리를 밝히고 더 큰 전쟁을 막기 위한 전 우주적 스케일의 모험을 시작하는데... 우주 최고의 ‘갓’ 매치가 시작된다!",https://search.naver.com/search.naver?where=nexearch&sm=tab_etc&pkid=68&os=9976653&qvt=0&query=%ED%86%A0%EB%A5%B4%3A%20%EB%9F%AC%EB%B8%8C%20%EC%95%A4%20%EC%8D%AC%EB%8D%94
외계+인 1부,고려 말 소문 속의 신검을 차지하려는 도사들과 외계인이 출몰하는 2022년 현재 사이에 시간의 문이 열리며 펼쳐지는 기상천외한 이야기를 그린 영화,https://search.naver.com/search.naver?where=nexearch&sm=tab_etc&pkid=68&os=13908549&qvt=0&query=%EC%99%B8%EA%B3%84%2B%EC%9D%B8%201%EB%B6%80
고스트랜드,붉은 조명이 드리운 스산한 사무라이 마을. 신비로운 소녀 ‘버니스’와 그녀의 친구들이 한밤중 몰래 탈출을 시도한다. 사라진 그녀를 찾기 위해 사무라이 마을의 총독은 ‘히어로’를 고용한다. 그가 도착한 곳은 오래전 끔찍한 폭발로 시간이 멈추고 희망이 사라진 황폐한 마을 ‘고스트랜드’ 그곳에서 목소리를 잃은 ‘버니스’를 찾은 ‘히어로’는 ‘고스트랜드’의 진짜 정체를 알게 되는데… 종말론적 배틀로얄이 시작된다!,https://search.naver.com/search.naver?where=nexearch&sm=tab_etc&pkid=68&os=17531533&qvt=0&query=%EA%B3%A0%EC%8A%A4%ED%8A%B8%EB%9E%9C%EB%93%9C
파라노말 2020,"기록된 사례 중 가장 공포스러운 악령빙의를 목격하라! 안넬리제 미헬의 유명한 악령 빙의 사건을 다룬 다큐멘터리 영화로, 영화 ""에밀리 로즈의 엑소시즘""에 영감을 준 충격적인 사건들의 또 다른 진상을 담은 영화",https://search.naver.com/search.naver?where=nexearch&sm=tab_etc&pkid=68&os=26183521&qvt=0&query=%ED%8C%8C%EB%9D%BC%EB%85%B8%EB%A7%90%202020
"파리, 13구","화려함 속에 가려진 외로운 도시, 파리 13구. 낭만을 잃었다 생각한 그곳에서 불현듯 사랑을 만났다. 사랑을 원하는 에밀리 사랑이 두려운 노라 사랑이 값비싼 앰버 스위트 사랑을 몰랐던 카미유 흔들리고 불안했던 그 사랑이, 우리는 전부라 생각했다. 여전히 사랑을 믿는 도시 <파리, 13구>",https://search.naver.com/search.naver?where=nexearch&sm=tab_etc&pkid=68&os=18921010&qvt=0&query=%ED%8C%8C%EB%A6%AC%2C%2013%EA%B5%AC
러브 앤 위시,"사랑에 거침없는 직진녀, '손다은'. 사랑에 서툰 신비주의 철벽남 '김승휴'. 과연 다은은 승휴의 철벽을 무너뜨리고 사랑을 쟁취할 수 있을까?",https://search.naver.com/search.naver?where=nexearch&sm=tab_etc&pkid=68&os=26087202&qvt=0&query=%EC%98%81%ED%99%94%20%EB%9F%AC%EB%B8%8C%20%EC%95%A4%20%EC%9C%84%EC%8B%9C
평평남녀,"바쁜 회사일로 연애는 못하고 기막힌 아이디어는 까이기 일수 승진은 남의 이야기 열정만렙 33살 만년대리! 우리의 영블리 영진 어느 날, 능력은 없지만 빽은 있는 낙하산 준설이 그녀 앞에 떨어지고 하루도 평평할 날 없는 영진의 고달픈 일상이 시작되는데… 일도 사랑도 꼬여버린 할많하않 오피스 브이로그가 온다!",https://search.naver.com/search.naver?where=nexearch&sm=tab_etc&pkid=68&os=18855395&qvt=0&query=%ED%8F%89%ED%8F%89%EB%82%A8%EB%85%80
"괴물, 유령, 자유인","성심과 은수는 동성연인이다. 사회에서는 결코 인정하지 않기에 결국 서로에 대한 믿음은 깨지고 사랑은 실패하게 된다. 성심은 삶에 대한 믿음을 잃으며 헤매이고, 은수는 매일 밤 악몽에 시달린다. 한편 배우인 성철은 한 극단에서 스피노자를 연기하게 되면서 유대인 공동체에선 이단자로, 기독교도 사이에서는 무신론자로 낙인찍혀 이중으로 추방당한 스피노자의 삶을 직접 체험하게 되지만, 그 어디에서도 그의 삶에서 해답을 찾을 순 없다. 그들을 짓누르는 것은 무엇일까? 이 시대 진정한 자유의 길은 과연 있기는 한 것일까? 괴물들과 유령들은 자유로워질 수 있을까?",https://search.naver.com/search.naver?where=nexearch&sm=tab_etc&pkid=68&os=14259397&qvt=0&query=%EA%B4%B4%EB%AC%BC%2C%20%EC%9C%A0%EB%A0%B9%2C%20%EC%9E%90%EC%9C%A0%EC%9D%B8
송지효의 심천연가,"성공을 향해 달려가는 흙수저, 재벌 2세, 커리어 우먼. 기업합병의 위기와 정보유출의 모함에 빠지고 힘을 합쳐 반격을 준비하면서 썸을 타기 시작하는데…",https://search.naver.com/search.naver?where=nexearch&sm=tab_etc&pkid=68&os=2054969&qvt=0&query=%EC%86%A1%EC%A7%80%ED%9A%A8%EC%9D%98%20%EC%8B%AC%EC%B2%9C%EC%97%B0%EA%B0%80
사랑하고 있습니까,"외.유.내.강. 셰프를 꿈꾸는 카페 알바 ‘소정’. 끝없는 실패, 팍팍한 삶, 아픈 엄마까지… 이 와중에, 그녀의 마음 속에 누군가가 들어왔다! 외.강.내.유. 츤데레 카페 오너 ‘승재’. 아무래도 예민한 그가 자꾸만 더 날카로워지는 이유는… 언젠가부터, 알짱거리는 그녀가 너무 신경 쓰인다! ‘빌려줄게요, 도움이 될 거에요’ 늦은 밤, 빗 속을 뚫고 카페를 찾아와 ‘소정’에게 책 한권을 던져주고 홀연히 사라진 기이한 할머니. 그 날 이후, 이 책으로 인해 두 사람의 평범한 일상은 마법처럼 뒤바뀌기 시작하는데… 무엇이든 대답해 드립니다. 당신은 지금, ‘사랑하고 있습니까?’",https://search.naver.com/search.naver?where=nexearch&sm=tab_etc&pkid=68&os=6353429&qvt=0&query=%EC%82%AC%EB%9E%91%ED%95%98%EA%B3%A0%20%EC%9E%88%EC%8A%B5%EB%8B%88%EA%B9%8C
리턴 투 파라다이스,"말레이시아 페낭에서 우연히 만난 쉐리프(John 'Sheriff' Volgecherev: 빈스 본 분), 토니(Tony: 데이비드 콘라드 분), 루이스(Lewis: 조아킨 피닉스 분) 세 명의 젊은이들은 5주간 꿀맛같은 휴가를 보내며 절친한 친구가 된다. 휴가가 끝난 뒤 루이스는 그곳에 계속 남아 동물보호 운동에 참가하기로 하고, 셰리프와 토니는 뉴욕으로 돌아온다. 2년 후 운전기사를 하고 있는 셰리프 앞에 베스(Beth Eastern: 앤 허쉬 분)라는 미모의 여자 변호사가 나타난다. 그녀는, 페낭에서 그들 세명이 지녔던 마리화나 소지 혐의로 루이스가 지난 2년간 감옥에 갇혀 있었으며 8일 후 사형에 처해진다는 엄청난 얘기를 들려준다. 셰리프와 토니가 페낭으로 가서 자신들의 유죄를 인정하고 각각 3년씩 형벌을 나누어 가져야만 루이스가 사형을 면할 수 있다는 것이다. 베스의 끈질긴 설득 끝에 토니는 자신의 미래와 약혼을 잠시 보류하고 페낭으로 돌아가기로 결심한다. 그러나 셰리프는 쉽게 결심을 못한다. 베스가 돈으로 자신을 매수하려 한다고 생각하고 환멸을 느낀 그는 제안을 거절하나 결국 양심의 가책과 베스의 사랑을 느끼게 되면서 토니와 동행하기로 한다. 한편 특종을 노리던 기자 MJ는 베스를 따라다니면서 이번 사건을 언론화할 것을 종용하는데. [스포일러] 그러나 언론화로 인해 결과를 더욱 가혹하게 만들었던 과거의 재판들을 생각하면서 베스는 MJ(M.J. Major: 제이다 핀켓 분)에게 재판일까지 기다려줄 것을 부탁한다. 되돌아온 친구에 의해 루이스의 사형선고는 번복되려 했지만 낌새를 알아챈 언론에서 이 사건을 대서특필, 말레이시아의 형벌제도를 비난하자, 곧바로 루이스는 사형을 선고받는다. 이제까지의 모든 노력은 물거품이 되고 셰리프는 루이스와 사형집행 장면을 감옥에서 지켜보며 눈물을 흘린다.",https://search.naver.com/search.naver?where=nexearch&sm=tab_etc&pkid=68&os=1760397&qvt=0&query=%EB%A6%AC%ED%84%B4%ED%88%AC%ED%8C%8C%EB%9D%BC%EB%8B%A4%EC%9D%B4%EC%8A%A4
더 노비스,"대학 신입생 ‘알렉스’는 교내 조정부에 가입한 후 동급생 ‘제이미’에게 경쟁심을 느낀다 늘 최고를 갈망하는 ‘알렉스’는 팀 1군에 들기 위해 훈련을 거듭하고, 스스로를 극한으로 내몰기 시작하는데··· 네 미친 짓으로 최고를 증명해 봐!",https://search.naver.com/search.naver?where=nexearch&sm=tab_etc&pkid=68&os=18598630&qvt=0&query=%EB%8D%94%20%EB%85%B8%EB%B9%84%EC%8A%A4
셧 인,"죽은 할머니의 오래된 집을 정리하고 떠나려던 '제시카' 앞에 불청객인 마약 중독자 전 남편과 그의 친구 ‘새미’가 들이닥친다. 마약에 취해 과격해 진 남편은 2평 남짓한 창고 안에 그녀를 가둬버리고 떠난 줄 알았던 범죄자 '새미'까지 다시 돌아와 그녀의 유일한 희망인 아이들을 위협하기 시작하는데… 감금 72시간 째, 아이들을 지키고 싶다면 무슨 수를 쓰더라도 실패없이 탈출해야 한다!",https://search.naver.com/search.naver?where=nexearch&sm=tab_etc&pkid=68&os=26150301&qvt=0&query=%EC%85%A7%20%EC%9D%B8
앵커,"생방송 5분 전, 방송국 간판 앵커 ‘세라’(천우희)에게 자신이 살해될 것이라며 죽음을 예고하는 제보전화가 걸려온다. 장난전화로 치부하기에는 찝찝한 마음을 감출 수 없는 ‘세라’. 진짜 앵커가 될 기회라는 엄마 ‘소정’(이혜영)의 말에 ‘세라’는 제보자의 집으로 향하고 제보자인 ‘미소’와 그녀의 딸의 시체를 목격한다. 그날 이후, ‘세라’의 눈앞에 죽은 ‘미소’의 모습이 자꾸만 떠오르기 시작한다. 사건 현장에서 미소의 주치의였던 정신과 의사 ‘인호’(신하균)를 마주하게 되며 그에 대한 ‘세라’의 의심 또한 깊어지는데… 완벽했던 앵커를 뒤흔들 충격적인 진실을 확인하라!",https://search.naver.com/search.naver?where=nexearch&sm=tab_etc&pkid=68&os=10490798&qvt=0&query=%EC%98%81%ED%99%94%20%EC%95%B5%EC%BB%A4
엄마,"미국의 한 외딴 농장에서 딸 '크리스'와 단둘이 평온하게 살아오던 '아만다'. 어느 날, 그녀의 앞에 한국에서 죽은 엄마의 유골이 도착하고 그때부터 정체불명의 현상이 일어나기 시작한다. ""넌 절대로 날 벗어날 수 없어""",https://search.naver.com/search.naver?where=nexearch&sm=tab_etc&pkid=68&os=25900288&qvt=0&query=%EC%98%81%ED%99%94%20%EC%97%84%EB%A7%88
쓰리: 아직 끝나지 않았다,1979년 소비에이트연방 카자흐스탄. 최고의 수사팀에 합류하게 된 패기 넘치는 신입 수사관 '셰르'는 마을을 뒤흔든 연쇄 살인마의 뒤를 쫓는다. 살인마와의 교묘한 심리전 속에 사건의 실마리가 점점 드러나고 새로운 사건의 혼란한 틈에 ‘셰르’의 누나 ‘디나’가 갑자기 사라지게 되는데… 기록될 수 없었던 어느 살인 사건의 실화!,https://search.naver.com/search.naver?where=nexearch&sm=tab_etc&pkid=68&os=16146358&qvt=0&query=%EC%93%B0%EB%A6%AC%3A%20%EC%95%84%EC%A7%81%20%EB%81%9D%EB%82%98%EC%A7%80%20%EC%95%8A%EC%95%98%EB%8B%A4
실종,"수배 중인 연쇄살인마를 목격한 후 포상금을 탈 생각에 들떠있던 아빠 ‘사토시’ 어느 날, 아무런 흔적도 없이 사라져버린다. 딸 ‘카에데’는 유일한 가족인 아빠를 찾아 나서고, 아빠의 일터에서 아빠의 이름을 쓰고 있는 한 남자를 발견한다. 그리고 그가 바로 아빠가 사라지기 전 목격한 연쇄살인마라는 사실을 알게 되고 그를 쫓기 시작하는데…",https://search.naver.com/search.naver?where=nexearch&sm=tab_etc&pkid=68&os=24723663&qvt=0&query=%EC%98%81%ED%99%94%20%EC%8B%A4%EC%A2%85
더 컨트랙터,"특수부대 중사 출신 ‘제임스 하퍼’는 전역을 명 받고 법의 테두리 밖에서 국가에 충성하는 극비 조직에 합류한다. 그에게 주어진 첫번째 미션은, 전세계를 혼란에 빠뜨릴 바이러스 테러를 막는 것. 그러나, 미션 수행 도중 거대한 음모에 휘말리게 되고 충격과 위기를 겪게 되는데… 더 이상 물러설 곳은 없다. 모든 것을 건, 새로운 미션이 시작된다!",https://search.naver.com/search.naver?where=nexearch&sm=tab_etc&pkid=68&os=25924453&qvt=0&query=%EB%8D%94%20%EC%BB%A8%ED%8A%B8%EB%9E%99%ED%84%B0
데드캠핑 더라이브,"인기 캠핑 유튜버 ‘수연’은 여느 때와 같이 외딴 산속에서 보내는 혼자만의 캠핑을 실시간으로 공개한다. 분위기가 한층 무르익을 무렵, ‘수연’은 알 수 없는 무리들에게 습격을 받게 되는데... 그러나 그 놈들은 알 지 못했다. 이 모든 것이 그녀가 준비한 것임을… 그리고 마지막 한 놈의 숨통이 끊어질 때까지 끝나지 않는다는 것을… “이제 사냥할 시간이야”",https://search.naver.com/search.naver?where=nexearch&sm=tab_etc&pkid=68&os=25961561&qvt=0&query=%EB%8D%B0%EB%93%9C%EC%BA%A0%ED%95%91%20%EB%8D%94%EB%9D%BC%EC%9D%B4%EB%B8%8C
크로스 더 라인,"세계일주여행을 앞둔 어느 날 어디서나 마주칠 수 있을 것 같은 평범한 남자 ‘다니’는 식당에서 우연히 ‘밀라’를 만나고 평소와 다르게 일탈을 즐기며 낯선 밤을 보낸다. 그날 밤, ‘밀라’에게 이끌려 난생처음 문신을 새기고 집까지 따라가게 된 ‘다니’는 뜻하지 않은 사건에 휘말려 우발적으로 살인을 저지르고 만다. 아직 용의 선상에 오르지 않은 ‘다니’는 사람들을 피해 도심 속으로 숨어들지만, 지루한 드라마 같던 삶을 반전시킨 단 한 번의 실수는 계속해서 그를 벗어날 수 없는 악몽 속으로 끌고 가는데…",https://search.naver.com/search.naver?where=nexearch&sm=tab_etc&pkid=68&os=16092378&qvt=0&query=%ED%81%AC%EB%A1%9C%EC%8A%A4%20%EB%8D%94%20%EB%9D%BC%EC%9D%B8
클라우스,"편지 6천 통을 배달하라고요? 소통은커녕 싸움만 일삼는 마을에서요? 불가능해 보이는 임무에 좌절한 우체부. 그냥 포기하려던 차, 장난감 장인을 만나 아이디어가 떠오른다. 아이들에게 장난감을 줄 테니 편지를 쓰라고 하는 거야!",https://search.naver.com/search.naver?where=nexearch&sm=tab_etc&pkid=68&os=11811530&qvt=0&query=%EC%98%81%ED%99%94%20%ED%81%B4%EB%9D%BC%EC%9A%B0%EC%8A%A4
극장판 엉덩이 탐정: 수플레 섬의 비밀,"1년 내내 바람이 부는 ‘수플레 섬’에 괴도 유의 예고장이 도착했다! 그의 목표는 섬의 보물인 ‘바람의 길잡이’! 엉덩이 탐정과 브라운, 견공 경찰서 일행은 ‘수플레 섬’에 방문해 ‘루루’를 만난다. 늘 바깥 세상을 동경하는 ‘루루’는 하늘을 자유자재로 누비는 특별한 능력을 가지고 있다. 예고된 보름달이 뜨는 밤, 엉덩이 탐정 일행은 ‘바람의 길잡이’를 지키기 위해 나서는데… 엉덩이 탐정의 명추리가 빛나는 순간, 섬에 숨겨져 있던 비밀이 밝혀진다!",https://search.naver.com/search.naver?where=nexearch&sm=tab_etc&pkid=68&os=25882561&qvt=0&query=%EA%B7%B9%EC%9E%A5%ED%8C%90%20%EC%97%89%EB%8D%A9%EC%9D%B4%20%ED%83%90%EC%A0%95%3A%20%EC%88%98%ED%94%8C%EB%A0%88%20%EC%84%AC%EC%9D%98%20%EB%B9%84%EB%B0%80
미친 능력,"왕년에 잘나가던 슈퍼스타에서 누구에게도 인정받지 못하는 빚쟁이 신세가 된 ‘닉 케이지’ 그런 그에게 생일 파티 참석을 조건으로 기꺼이 백만 달러를 주겠다는 슈퍼팬 ‘하비’(페드로 파스칼)가 등장한다. 스타로서의 자존심과 어마어마한 제안 사이에서 갈등하던 ‘닉 케이지’는 결국 생일 파티가 열리는 곳으로 향한다. 도착과 동시에 초호화 환대를 받고 행복한 휴양을 보내던 그는 의문의 CIA로부터 납치되고, ‘하비’가 악명 높은 수배범인 사실을 듣게 된다. CIA로부터 가족을 빌미로 위험한 미션을 강요 받은 ‘닉 케이지’는 설상가상 예기치 못한 사건들에 휘말리게 되는데… 감당 불가! 방심 금물! 참을 수 없는 초대형 코믹 액션이 온다! 레디 액션!",https://search.naver.com/search.naver?where=nexearch&sm=tab_etc&pkid=68&os=26108836&qvt=0&query=%EB%AF%B8%EC%B9%9C%20%EB%8A%A5%EB%A0%A5
완벽한 축사를 준비하는 방법,"PM 5:24 | 연애 거리두기 38일째, 소니아에게 문자를 보냈다. PM 6:56 | 소니아가 문자를 확인했다. PM 8:07 | 소니아의 답장은 여전히 없는데 눈치 없는 누나와 예비 매형이 내게 결혼식 축사를 부탁한다. 다양한 방법으로 축사를 망치고 모두의 원망을 듣는 나의 미래가 눈앞에 보이는 것만 같아 두렵다. 그나저나 소니아는 왜 문자 답장이 없을까? 연애가 복잡한 나! 사람들과 섞이기 어려운 너? 관계가 서툰 우리 모두를 위한 공감 로맨스♥",https://search.naver.com/search.naver?where=nexearch&sm=tab_etc&pkid=68&os=14361375&qvt=0&query=%EC%99%84%EB%B2%BD%ED%95%9C%20%EC%B6%95%EC%82%AC%EB%A5%BC%20%EC%A4%80%EB%B9%84%ED%95%98%EB%8A%94%20%EB%B0%A9%EB%B2%95
더 스퀘어,"‘더 스퀘어’라는 새로운 전시를 앞둔 스톡홀름 현대 미술관 수석 큐레이터 ‘크리스티안’ 누구보다 완벽했던 그에게 예측불허! 기상천외한 트러블이 빵! 빵! 터지기 시작했다 통제 불가! 짜증 유발! 그럼에도 불구하고, HELP HIM, PLEASE!",https://search.naver.com/search.naver?where=nexearch&sm=tab_etc&pkid=68&os=4099740&qvt=0&query=%EB%8D%94%20%EC%8A%A4%ED%80%98%EC%96%B4
범죄도시2,"가리봉동 소탕작전 후 4년 뒤, 금천서 강력반은 베트남으로 도주한 용의자를 인도받아 오라는 미션을 받는다. 괴물형사 ‘마석도’(마동석)와 ‘전일만’(최귀화) 반장은 현지 용의자에게서 수상함을 느끼고, 그의 뒤에 무자비한 악행을 벌이는 ‘강해상’(손석구)이 있음을 알게 된다. ‘마석도’와 금천서 강력반은 한국과 베트남을 오가며 역대급 범죄를 저지르는 ‘강해상’을 본격적으로 쫓기 시작하는데... 나쁜 놈들 잡는 데 국경 없다! 통쾌하고 화끈한 범죄 소탕 작전이 다시 펼쳐진다!",https://search.naver.com/search.naver?where=nexearch&sm=tab_etc&pkid=68&os=13877044&qvt=0&query=%EB%B2%94%EC%A3%84%EB%8F%84%EC%8B%9C2
쥬라기 월드: 도미니언,"공룡들의 터전이었던 이슬라 누블라 섬이 파괴된 후, 마침내 공룡들은 섬을 벗어나 세상 밖으로 출몰한다. 지상에 함께 존재해선 안 될 위협적 생명체인 공룡의 등장으로 인류 역사상 겪어보지 못한 사상 최악의 위기를 맞이한 인간들. 지구의 최상위 포식자 자리를 걸고 인간과 공룡의 최후의 사투가 펼쳐진다.",https://search.naver.com/search.naver?where=nexearch&sm=tab_etc&pkid=68&os=11842142&qvt=0&query=%EC%A5%AC%EB%9D%BC%EA%B8%B0%20%EC%9B%94%EB%93%9C%3A%20%EB%8F%84%EB%AF%B8%EB%8B%88%EC%96%B8
마녀(魔女) Part2. The Other One,"’자윤’이 사라진 뒤, 정체불명의 집단의 무차별 습격으로 마녀 프로젝트가 진행되고 있는 ‘아크’가 초토화된다. 그곳에서 홀로 살아남은 ‘소녀’는 생애 처음 세상 밖으로 발을 내딛고 우연히 만난 ‘경희’의 도움으로 농장에서 지내며 따뜻한 일상에 적응해간다. 한편, ‘소녀’가 망실되자 행방을 쫓는 책임자 ‘장’과 마녀 프로젝트의 창시자 ‘백총괄’의 지령을 받고 제거에 나선 본사 요원 ‘조현’, ‘경희’의 농장 소유권을 노리는 조직의 보스 ‘용두’와 상해에서 온 의문의 4인방까지 각기 다른 목적을 지닌 세력이 하나 둘 모여들기 시작하면서 ‘소녀’ 안에 숨겨진 본성이 깨어나는데… 모든 것의 시작, 더욱 거대하고 강력해진 마녀가 온다.",https://search.naver.com/search.naver?where=nexearch&sm=tab_etc&pkid=68&os=17388600&qvt=0&query=%EB%A7%88%EB%85%80%202
피는 물보다 진하다,"최대 청부폭력조직 '백정파'는 무자비함으로 악명 높은 해결사, 일명 '도깨비'를 앞세워 일대를 장악한다. 그러나, 베일에 싸인 ‘도깨비’ 두현은 친형제 같았던 영민의 죄를 뒤집어쓰고 10년의 수감생활을 하게 된다. 한편, 두현이 사라진 사이, ‘도깨비＇행세를 하며 조직을 차지한 영민은 두현의 출소 소식을 듣고 불안에 휩싸인다. 영민은 두현을 먼저 치기로 하고 새 삶을 시작하려던 두현은 결국, 진짜 ‘도깨비’의 부활을 선언하며 영민과 조직을 상대로 싸움을 시작하는데...",https://search.naver.com/search.naver?where=nexearch&sm=tab_etc&pkid=68&os=25929983&qvt=0&query=%EC%98%81%ED%99%94%20%ED%94%BC%EB%8A%94%20%EB%AC%BC%EB%B3%B4%EB%8B%A4%20%EC%A7%84%ED%95%98%EB%8B%A4
메모리,"기억을 잃어가는 킬러(리암 니슨)가 자신의 신념에 부딪히는 의뢰를 거절하고, 극악한 범죄 조직의 타깃이 되면서 새로운 사건을 쫓는 동시에 처절한 응징을 예고하는 범죄 액션",https://search.naver.com/search.naver?where=nexearch&sm=tab_etc&pkid=68&os=26141192&qvt=0&query=%EC%98%81%ED%99%94%20%EB%A9%94%EB%AA%A8%EB%A6%AC
배드 가이즈,"작전 설계부터 금고 해제, 해킹, 액션, 위장까지 완벽한 팀플레이를 펼치는 자타공인 최고의 나쁜 녀석들이 한순간의 실수로 체포된다. 하지만 그들도 착해질 수 있다는 ‘마멀레이드 박사’의 주장으로 나쁜 녀석들은 바른 생활 갓생 프로젝트에 투입되고, 이들은 다시 한번 자유의 몸을 위해 태어나 처음으로 바른 생활에 도전하게 되는데… 나쁜 녀석들의 사상 초유 바른 생활 갓생 프로젝트가 시작된다!",https://search.naver.com/search.naver?where=nexearch&sm=tab_etc&pkid=68&os=14397320&qvt=0&query=%EC%98%81%ED%99%94%20%EB%B0%B0%EB%93%9C%20%EA%B0%80%EC%9D%B4%EC%A6%88
탑건: 매버릭,최고의 파일럿이자 전설적인 인물 매버릭(톰 크루즈)은 자신이 졸업한 훈련학교 교관으로 발탁된다. 그의 명성을 모르던 팀원들은 매버릭의 지시를 무시하지만 실전을 방불케 하는 상공 훈련에서 눈으로 봐도 믿기 힘든 전설적인 조종 실력에 모두가 압도된다. 매버릭의 지휘아래 견고한 팀워크를 쌓아가던 팀원들에게 국경을 뛰어넘는 위험한 임무가 주어지자 매버릭은 자신이 가르친 동료들과 함께 마지막이 될 지 모를 하늘 위 비행에 나서는데…,https://search.naver.com/search.naver?where=nexearch&sm=tab_etc&pkid=68&os=1815476&qvt=0&query=%ED%83%91%EA%B1%B4%3A%20%EB%A7%A4%EB%B2%84%EB%A6%AD
유체이탈자,"“누가 진짜 나인지 모르겠어요” 교통사고 현장에서 눈을 뜬 한 남자. 거울에 비친 낯선 얼굴과 이름, 자신이 누구인지 기억이 나지 않는다. “또 바뀌었어. 낮에도 바뀌더니 밤에도 또” 잠시 후, 또 다른 사람의 몸에서 깨어난 남자. 그는 12시간마다 몸이 바뀐다는 사실을 깨닫게 되고, 자신을 둘러싼 사람들 사이의 연결고리를 찾기 시작한다. 그가 12시간마다 몸이 바뀌었던 사람들, 가는 곳마다 나타나는 의문의 여자까지, 그리고, 이들이 쫓고 있는 국가정보요원 ‘강이안’. “이제 알게 됐어. 내가 뭘 해야 되는지” 모두가 혈안이 되어 쫓고 있는 ‘강이안’이 바로 자신임을 직감한 남자, 자신을 찾기 위한 사투를 시작하는데… 진짜 나를 찾기 위한 본능적 액션이 시작된다! 2021 Trieste Science+Fiction Festival 2021 Mayhem Film Festival 2021 London East Asia Film Festival CLOSING GALA",https://search.naver.com/search.naver?where=nexearch&sm=tab_etc&pkid=68&os=9295053&qvt=0&query=%EC%98%81%ED%99%94%20%EC%9C%A0%EC%B2%B4%EC%9D%B4%ED%83%88%EC%9E%90
어벤져스: 엔드게임,인피니티 워 이후 절반만 살아남은 지구 마지막 희망이 된 어벤져스 먼저 떠난 그들을 위해 모든 것을 걸었다! 위대한 어벤져스 운명을 바꿀 최후의 전쟁이 펼쳐진다!,https://search.naver.com/search.naver?where=nexearch&sm=tab_etc&pkid=68&os=2464226&qvt=0&query=%EC%96%B4%EB%B2%A4%EC%A0%B8%EC%8A%A4%3A%20%EC%97%94%EB%93%9C%EA%B2%8C%EC%9E%84
몬스터 싱어: 매직 인 파리,1910년 대홍수로 에펠탑마저 물에 잠긴 파리는 안개 낀 도시 곳곳에서 목격된 미스터리한 괴물로 떠들썩하다. 소문의 주인공은 바로 거대 벼룩 ‘프랑코’ 아름다운 목소리와 마음씨를 가졌지만 무서운 외모 때문에 쫓기던 그는 우연히 인기 가수 ‘루실’을 만나 가면을 쓴 가수로 데뷔한다. 그들의 환상적인 공연은 대성공을 거두지만 ‘프랑코’를 수상히 여긴 경찰이 포위망을 좁혀오고 친구들은 ‘프랑코’를 지키기 위해 비밀 작전을 세우는데!,https://search.naver.com/search.naver?where=nexearch&sm=tab_etc&pkid=68&os=1821256&qvt=0&query=%EB%AA%AC%EC%8A%A4%ED%84%B0%20%EC%8B%B1%EC%96%B4%3A%20%EB%A7%A4%EC%A7%81%20%EC%9D%B8%20%ED%8C%8C%EB%A6%AC
극장판 포켓몬스터DP: 기라티나와 하늘의 꽃다발 쉐이미,"끝나지 않은 전설의 포켓몬들의 배틀로 위험에 빠진 반전 세계와 현실 세계를 구하기 위해 감사포켓몬 ‘쉐이미’와 ‘지우’, ‘피카츄’가 나서면서 시작되는 모험 이야기",https://search.naver.com/search.naver?where=nexearch&sm=tab_etc&pkid=68&os=1788202&qvt=0&query=%EA%B7%B9%EC%9E%A5%ED%8C%90%20%ED%8F%AC%EC%BC%93%EB%AA%AC%EC%8A%A4%ED%84%B0DP%3A%20%EA%B8%B0%EB%9D%BC%ED%8B%B0%EB%82%98%EC%99%80%20%ED%95%98%EB%8A%98%EC%9D%98%20%EA%BD%83%EB%8B%A4%EB%B0%9C%20%EC%89%90%EC%9D%B4%EB%AF%B8
극장판 주술회전 0,"어릴 적 소꿉친구인 오리모토 리카를 교통사고로 눈앞에서 잃은 옷코츠 유타. “약속해, 리카와 유타는 어른이 되면 결혼하기로” 옷코츠는 원령으로 변한 리카의 저주에 괴로워한 나머지, 자신도 죽기를 바라지만 최강의 주술사인 고죠 사토루에 의해 주술고전에 들어가게 된다. 그리고 동급생인 젠인 마키, 이누마키 토게, 판다를 만나면서 굳은 결심을 한다. “살아도 된다는 자신감이 필요해” “나는 주술고전에서 리카의 저주를 풀겠습니다” 한편, 옷코츠와 친구들 앞에 과거에 일반인을 대량으로 학살해서 고전에서 추방된 최악의 주저사인 게토 스구루가 나타난다. “12월 24일, 우리는 백귀야행을 결행한다” 주술사만의 낙원을 만들려는 게토는 비술사를 섬멸하겠다면서, 신주쿠와 교토에 천의 저주를 내리는데…과연 옷코츠는 게토를 막을 수 있을까? 그리고 리카의 저주를 풀 수 있을까?",https://search.naver.com/search.naver?where=nexearch&sm=tab_etc&pkid=68&os=25590749&qvt=0&query=%EA%B7%B9%EC%9E%A5%ED%8C%90%20%EC%A3%BC%EC%88%A0%ED%9A%8C%EC%A0%84%200
특수요원 빼꼼,정보국이 개발한 슈퍼칩으로 엄청난 능력을 얻게 된 특수요원 지망생 ‘빼꼼’은 정식 요원이 되기 위해 열심히 훈련에 임하지만 아무런 임무가 주어지지 않는다. 실망에 빠진 '빼꼼'은 몰래 정보국을 빠져나와 직접 임무를 찾아 나서고 그러던 중 정체를 알 수 없는 악당의 습격으로 슈퍼칩을 빼앗기고 마는데... 과연 '빼꼼'은 의문의 악당에게 빼앗긴 슈퍼칩을 되찾아 진정한 특수요원으로 거듭날 수 있을 것인가!,https://search.naver.com/search.naver?where=nexearch&sm=tab_etc&pkid=68&os=26190904&qvt=0&query=%ED%8A%B9%EC%88%98%EC%9A%94%EC%9B%90%20%EB%B9%BC%EA%BC%BC
