title,singer,lyric,url,image
사랑에 연습이 있었다면 (Prod. 2soo),임재현,"사랑에 연습이 있었다면
우리는 달라졌을까
내가 널 만난 시간 혹은 그 장소
상황이 달랐었다면
우린 맺어졌을까
하필 넌
왜 내가 그렇게 철없던 시절에
나타나서 그렇게 예뻤니
너처럼 좋은 여자가
왜 날 만나서 그런
과분한 사랑 내게 줬는지
우리 다시 그때로 돌아가자는게
그게 미친말인가
정신나간 소린가
나는 더 잘 할 수 있고
다신 울리지 않을
자신있는데 그게 왜 말이 안돼
시간이 너무 흘러 알게되었는데
너를 울리지 않고 아껴주는법
세월은 왜 철없는 날
기다려주지 않고
흘러갔는지 야속해
지금 너 만나는 그에게도
내게 그랬던 것처럼
예쁘게 웃어주니
너처럼 좋은 여자의
사랑 받는 그 남자 너무 부러워
넌 행복하니
니옆에 지금 그 남자가 있는게
우리 다시 맺어질수가 없는 이윤가
나는 더 잘 할 수 있고
다신 울리지 않을
자신있는데 그게 왜 말이 안돼
시간이 너무 흘러 알게 되었는데
너를 울리지 않고 아껴주는 법
세월은 왜 널 잊는 법을
알려주지 않고 흘러갔는지",https://www.melon.com/song/detail.htm?songId=31324607,https://cdnimg.melon.co.kr/cm/album/images/102/07/131/10207131_500.jpg/melon/resize/48/quality/80/optimize
그때가 좋았어,케이시 (Kassy),"이젠 내가 편하니
작은 설렘조차 욕심이겠지
항상 곁에 있어서
계속 함께 있을 줄 알았나 봐
음 반복되는 시간에 지쳐가
더 이상 함께 웃을 일도 없어
봄처럼 따뜻했던
그때가 좋았어
너 하나로 충분했던
그때가 좋았어
헤어지고 나서야
깨닫게 됐어
참 좋았구나
참 예뻤구나 우리
지난날에 그때가 참 좋았어
그때 그때
그때 그때 음
이미 너도 다 알잖아
돌이킬 수 없이 멀리 왔다는 거
억지로 더 노력해도
안되는 건 어쩔 수가 없더라
음 우리 언제 이렇게 됐을까
더는 너를 만날 자신이 없어
봄처럼 따뜻했던
그때가 좋았어
행복해서 눈물 나던
그때가 좋았어
헤어지고 나서야
깨닫게 됐어
참 좋았구나
참 예뻤구나 우리
지난날에 그때가 참 좋았어
가진 것도 없고 초라했어도
서로만으로 충분했으니까 우린
너라서 좋았어
행복했어
사랑이 전부였던
그때가 좋았어
그때 알았더라면
더 사랑할 걸
더 안아줄 걸
후회가 돼
사랑했던 우리가 참 그리워
그때 그때
그때 그때 음",https://www.melon.com/song/detail.htm?songId=31524320,https://cdnimg.melon.co.kr/cm/album/images/102/37/420/10237420_500.jpg/melon/resize/48/quality/80/optimize
작은 것들을 위한 시 (Boy With Luv) (Feat. Halsey),방탄소년단,"모든 게 궁금해
How’s your day
Oh tell me
뭐가 널 행복하게 하는지
Oh text me
Your every picture
내 머리맡에 두고 싶어
oh bae
Come be my teacher
네 모든 걸 다 가르쳐줘
Your 1 your 2
Listen my my baby 나는
저 하늘을 높이 날고 있어
그때 니가 내게 줬던 두 날개로
이제 여긴 너무 높아
난 내 눈에 널 맞추고 싶어
Yeah you makin’ me a boy with luv
Oh my my my oh my my my
I've waited all my life
네 전부를 함께하고 싶어
Oh my my my oh my my my
Looking for something right
이제 조금은 나 알겠어
I want something stronger
Than a moment
than a moment love
I have waited longer
For a boy with
For a boy with luv
널 알게 된 이후 ya
내 삶은 온통 너 ya
사소한 게 사소하지 않게
만들어버린 너라는 별
하나부터 열까지 모든 게 특별하지
너의 관심사 걸음걸이 말투와
사소한 작은 습관들까지
다 말하지 너무 작던
내가 영웅이 된 거라고
Oh nah
난 말하지 운명 따윈
처음부터 내 게 아니었다고
Oh nah
세계의 평화
No way
거대한 질서
No way
그저 널 지킬 거야 난
Boy with luv
Listen my my baby 나는
저 하늘을 높이 날고 있어
그때 니가 내게 줬던 두 날개로
이제 여긴 너무 높아
난 내 눈에 널 맞추고 싶어
Yeah you makin’ me a boy with luv
Oh my my my oh my my my
You got me high so fast
네 전부를 함께하고 싶어
Oh my my my oh my my my
You got me fly so fast
이제 조금은 나 알겠어
Love is nothing stronger
Than a boy with luv
Love is nothing stronger
Than a boy with luv
툭 까놓고 말할게
나도 모르게 힘이 들어가기도 했어
높아버린 sky
커져버린 hall
때론 도망치게 해달라며 기도했어
But 너의 상처는 나의 상처
깨달았을 때 나 다짐했던 걸
니가 준 이카루스의 날개로
태양이 아닌 너에게로
Let me fly
Oh my my my oh my my my
I've waited all my life
네 전부를 함께하고 싶어
Oh my my my oh my my my
Looking for something right
이제 조금은 나 알겠어
I want something stronger
Than a moment
than a moment love
Love is nothing stronger
Than a boy with luv",https://www.melon.com/song/detail.htm?songId=31737197,https://cdnimg.melon.co.kr/cm/album/images/102/73/641/10273641_500.jpg/melon/resize/48/quality/80/optimize
넘쳐흘러,엠씨더맥스 (M.C the MAX),"나는 그대를 뒤로한 채로
우리 사랑을 놓아요
차오르는 추억을 헝클어뜨려
모두 일어나지 않았던 일처럼
고갤 저어 모르는 꿈이라
말하고 있네요
남았는지 모를 마음이
나를 향해 힘껏 달려도
어느 끝 멈춰질 그 거리에 그대
다 찢겨져버린 사이 더 기워봐도
다시 그때로 우리
되돌려 놓을 수 없는 그 얘기
날카롭게 패인 이 상처가 깊어
나을 수 없으니 떠나가요
떨궈진 눈물은 가슴에 담아지고
이제 더는 채울 자리 없이
넘쳐흐르네요
그대인지 모를 얼굴이
나를 향해 웃음 지어도
손 내밀 수도 없는 거리에 그대
또 주저앉을 수밖에
무너진 이 사랑과
그대의 모든 흔적을
그리워하는 일만이
더 할 게 없어서
무력해져 가는 내가 싫어
그대를 보내기 싫지만
다 찢겨져버린 사이 더 기워봐도
다시 그때로 우릴 되돌려
놓을 수 없는 그 얘기
날카롭게 패인 이 상처가 깊어
나을 수 없으니 떠나가요",https://www.melon.com/song/detail.htm?songId=31532643,https://cdnimg.melon.co.kr/cm/album/images/102/38/710/10238710_500.jpg/melon/resize/48/quality/80/optimize
"모든 날, 모든 순간 (Every day, Every Moment)",폴킴,"네가 없이 웃을 수 있을까
생각만 해도 눈물이나
힘든 시간 날 지켜준 사람
이제는 내가 그댈 지킬 테니
너의 품은 항상 따뜻했어
고단했던 나의 하루에
유일한 휴식처
나는 너 하나로 충분해
긴 말 안 해도 눈빛으로 다 아니깐
한 송이의 꽃이 피고 지는
모든 날 모든 순간 함께해
햇살처럼 빛나고 있었지
나를 보는 네 눈빛은
꿈이라고 해도 좋을 만큼
그 모든 순간은 눈부셨다
불안했던 나의 고된 삶에
한줄기 빛처럼 다가와
날 웃게 해준 너
나는 너 하나로 충분해
긴 말 안 해도 눈빛으로 다 아니깐
한 송이의 꽃이 피고 지는
모든 날 모든 순간 함께해
알 수 없는 미래지만
네 품속에 있는 지금 순간 순간이
영원 했으면 해
갈게 바람이 좋은 날에
햇살 눈부신 어떤 날에 너에게로
처음 내게 왔던 그날처럼
모든 날 모든 순간 함께해",https://www.melon.com/song/detail.htm?songId=30962526,https://cdnimg.melon.co.kr/cm/album/images/101/49/492/10149492_500.jpg/melon/resize/48/quality/80/optimize
너를 만나,폴킴,"너를 만난 그 이후로
사소한 변화들에 행복해져
눈이 부시게 빛 나는 아침
너를 떠올리며 눈 뜨는 하루
식탁 위에 마주 앉아
너의 하루는 어땠는지 묻거나
나의 하루도 썩 괜찮았어
웃으며 대답해 주고 싶어
별것 아닌 일에 맘이 통할 때면
익숙해진 서로가 놀라웠어
널 사랑해
평온한 지금처럼만
영원하고 싶다고
너를 바라보다 생각했어
너를 만나 참 행복했어
나 이토록 사랑할 수 있었던 건
아직 어리고 모자란 내 맘
따뜻한 이해로 다 안아줘서
무심한 말투에 서로 아플 때면
차가워진 사이가
견딜 수 없어 미안해
불안한 지금이라도
영원하고 싶다고
너를 바라보다 생각했어
너를 만나 참 행복했어
나 이토록 사랑할 수 있었던 건
아직 어리고 모자란 내 맘
따뜻한 이해로 다 안아줘서
뜨거웠던 여름 지나
그리워질 빗소리에
하나 둘 수줍어 또 얼굴 붉히면
생각이 많아진
너의 눈에 입 맞출 테니
우리 함께 걸어가기로 해
나를 만나 너도 행복하니
못 해준 게 더 많아서 미안해
이기적이고 불안한 내가
너에게만은 잘하고 싶었어
오랫동안 나 기다려온
완벽한 사랑을 찾은 것 같아
날 잡아줘서 힘이 돼줘서
소중한 배려로 날 안아줘서
너를 만나",https://www.melon.com/song/detail.htm?songId=31388145,https://cdnimg.melon.co.kr/cm/album/images/102/17/134/10217134_500.jpg/melon/resize/48/quality/80/optimize
사계 (Four Seasons),태연 (TAEYEON),"사계절이 와 그리고 또 떠나
내 겨울을 주고 또 여름도 주었던
온 세상이던 널 보낼래
정말 너를 사랑했을까
언제야 봄이던가
맞아 그땐 한참 서로가
셰익스피어의 연극 같은
마지막이 될 사랑 마주한 듯
둘밖에 안 보였나 봐
다른 걸 좀 보고파
I gave you the world
너만이 전부라
내 겨울을 주고 또 여름도 주었지
뜨겁고 차갑던 그 계절에
정말 너를 사랑했을까
내가 너를 사랑했을까
서로를 그리워했고
서로를 지겨워하지
그 긴 낮과 밤들이
낡아 녹슬기 전에
우리 다시 반짝이자
또 계절이 바뀌잖아
I gave you the world
너만이 전부라
내 겨울을 주고 또 여름도 주었지
뜨겁고 차갑던 그 계절에
정말 너를 사랑했을까
내가 너를 사랑했을까
가도 돼 뒤돌아볼 때쯤엔 난 없어
우리 꽤 괜찮았어
그거면 된 거야 떠날 때
사계절이 와 그리고 또 떠나
내 겨울을 주고 또 여름도 주었던
온 세상이던 널 보낼래
정말 너를 사랑했을까
내가 너를 사랑했을까
내가 너를 사랑했을까",https://www.melon.com/song/detail.htm?songId=31688205,https://cdnimg.melon.co.kr/cm/album/images/102/65/079/10265079_500.jpg/melon/resize/48/quality/80/optimize
주저하는 연인들을 위해,잔나비,"나는 읽기 쉬운 마음이야
당신도 스윽 훑고 가셔요
달랠 길 없는 외로운 마음 있지
머물다 가셔요 음
내게 긴 여운을 남겨줘요
사랑을 사랑을 해줘요
할 수 있다면 그럴 수만 있다면
새하얀 빛으로 그댈 비춰 줄게요
그러다 밤이 찾아오면
우리 둘만의 비밀을 새겨요
추억할 그 밤 위에 갈피를 꽂고선
남몰래 펼쳐보아요
나의 자라나는 마음을
못 본 채 꺾어 버릴 순 없네
미련 남길바엔 그리워 아픈 게 나아
서둘러 안겨본 그 품은 따스할 테니
그러다 밤이 찾아오면
우리 둘만의 비밀을 새겨요
추억할 그 밤 위에 갈피를 꽂고선
남몰래 펼쳐보아요
언젠가 또 그날이 온대도
우린 서둘러 뒤돌지 말아요
마주보던 그대로 뒷걸음치면서
서로의 안녕을 보아요
피고 지는 마음을 알아요
다시 돌아온 계절도
난 한 동안 새 활짝 피었다 질래
또 한번 영원히
그럼에도 내 사랑은
또 같은 꿈을 꾸고
그럼에도 꾸던 꿈을
난 또 미루진 않을거야",https://www.melon.com/song/detail.htm?songId=31666417,https://cdnimg.melon.co.kr/cm/album/images/102/60/858/10260858_500.jpg/melon/resize/48/quality/80/optimize
니 소식,송하예,"그때의 우리 사랑
뜨겁고 치열했는데
끝나보니 남는건 미움뿐
몇번의 계절을 더
보내야 괜찮아 질까
미련이 듬뿍 남은 하루를 보내
친구들과 통화에
우연히 들은 니 소식
다른 사랑을 시작해
잘 지낸다고
한땐 소중했었고
많이 사랑했었던
우리둘은 이젠 남이 됐고
모르는 사람이야
넌 완벽히 잊었나봐
이렇게 넌 잘사는데
괜한 걱정을 했나봐
나만 힘든가봐
너도 내 소식을
전해 들었으면 좋겠어
아직은 좀 힘들어 한다는
미안한 마음갖고
가끔씩 날 생각해줘
그래야 내 맘이 좀
편할거 같아
니옆에 다른 사람
있다는게 참 낯설어
뭔지 모를 서운함은
이기적인 거니
한땐 소중했었고
많이 사랑했었던
우리둘은 이젠 남이 됐고
모르는 사람이야
넌 완벽히 잊었나봐
이렇게 넌 잘사는데
나만 끝을 미뤘나봐
나만 그랬나봐
솔직한 맘을 말하면
좋은 사랑 안했으면 해
가슴아프게 지내길 바랬어
너는 행복하겠지
많이 설레이겠지
나 없이도 웃는 니 모습에
이제야 실감이나
넌 완벽히 떠났나봐
확실히 날 떠났나봐
난 니가 너무 미워져
행복하지 말아줘
잘지내지 말아줘
좋은 사람 만나 다행이란
말은 거짓말이야
네 소식 들은 그날밤
펑펑 울다가 밤을 샜어
늦어버린걸 알지만
어쩔수 없나봐",https://www.melon.com/song/detail.htm?songId=31788850,https://cdnimg.melon.co.kr/cm/album/images/102/83/614/10283614_500.jpg/melon/resize/48/quality/80/optimize
오늘도 빛나는 너에게 (To You My Light) (Feat.이라온),마크툽 (MAKTUB),"별빛이 내린 밤
그 풍경 속 너와 나
날 새롭게 하는
따뜻하게 만드는
니 눈빛 니 미소
영원히 담아둘게
너로 가득한 맘
널 닮아가는 나
날 위한 선물
꿈보다 더 아름다운
서로의 품에서
끝 없는 밤을 걷자
나의 모든 날들을 다 주고싶어
내 이 맘을 모두 전하고 싶어
잠들지 못한
푸른 바람들
이렇게 밝게 이 밤을 비춰
너와 작은 일상을 함께 하는게
내 가장 큰 기쁨인걸 넌 알까
내 세상 속에
넌 빛이 되어
지금 모습 그대로 내 곁에만
행복이 짙은 날
어둠이 없는 밤
같은 맘 속에
같은 꿈이 피어난 건
우리의 정해진
운명이 맞닿은거야
나의 모든 날들을 다 주고싶어
내 이 맘을 모두 전하고 싶어
잠들지 못한
푸른 바람들
이렇게 밝게 이 밤을 비춰
너와 작은 일상을 함께 하는게
내 가장 큰 기쁨인걸 넌 알까
내 세상 속에
넌 빛이 되어
지금 모습 그대로 내 곁에만
내게 온 너란 빛이 눈 부셔도
네 앞에서 한 순간도 눈 감지 않아
다가올 시간도
계절의 바람도
널 데려가지 못하게
내가 더 좋은 사람이 되고 싶어
더 아름답게 널 안을 수 있게
잠들지 못한
잠들 수 없는
바람들이 널 부르고 있어
언제까지나 너와 함께 할거야
내 마지막 숨결도 너일거야
내 세상 속에
넌 빛이 되어
지금 모습 그대로 내 곁에만
이렇게 밝게 이 밤을 비춰",https://www.melon.com/song/detail.htm?songId=31853557,https://cdnimg.melon.co.kr/cm/album/images/102/94/603/10294603_500.jpg/melon/resize/48/quality/80/optimize
벌써 12시,청하,"Yeah I like it
네가 말을 놓는 것도
Like it 너의 작은 말투도
나쁘지 않은걸
Boy you know know know know
Like the way 말없이 손을 잡고
Like the way 조금은 놀래도
싫지가 않은걸
You know boy boy boy boy
물감처럼 파랗던
하늘은 벌써 까맣고
감정은 더 깊어져 yeah
I gotta tell you this
우리 둘만 느껴지는 이상한 느낌
나도 너무 좋아
but it’s too late
아쉬워 벌써 12시
어떡해 벌써 12시네
보내주기 싫은걸
알고 있어 how you feel it
음악에 맞춰 사랑을 속삭이고 싶어
솔직히 우리 둘 맘이 같은 걸
Gotta go gotta go 12시
같은 생각인 걸 알고 있는데
더 이상은 솔직할 수 없는 걸
Gotta go gotta go 12시
어쩜 우린 닮은 것도 많아
취향 취미 먹을 때도 말야
You’re reading my heart
좀 더 일찍 알았다면
어땠을까 생각하게 돼 yeah
별들은 더 빛나고
시간은 점점 지나고
감성은 더 짙어져 yeah
I gotta tell you this
너에게만 느껴지는 포근한 느낌
나도 너무 좋아
but it’s too late
아쉬워 벌써 12시
어떡해 벌써 12시네
보내주기 싫은 걸
알고 있어 how you feel it
음악에 맞춰 사랑을 속삭이고 싶어
솔직히 우리 둘 맘이 같은 걸
Gotta go gotta go 12시
같은 생각인 걸 알고 있는데
더 이상은 솔직할 수 없는 걸
Gotta go gotta go 12시
구석에 맘 한구석에
조그만 끈
붙잡고 있는 걸
Baby don’t wanna be alone
늦으면 더 늦어지면
어쩌면 다 놓아버릴지 몰라
I’m really trying to make you see
아쉬워 벌써 12시
어떡해 벌써 12시네
보내주기 싫은걸
알고 있어
how you feel it
Gotta go gotta go 12시",https://www.melon.com/song/detail.htm?songId=31532438,https://cdnimg.melon.co.kr/cm/album/images/102/38/683/10238683_500.jpg/melon/resize/48/quality/80/optimize
술이 문제야,"장혜진, 윤민수(바이브)","그리워서 한 잔
생각나서 한 잔
내 눈물 섞어 한 잔
또 한 잔 마시다
우리 옛 추억에 취해
독한 네 사랑에 취해
너의 전화 번홀 누르게 돼
아마 받지 않겠지만
미안해
술이 문제야 문제
자꾸 너를 떠올리게 해
술이 문제야 문제
자꾸 네가 생각나게 해
정말 미친 듯이 보고 싶어 한 잔
정말 미친 듯이 그리워서 한 잔
한 잔 두 잔 기울이면
너의 기억 모두 끊어질까 봐
술 한잔했어요
잊어보려 한 잔
지워보려 한 잔
내 눈물 섞어 한 잔
또 한 잔 마시다
흐릿한 얼굴에 취해
희미한 기억에 취해
다시 전화 번홀 누르게 돼
절대 받지 않겠지만
미안해
술이 문제야 문제
자꾸 너를 떠올리게 해
술이 문제야 문제
자꾸 네가 생각나게 해
정말 미친 듯이 보고 싶어 한 잔
정말 미친 듯이 그리워서 한 잔
한 잔 두 잔 기울이면
너의 기억 모두 끊어질까 봐
나 맨정신에 살 수 없어서
술 한잔했어요
나 제정신에 살 수 없어서
술 한잔했어요
딱 한 잔만 딱 한 잔만
딱 한 잔만 더 마시면
너 돌아올까 봐
미안해
다 내가 문제야 문제
바보같이 널 또 기다려
아니야 내가 문제야 문제
아직까지 너만 사랑해
정말 보고 싶은 너를 위해 한 잔
정말 사랑했던 우릴 위해 한 잔
한 잔 두 잔 기울이면
너의 기억 모두 끊어질까 봐
술 한잔했어요",https://www.melon.com/song/detail.htm?songId=31870517,https://cdnimg.melon.co.kr/cm/album/images/102/97/571/10297571_500.jpg/melon/resize/48/quality/80/optimize
옥탑방 (Rooftop),엔플라잉 (N.Flying),"너는 별을 보자며 내 몸을 당겨서
단 한 번에 달빛을 내 눈에 담았어
Every time I look up in the sky
근데 단 한 개도 없는 Star
혼자 두지 않을게
저 달이 외롭지 않게 해 줘
너는 별을 보자며 내 손을 끌어서
저녁노을이 진 옥상에 걸터앉아
Every time I look up in the sky
근데 단 한 개도 없는 Star
괜찮아 네가 내 우주고 밝게 빛나 줘
이런 가사 한 마디가
널 위로한다면 나 펜을 잡을게
자극적인 것보다
진심만으로 말할 수 있어
All day
고양이보다 넌 강아지같이
날 기다렸지
하루 종일 뭐가 그리 슬펐지
이 별에서 네가 가장 특별해
너는 그런 거 전혀 몰랐지
You want some more
왜 자꾸만 널 가두려 하는 건지
You want some more
Sky is nothing to believe
너는 별을 보자며 내 손을 끌어서
저녁노을이 진 옥상에 걸터앉아
Every time I look up in the sky
근데 단 한 개도 없는 Star
괜찮아 네가 내 우주고 밝게 빛나 줘
있잖아 난 네가 아주 가끔씩
무겁게 할 때마다 움칫
널 위로할 손이 난 없네
지금 난 갈 길을 잃은 별
날 당기는 힘은 너
넌 별을 잃은 하늘처럼 떠돌고 다녀
우리가 지난 길이 별자리처럼
나와 너 그 길을 따라서
날 기억해줘
You want some more
왜 자꾸만 널 가두려 하는 건지
You want some more
Sky is nothing to believe
너는 별을 보자며 내 손을 끌어서
저녁노을이 진 옥상에 걸터앉아
Every time I look up in the sky
근데 단 한 개도 없는 Star
괜찮아 네가 내 우주고 밝게 빛나 줘
Girl I don’t know why I’m leaving
Girl I don’t know why
처음부터 다시 알려 줘
Girl I don’t know why I’m leaving
Girl I don’t know why
너는 별을 보자며 내 손을 끌어서
저녁노을이 진 옥상에 걸터앉아
Every time I look up in the sky
근데 단 한 개도 없는 Star
괜찮아 네가 내 우주고 밝게 빛나 줘
꼭 닮은 너를 찾아 나섰지
너를 당겨 보려 해도
Every time I look up in the sky
근데 단 한 개도 없는 Star
괜찮아 네가 내 우주고 밝게 빛나 줘",https://www.melon.com/song/detail.htm?songId=31532656,https://cdnimg.melon.co.kr/cm/album/images/102/38/711/10238711_500.jpg/melon/resize/48/quality/80/optimize
달라달라,ITZY (있지),"DDA DDA LA DDA LA DDA LA
People look at me
and they tell me
외모만 보고 내가 날라리 같대요
So what 신경 안 써 I'm sorry
I don't care don't care
really don't care because
사랑 따위에 목매지 않아
세상엔 재밌는 게 더 많아
언니들이 말해 철들려면 멀었대
I'm sorry sorry
철들 생각 없어요
예쁘기만 하고 매력은 없는
애들과 난 달라 달라 달라
DDA DDA LA DDA LA
네 기준에 날 맞추려 하지 마
난 지금 내가 좋아 나는 나야
DDA DDA LA DDA LA DDA LA
I love myself
난 뭔가 달라 달라 YEAH
I love myself
난 뭔가 달라 달라 YEAH
난 너랑 달라 달라 YEAH
Bad bad I'm sorry I'm bad
I'm just the way I am
남 신경 쓰고 살긴 아까워
하고 싶은 일 하기도 바빠
My life 내 맘대로
살 거야 말리지 마
난 특별하니까 YEAH
남들의 시선 중요치 않아
내 style이 좋아 그게 나니까
언니들이 말해 내가 너무 당돌하대
I'm sorry sorry
바꿀 생각 없어요 Nope
예쁘기만 하고 매력은 없는
애들과 난 달라 달라 달라
DDA DDA LA DDA LA
네 기준에 날 맞추려 하지 마
난 지금 내가 좋아 나는 나야
DDA DDA LA DDA LA DDA LA
Don’t care what people say
나는 내가 알아
I’m talkin' to myself
기죽지 마 절대로
고개를 들고 네 꿈을 쫓아
Just keep on dreamin'
Keep your chin up
We got your back
Keep your head up
Just keep on dreamin'
Keep your chin up
We got your back
Keep your head up
Just keep on dreamin'
예쁘기만 하고 매력은 없는
애들과 난 달라 달라 달라
DDA DDA LA DDA LA
네 기준에 날 맞추려 하지 마
난 지금 내가 좋아 나는 나야
DDA DDA LA DDA LA DDA LA
I love myself
난 뭔가 달라 달라 YEAH
I love myself
난 뭔가 달라 달라 YEAH
난 너랑 달라 달라 YEAH",https://www.melon.com/song/detail.htm?songId=31606729,https://cdnimg.melon.co.kr/cm/album/images/102/50/473/10250473_500.jpg/melon/resize/48/quality/80/optimize
노래방에서,장범준,"나는 사랑이
어떻게 이뤄지는 지 연구 했지
여러가지 상황의 수를 계산 해 봤지
그땐 내가 좀 못 생겨서 흑흑
니가 좋아하는 노랠
알아내는 것은 필수
가성이 많이 들어가서
마이크 조절이
굉장히 조심스러웠었지
그렇게 노래방으로 가서
그녀가 좋아하는 노랠해
무심한 척 준비안한 척
노랠 불렀네 어어
그렇게 내가 노랠 부른뒤
그녀의 반응을 상상하고
좀더 잘 불러볼걸 노랠 흥얼 거렸네
사랑때문에
노랠 연습하는 건 자연의 이치
날으는 새들도
모두 사랑노래 부르는 게
뭔가 가능성만 열어 준다면
근데 그년 남자친구가 있었지
그것은 내 실수
그 후로 혼자 노래방에서
복잡한 맘을 달랬네
몇 달을 혼자 노래방에 갔는지
그렇게 노래방이 취미가 되고
그녀가 좋아하는 노랠해
괜찮은 척 안슬픈 척
노랠 불렀네 어어
그렇게 내가 노랠 부른뒤
우연히 집에 가려 하는데
갑자기 그녀가 노래방에 가자 하네
그렇게 나는
그녀를 따라 걸어보지만
괜찮은 척 사실 난 너무 많이 떨려요
그녀 아무렇지 않아도
나는 아무렇지 않지 않아요
근데 그녀는 나를 바라보고는
자기도 지금 아무 렇지 않지 않대요
무슨 말이 냐고 물어보네
그렇게 노래방을 나오고
그녀를 집에 데려다 준뒤
무슨일 인가 괜찮은 건가
멍해 버렸네 어어
핸드폰도 없는 늦은 새벽
집에서 계속 잠은 안오고
그녀가 좋아하던 노랠 흥얼 거렸네
그녀가 좋아하던 노랠 흥얼 거렸네",https://www.melon.com/song/detail.htm?songId=31684636,https://cdnimg.melon.co.kr/cm/album/images/102/64/375/10264375_500.jpg/melon/resize/48/quality/80/optimize
이 노래가 클럽에서 나온다면,우디 (Woody),"이 노래가 클럽에서 나온다면
네가 이 음악에 춤출 수 있을까요
이 노래가 클럽에서 나온다면
혹시 그녀가 내게 전화할까요
이 노래가 흘러 네게 닿는다면
그대는 웃을까요 눈물 흘릴까요
궁금하죠 과연
You still have fire
You still have fire
해가 지고 나서 눈이 떠진 날
침대가 너무 넓다고 느껴진 날
베개 하나가 할 일을 잃은 날
잠깐만 오늘 꿈에서 널 본 것 같아
난 한 번 더 보려고 눈을 감네
But I can do a nothing
적적한 마음에
떠날 거라면 이 맘도 가져가
어차피 넌 내 말 듣지 않을 거니까
이 노래가 클럽에서 나온다면
네가 이 음악에 춤출 수 있을까요
이 노래가 클럽에서 나온다면
혹시 그녀가 내게 전화할까요
이 노래가 흘러 네게 닿는다면
그대는 웃을까요 눈물 흘릴까요
궁금하죠 과연 과연
You still have fire fire
Fire up fire up fire up
You still have fire
You still have fire
Fire up fire up fire up
You still have fire
You still have fire
Fire up fire up fire up
You still have fire
You still have fire
궁금하죠 과연 과연
You still have fire fire
그래 네가 맞아 네가 했던 말 다
맞는 말이고 이미 떠나보낸 막차
내가 전화해도 너는 받질 않아
손을 뻗어봤자 전혀
널 지워 버리려고 해
술에 힘을 빌려 Oh oh
But 또 가지 널 만나러
꿈속으로 3 2 1
이 노래가 클럽에서 나온다면
네가 이 음악에 춤출 수 있을까요
이 노래가 클럽에서 나온다면
혹시 그녀가 내게 전화할까요
이 노래가 흘러 네게 닿는다면
그대는 웃을까요 눈물 흘릴까요
궁금하죠 과연 과연
You still have fire fire
걸어와 줘 넌 내게로
여전히 넌 예쁜 채로
내 곁에 있어 내 옆에 있어
아직도 멈춘 시간 그곳에 있어
내 노래가 들리면
지금 전화해줘 1 2 3
이 노래가 클럽에서 나온다면
네가 이 음악에 춤출 수 있을까요
이 노래가 클럽에서 나온다면
혹시 그녀가 내게 전화할까요
이 노래가 흘러 네게 닿는다면
그대는 웃을까요 눈물 흘릴까요
궁금하죠 과연 과연
You still have fire fire
Fire up fire up fire up
You still have fire
You still have fire
Fire up fire up fire up
You still have fire
You still have fire
Fire up fire up fire up
You still have fire
You still have fire
궁금하죠 과연 과연
You still have fire fire",https://www.melon.com/song/detail.htm?songId=31576009,https://cdnimg.melon.co.kr/cm/album/images/102/45/121/10245121_500.jpg/melon/resize/48/quality/80/optimize
포장마차,황인욱,"그대와 자주 가던 그 술집에
혼자 널 생각하며 소주 한잔해
그대가 좋아하던 김치찌개를
가만히 바라보다 눈물 한잔해
그 사람 왔었나요
아니 소식이라도
그녀에게 전해줘요
늘 지금처럼 기다린다고
포장마차 그때 그 자리에서
네가 있던 그곳에 서서
날 사랑한다 말했잖아
영원할 거라고 말했잖아
포장마차 그때 그 자리에서
돌아오라는 말을 다시
되뇌이고 되뇌어도
네가 돌아오지 않을 걸 알잖아
그 사람 왔었다면
혹시 혼자였나요
그녀에게 전해줘요
나 그때처럼 기다린다고
포장마차 그때 그 자리에서
네가 있던 그곳에 서서
날 사랑한다 말했잖아
영원할 거라고 말했잖아
포장마차 그때 그 자리에서
돌아오라는 말을 다시
되뇌이고 되뇌어도
네가 돌아오지 않을 걸 알잖아
다 잊으려고 노력해봐도
그게 잘 안되나봐
습관처럼 아니 예전처럼 우리
두 번 다시 돌아갈 수 없나요
내가 싫은 건가요
날 사랑한다 말했잖아
영원할 거라고 말했잖아
포장마차 그때 그 자리에서
네가 있던 그곳에 서서
날 사랑한다 말했잖아
영원할 거라고 말했잖아
그댈 다시 부르고 또 불러도
아무 말 없는 너를 다시
되뇌이고 되뇌어도
네가 돌아오지 않을 걸 알잖아",https://www.melon.com/song/detail.htm?songId=31873020,https://cdnimg.melon.co.kr/cm/album/images/102/98/014/10298014_500.jpg/melon/resize/48/quality/80/optimize
"나만, 봄",볼빨간사춘기,"안돼 그만둬 거기까지 해
더 다가가면 너 정신 못 차려
안돼 그만해 꽃은 넣어둬
그냥 좀 바람이 불게 놔줘
왜 그럴까 사람들은
그냥 봄기운이 좋아
눈치 없이 밖을 나가는 걸까
왜 이럴까 뭐가 설렌다고
봄바람이 좋아
내 맘도 모르고 더 불어와
flower sunshine
완벽한 하루를
사실 너와 걸을 수 있다면
얼마나 좋을까
좋아한다고 말하기가 무서워서
네 곁을 맴돌고 있는 난
벚꽃도 뭐고 다 필요 없어
나는 네 곁에 있고 싶어 딱 붙어서
봄이 지나갈 때까지
다른 사람 다 사라져라 나만 봄
왜 그럴까 사람들은
그냥 봄기운이 좋아
눈치 없이 밖을 나가는 걸까
왜 이럴까 뭐가 설렌다고
봄바람이 좋아
내 맘도 모르고 더 불어와
flower sunshine
완벽한 하루를
사실 너와 걸을 수 있다면
얼마나 좋을까
좋아한다고 말하기가 무서워서
네 곁을 맴돌고 있는 난
벚꽃도 뭐고 다 필요 없어
나는 네 곁에 있고 싶어 딱 붙어서
봄이 지나갈 때까지
다른 사람 다 사라져라
언제 봄이 왔는지
내 맘도 모르고
봄바람이 자꾸만 불어와
네 곁에 딱 붙어서
떨어지지 않고 싶어
내 맘을 이제 말하고 싶어
벚꽃도 뭐고 다 필요 없어
나는 네 곁에 있고 싶어 딱 붙어서
봄이 지나갈 때까지
다른 사람 다 사라져라 나만 봄",https://www.melon.com/song/detail.htm?songId=31709523,https://cdnimg.melon.co.kr/cm/album/images/102/68/898/10268898_500.jpg/melon/resize/48/quality/80/optimize
사계 (하루살이),엠씨더맥스 (M.C the MAX),"슬픈 예감 앞에 굳게 감아진 두 눈
지금 고개 들면 넌 떠나갈 텐데
못난 걸음은 멈춰버리고
숨소리마저 다 아는 듯
적막한 두려움 속에
결국 너를 놓치고 말겠지
널 그리면서 매일 울며 보내겠지
겨우 눈을 뜨고서 너를 보내면
나는 어쩌면 나는 어쩌면
하루도 못 살 것 같아
이제 난 하루살이
하루하루 내일도 잃어버린 채
너를 사랑했던 오늘만을 살고
내게 웃어 준 네 얼굴을 그리다
사라지겠지 어둠 속으로
너의 뒷모습만 내게 남아
날 원망하고 매일 취한 채 살겠지
그렇게도 기다린 봄은 오지만
나는 어쩌면 여기
너 없는 겨울에 갇힌 채 살아
겨우겨우 살아내도
사랑한 네가 없는데
여름 장마처럼 울다 보면 올까
낙엽 되어 내 마음 위로 내릴까
의미 없겠지 모든 계절의 난
너의 곁에 머물던 너를 사랑했던
너를 안았던 나의 마음을 기억해줘
하루하루 내일도 잃어버린 채
너를 사랑했던 오늘만을 살고
내게 웃어 준 네 얼굴을 그리다
사라지겠지 기억 속으로",https://www.melon.com/song/detail.htm?songId=31532642,https://cdnimg.melon.co.kr/cm/album/images/102/38/710/10238710_500.jpg/melon/resize/48/quality/80/optimize
안녕,폴킴,"안녕 이라는 말을해
짧은 시간을 뒤로 한채로
여전히 아프겠지만
하룻밤 자고 나면 사라지는 꿈처럼
너를 oh 잊게될까 두려워져
무심히 널 떠올리게 되면
불안해지는 맘 어떻게 해야하니
안녕 이제는 안녕
이 말 도저히 할 수가 없어
너로 가득찬 내 마음
겨우 내가 할 수 있는 일
너를 사랑하는 거
다시 널 만날 수 있길
아주 오래 전부터 정해진 연일지도
너밖에 모를 내가 되었던 그때가
두려워져 널 안고 있으면
자꾸 욕심이나 어쩔 수 없는걸
안녕 이제는 안녕
이 말 도저히 할 수가 없어
너로 가득찬 내 마음
겨우 내가 할 수 있는 일
너를 사랑하는 거
다시 널 만날 수 있길
굳게 닫힌 저 문이 열리면
그때는 널 다시 볼 수 있을까
잠시 스치듯 만나
운명처럼 날 꽃 피우게 해
매일 널 꿈꾸겠지만
가득 채울 그리움만큼
바라는 건 단 하나
계속 내 곁에 있어줘",https://www.melon.com/song/detail.htm?songId=31984204,https://cdnimg.melon.co.kr/cm2/album/images/103/17/137/10317137_500.jpg/melon/resize/48/quality/80/optimize
180도,벤,"사랑 다 비슷해 그래 다 비슷해
너는 다르길 바랐는데
넌 뭐가 미안해 왜 맨날 미안해
헤어지는 날조차 너는 이유를 몰라
이젠 180도 달라진
너의 표정 그 말투
너무 따뜻했던 눈빛 네 향기까지도
정말 너무나도 달라진
우리 사랑 또 추억
아직 그대로인데 난
이젠 180도 변해버린
지금 너와 나
남자는 다 비슷해 그래 다 비슷해
너는 아니길 바랐는데
말로만 사랑해 거짓말 그만해
헤어지는 날조차 왜 넌 이유를 몰라
이젠 180도 달라진
너의 표정 그 말투
너무 따뜻했던 눈빛 네 향기까지도
정말 너무나도 달라진
우리 사랑 또 추억
아직 그대로인데 난
이젠 180도 변해버린
지금 너와 나
사랑해 말하지 않아도
너의 눈에 쓰여 있었던
그때가 참 그리워
이젠 180도 변해버린
너와 나의 약속
익숙해진 변명 거짓말까지도
모두 진심이라 믿었던
바보 같던 내 사랑
전부 지쳐버렸어 난
이젠 180도 변해버린
지금 너와 나
이젠 너무나도 그리워진
그때 너와 나",https://www.melon.com/song/detail.htm?songId=31477685,https://cdnimg.melon.co.kr/cm/album/images/102/30/497/10230497_500.jpg/melon/resize/48/quality/80/optimize
너에게 못했던 내 마지막 말은,다비치,"아직 남았을까
못 잊을 이유가 남아 있을까
나만 왜 이렇게
바보같이 혼자 널 기다릴까 음
애꿎은 바람들은
말도 안 되는 네 말을
또 믿고 싶게 해
달라질 게 없는데 끝인 걸 아는데
생각이 나 그 모든 게
나 어쩌면 너에게 하고 싶은 말은
긴 밤을 지새도
아직 너를 많이 사랑한다고
이 아픈 시간이 어서 지나가기를
조금만 더 버텨볼게
네가 없는 하루가 버겁긴 하지만
보고 싶은 마음 꾹 참고
하루에 하나씩 잊어볼게 그래 볼게
매일 이런 다짐을 해 습관처럼
생각보다 길어진
그리움이 익숙해져 가는 날들에
제법 웃기도 하다 또 괜찮다가도
생각이 나 네 모든 게
나 어쩌면 너에게 하고 싶은 말은
긴 밤을 지새도
아직 너를 많이 사랑한다고
이 아픈 시간이 어서 지나가기를
조금만 더 버텨볼게
네가 없는 하루가 버겁긴 하지만
보고 싶은 마음 꾹 참고
하루에 하나씩 잊어볼게 그래 볼게
매일 이런 다짐을 해 습관처럼
괜찮은 척 비워낸 척해봐도
사실 많이 힘들어서
당장이라도 네게 가고 싶어
지금은 아니어도
끝내 내 손잡아 줘 oh
너에게 못했던 내 마지막 말은
언젠가 한 번쯤 나를
떠올리다 그리워지면
언제든 돌아와 난 여기 있을 거야
아무 일 없던 것처럼
너 없는 하루가 어렵긴 하지만
이 정도쯤은 꾹 참고
하루에 하나씩 기억할게 그래 볼게
사랑을 시작하던 그때처럼",https://www.melon.com/song/detail.htm?songId=31804010,https://cdnimg.melon.co.kr/cm/album/images/102/86/309/10286309_500.jpg/melon/resize/48/quality/80/optimize
신용재,하은 (포맨),"매일 같은 옷을 입는 이유
너와 함께 입던 옷이라서
혹시 어디선가 알아보고
날 찾아줄까 봐
네가 좋아했던 옷을 입고
네가 좋아했던 가수처럼
노래하면 네가 볼 것 같아서
신용재를 따라 하고
따라 해도 안 되는 것처럼
사랑을 따라 하고
흉내 내도 안 되는 것처럼
목이 부서져라
이 노래를 불러도
너는 다시 돌아오질 않잖아
네가 그렇게도 좋아했었던
그 노래처럼
그때 네가 나를 떠난 이후
쉬지 않고 연습하는 이유
혹시 어디선가 들린다면
너 돌아볼까 봐
이제 우리 얘기가 돼버린
네가 좋아했던 노래들을
불러보면 네가 울 것 같아서
신용재를 따라 하고
따라 해도 안 되는 것처럼
사랑을 따라 하고
흉내 내도 안 되는 것처럼
목이 부서져라
이 노래를 불러도
너는 다시 돌아오질 않잖아
그때 그 노래처럼
아직 내가 너를 못 버리는 이유
여태 바보처럼 기다리는 이유
아직 내겐 사랑이라서
아무리 미친 듯이 불러봐도
넌 안 들리나 봐
이별은 연습하고 연습해도
안 되는 건가 봐
목이 부서져라 다시 너를 불러도
너는 내게 돌아오질 않잖아
네가 그렇게도 좋아했었던
그 노래처럼",https://www.melon.com/song/detail.htm?songId=31406357,https://cdnimg.melon.co.kr/cm/album/images/102/19/644/10219644_500.jpg/melon/resize/48/quality/80/optimize
흔들리는 꽃들 속에서 네 샴푸향이 느껴진거야,장범준,"흔들리는 꽃들 속에서
네 샴푸향이 느껴진거야
스쳐지나간건가 뒤돌아보지만
그냥 사람들만 보이는거야
다와가는 집근처에서
괜히 핸드폰만 만지는거야
한번 연락해 볼까 용기내 보지만
그냥 내 마음만 아쉬운 거야
걷다가 보면 항상 이렇게 너를
바라만 보던 너를
기다린다고 말할까
지금 집앞에 계속 이렇게 너를
아쉬워 하다 너를 연락했다 할까
지나치는 꽃들 속에서
네 샴푸향만 보이는거야
스쳐지나간건가 뒤 돌아보지만
그냥 내 마음만 바빠진거야
걷다가 보면 항상 이렇게 너를
바라만 보던 너를
기다린다고 말할까
지금 집앞에 계속 이렇게 너를
아쉬워 하다 너를 연락했다 할까
어떤 계절이 너를
우연히라도 너를 마주치게 할까
난 이대로 아쉬워하다
너를 바라만 보던 너를
기다리면서 아무말 못하고
그리워만 할까
걷다가 보면 항상 이렇게 너를
바라만 보던 너를
생각한다고 말할까
지금 집앞에 기다리고
때론 지나치고 다시 기다리는
꽃이 피는 거리에 보고파라 이밤에
걷다가 보면 항상 이렇게 너를
아쉬워 하다 너를
기다린다고 말할까
지금 집앞에 계속 이렇게 너를
아쉬워 하다 너를 연락했다 할까",https://www.melon.com/song/detail.htm?songId=32003395,https://cdnimg.melon.co.kr/cm2/album/images/103/20/500/10320500_500.jpg/melon/resize/48/quality/80/optimize
"어떻게 이별까지 사랑하겠어, 널 사랑하는 거지",AKMU (악뮤),"일부러 몇 발자국 물러나
내가 없이 혼자 걷는 널 바라본다
옆자리 허전한 너의 풍경
흑백 거리 가운데 넌 뒤돌아본다
그때 알게 되었어
난 널 떠날 수 없단 걸
우리 사이에 그 어떤 힘든 일도
이별보단 버틸 수 있는 것들이었죠
어떻게 이별까지 사랑하겠어
널 사랑하는 거지
사랑이라는 이유로
서로를 포기하고
찢어질 것같이 아파할 수 없어 난
두세 번 더 길을 돌아갈까
적막 짙은 도로 위에 걸음을 포갠다
아무 말 없는 대화 나누며
주마등이 길을 비춘 먼 곳을 본다
그때 알게 되었어
난 더 갈 수 없단 걸
한 발 한 발 이별에 가까워질수록
너와 맞잡은 손이 사라지는 것 같죠
어떻게 이별까지 사랑하겠어
널 사랑하는 거지
사랑이라는 이유로
서로를 포기하고
찢어질 것같이 아파할 수 없어 난
어떻게 내가 어떻게 너를
이후에 우리 바다처럼 깊은 사랑이
다 마를 때까지
기다리는 게 이별일 텐데
어떻게 내가 어떻게 너를
이후에 우리 바다처럼 깊은 사랑이
다 마를 때까지
기다리는 게 이별일 텐데",https://www.melon.com/song/detail.htm?songId=32061975,https://cdnimg.melon.co.kr/cm2/album/images/103/31/947/10331947_500.jpg/melon/resize/48/quality/80/optimize
솔직하게 말해서 나,김나영,"햇살이 좋았던 그 날
그만하자며 말을 하는 너
전혀 믿어지지가 않아
지금 이순간 모든 시간이 멈춘 듯
어떤 말을 해야할지
어떤 표정 지어야할지
아무것도 생각나지를 않아
솔직하게 말해서 나
헤어질 자신이 없어
괜찮은 척 웃으며 널
보내줄 자신이 없어
네가 없는 내 하루
하루도 생각한 적 없는데
나보다 나를 니가 더 잘 알면서
마지막 인사를 하며
멀어져가는 너를 보며
아무것도 할수있는 게 없어
솔직하게 말해서 나
헤어질 자신이 없어
괜찮은 척 웃으며 널
보내줄 자신이 없어
네가 없는 내 하루
하루도 생각한 적 없는데
나보다 나를 니가 더 잘 알면서
이별앞에 서 있는 너의 눈에 비춰진
애써 웃는 내 모습이
나를 더욱 아프게만해
솔직하게 말할게 나
헤어지고 싶지 않아
너 없이 나 혼자서
지낼 자신이 난 없어
네가 없는 내 하루 하루도
견딜수가 없는데
나보다 네가 먼저였던 날
나보다 나를 니가 더 잘 알면서",https://www.melon.com/song/detail.htm?songId=31854442,https://cdnimg.melon.co.kr/cm/album/images/102/94/763/10294763_500.jpg/melon/resize/48/quality/80/optimize
사월이 지나면 우리 헤어져요 (Beautiful goodbye),첸 (CHEN),"우리 하지 못한 말들 마저 얘기해요
산들바람이 우릴 감싸줄 때
이렇게 마주 앉아
이별에 대해 말해보아요
이번 겨울이 지나고 꽃이 피고 나면
우리 이대로
다 괜찮을 거라 했었는데
아무리 노력을 해도 시들어가는 맘
견디기 힘들어
사월이 지나면
그땐 우리 아무 일도 없듯이
발길을 돌려요
그래야 마지막 우리 인사가
아름다울 수 있게
그때까진 조금만 더 웃어요
웃어요
다시 시간을 되돌려 처음 만난다면
가로등 옆에 서 있지 말아요
미소 짓지도 왼손으로
머릴 넘기지 마요
그래야 내가 그대를 지나칠 테니까
사월이 지나면
그땐 우리 아무 일도 없듯이
발길을 돌려요
그래야 마지막 우리 인사가
아름다울 수 있게
그때까진 조금만 더 웃어요
네 맘을 다독여봐도
변하는 이율 물어도 멀어져
그러니 이런 나보다
더 나은 사람을 만나
미소 짓기를 바래요
그대가 멀어진 만큼
시야가 흐려지네요
사랑했었기 때문에
우리 마지막 인사를 해요
이 시간이 가기 전에 행복해요
그걸 빌어요
기억해요 사랑했단 걸 우리
우리 우리 우리",https://www.melon.com/song/detail.htm?songId=31706215,https://cdnimg.melon.co.kr/cm/album/images/102/68/441/10268441_500.jpg/melon/resize/48/quality/80/optimize
FANCY,TWICE (트와이스),"지금 하늘 구름 색은
Tropical yeah
저 태양 빨간빛 네 두 볼 같아
Oh tell me I’m the only one baby
I fancy you I fancy you fancy you
It’s dangerous
따끔해 넌 장미 같아
괜찮아 조금도 난 겁나지 않아
더 세게 꼭 잡아
Take my hand
좀 위험할거야
더 위험할거야 baby
달콤한 초콜릿 아이스크림처럼
녹아버리는 지금
내 기분 So lovely
깜깜한 우주 속 가장 반짝이는
저 별 저 별 그 옆에 큰 네 별
거기 너 I fancy you
아무나 원하지 않아
Hey I love you
Love ya
그래 너 I fancy you
꿈처럼 행복해도 돼
Cause I need you
What
Fancy you
누가 먼저 좋아하면 어때
Fancy you
지금 너에게로 갈래
Fancy
매일매일 난 정말
아무것도 못하네 Oh my
Mayday
이러다 큰일 낼 것 같은데
Bang bang
머리가 홀린 듯 Reset이 돼
어쩌면 좋아
이게 맞는건지 몰라 SOS
Swim swim
너란 바다에 잠수함이 돼
매일이 Birthday
달콤해 너와 나의 Fantasy
Dream dream
마치 꿈같아 볼 꼬집어봐
요즘 나의 상태 메세진
랄랄라 Baby
달콤한 초콜릿 아이스크림처럼
녹아버리는 지금
내 기분 So lovely
깜깜한 우주 속 가장 반짝이는
저 별 저 별 그 옆에 큰 네 별
거기 너 I fancy you
아무나 원하지 않아
Hey I love you
Love ya
그래 너 I fancy you
꿈처럼 행복해도 돼
Cause I need you
What
Fancy you
누가 먼저 좋아하면 어때
Fancy you
지금 너에게로 갈래
Fancy
연기처럼 훅 사라질까
늘 가득히 담아 널 두 눈에 담아
생각만으로 포근해져
몰래 뒤에서 안아 널 놓지 않을래
거기 너 I fancy you
아무나 원하지 않아
Hey I love you
Love ya
그래 너 I fancy you
꿈처럼 행복해도 돼
Cause I need you
What
Fancy you
누가 먼저 좋아하면 어때
Fancy you
지금 너에게로 갈래
Fancy",https://www.melon.com/song/detail.htm?songId=31754579,https://cdnimg.melon.co.kr/cm/album/images/102/76/861/10276861_500.jpg/melon/resize/48/quality/80/optimize
헤어져줘서 고마워,벤,"헤어져줘서 고마워
나는 헤어진 게 아니야
정말 헤어져서 고마워
네 맘은 진심이 아니야
같은 말 하게 하지 마
더 미워하게 하지 마
난 안 바뀌니까
아니 내가 정말 잘할게
아냐 사람 마음 쉽게 안 변해
우린 안 봐도 뻔해
맨날 말로만 끝내자 말하면 뭐 해
질질 끌지 말고 헤어지자
그래 오늘은 꼭 헤어지자
그만 미워하고 더 후회하지 말고
그냥 미친 척하고 우리 헤어져 보자
사랑인척하지만 너와 나
이미 다 끝났잖아 되돌릴 수 없잖아
맨날 말로만 끝내자 말하면 뭐 해
질질 끌지 말고 헤어지자
진짜 사랑이 난 그리워
그래 네 마음 다 이해해
함께 있어도 난 외로워
뭐가 됐건 내가 미안해
이해한다고 하지 마
미안하다고 하지 마
듣기 싫으니까
아니 내가 정말 잘할게
원래 사랑이란 언젠간 변해
우리도 변했으니까
맨날 말로만 끝내자 말하면 뭐 해
질질 끌지 말고 헤어지자
그래 오늘은 꼭 헤어지자
그만 미워하고 더 후회하지 말고
그냥 미친 척하고 우리 헤어져 보자
사랑인척하지만 너와 나
이미 다 끝났잖아 되돌릴 수 없잖아
더 이상 시간 끌지 말고 헤어지자
마지막이라고
늘 믿었던 우리 사랑이
이젠 지긋지긋해 더 안 되는 거
붙잡지 좀 말고 제발
질질 끌지 말고 헤어지자
우리 이제 그만 보내주자
결국 생각나고 죽도록 후회해도
더 기대하지 말고 우리 헤어져 보자
이젠 사랑 아니야 너와 나
사랑했던 그때로 돌아갈 수 없잖아
맨날 말로만 끝내자 말하면 뭐 해
질질 끌지 말고 헤어지자
그래 우리 이제 헤어지자",https://www.melon.com/song/detail.htm?songId=31901475,https://cdnimg.melon.co.kr/cm/album/images/103/02/879/10302879_500.jpg/melon/resize/48/quality/80/optimize
사랑이 식었다고 말해도 돼,먼데이 키즈 (Monday Kiz),"어떻게 보면 참
전쟁 같았다 우리
행복한 나날의
수만큼 아프게 했던
날들도 많았고
울렸던 날도 많았어
길었던 시간을 지켜줬던
너야
너를 너무 사랑해서
그게 멀어지게 한 걸까
어리숙한 내 잘못인가
사랑이 식었다고
솔직히 말해도 돼
가슴 뛰는 설렘이
네게
온 거라고 나보다
좋은 사람이
너에게 생긴 거라고
다른 핑계겠지
우린 안 맞는다고
질리게 들었어
네 맘이 떠나간 후로
혹시나 우리가
괜찮은 시절에 만나
잘해줬다면은
우리 조금은 다를까
너를 너무 사랑해서
그게 멀어지게 한 걸까
철이 없는 내 욕심인가
사랑이 식었다고
솔직히 말해도 돼
가슴 뛰는 설렘이
네게
온 거라고 나보다
좋은 사람이
너에게 생긴 거라고
아침이 까맣도록 취해
잊으려 날 망가뜨려도
남아 있는 너
나보다 더 어디 가
좋아서 떠난 거니
인정하려 해봐도
미워
내가 좀 더 잘나서
성공할 때쯤
네 앞에 서 볼게
그때 넌 홀로이기를",https://www.melon.com/song/detail.htm?songId=31829536,https://cdnimg.melon.co.kr/cm/album/images/102/90/621/10290621_500.jpg/melon/resize/48/quality/80/optimize
시든 꽃에 물을 주듯,HYNN (박혜원),"아무말도 아무것도
여전히 넌 여기 없고
널 원하고 널 원해도 난 외롭고
꽃이 피고 진 그 자리
끝을 몰랐었던 맘이
깨질 것만 같던 그때 우리 음
시든 꽃에 물을 주듯
싫은 표정조차 없는
결국엔 부서진 여기 우리 음
다 잊었니 말없이 다 잊었니
사랑한단 말로 날 가둬둔 채로
넌 잊었니 난 잊지 못하나봐
바보처럼 기다려 난 오늘도
어쩌다 이렇게 됐지
너무 예뻤잖아 둘이
매일 설레였지 그때 우린 음
시든 꽃에 물을 주듯
싫은 표정조차 없는
결국엔 부서진 여기 우리
다 잊었니 말없이 다 잊었니
사랑한단 말로 날 가둬둔 채로
넌 잊었니 난 잊지 못하나봐
바보처럼 기다린
바보처럼 빈 자릴 붙잡는 나
차라리 다 끝났다고 말해줘
이기적인 그 침묵에 또 나만
바보처럼 미련한
내가 미워
아무말도 아무것도
여전히 넌 여기 없고
널 원하고 널 원해도 난 지쳐가",https://www.melon.com/song/detail.htm?songId=31703498,https://cdnimg.melon.co.kr/cm/album/images/102/67/986/10267986_500.jpg/melon/resize/48/quality/80/optimize
초록빛,폴킴,"버려진 담배꽁초
흔들리는 처량함
휘청거리는 휜 맥주 뚜껑에
난 또 감상에 젖어
오늘 밤은 뭔가가 왠지 달라서
혼자 있어도 외롭지가 않아서
보고 싶던 친구를 만나
초록빛의 신호등이 밝기만 하다
서있는 저 사람도 깜빡이고 서있지만
부딪히는 바람도 평화롭구나
내 마음이 변해서 더 그런가 해
흔들리는 바람에 휘날리는 나무도
내 마음을 간질여
예전의 나를 돋는다
초록빛의 신호등이 밝기만 하다
서있는 저 사람도 깜빡이고 서있지만
부딪히는 바람도 평화롭구나
내 마음이 변해서 더 그런가 해
흔들리는 바람에 휘날리는 나무도
내 마음을 간질여 예전의 나를
부딪히는 바람도 평화롭구나
내 마음이 변해서 더 그런가 해
흔들리는 바람에 휘날리는 나무도
내 마음을 간질여
예전의 나를 돋는다",https://www.melon.com/song/detail.htm?songId=31565593,https://cdnimg.melon.co.kr/cm/album/images/102/43/480/10243480_500.jpg/melon/resize/48/quality/80/optimize
기억해줘요 내 모든 날과 그때를,거미,"듣고있나요 나의 이 모든 얘기를
그댈 향한 내 깊은 진심을
매일 그리움 속에 그대를 불러보지만
닿을 수 없는 마음을
나도 이젠 알 것 같아요
내 안의 그대를 놓을 수 없네요
애써도 그게 잘 안돼요
마음과 반대로 밀어내려 할수록
이토록 더 아파지네요
기억하나요 나의 이 모든 얘기를
그댈 향한 내 깊은 진심을
매일 그리움 속에 그대를 불러보지만
닿을 수 없는 마음을
나도 이젠 알 것 같아요
스쳐가는 이 계절을 지나
언젠가는 멀어질 걸 아니까
더 모질게 그댈 밀어냈어요 너무
가슴이 미칠 듯 아파도
듣고 있나요 나의 이 모든 얘기를
그댈 향한 내 깊은 진심을
매일 그리움 속에 그대를 불러보지만
닿을 수 없는 마음을
나도 이젠 알 것 같아요
아무 이유 없이 눈물 나는 날에는
그댈 찾아가고 있네요 이렇게
기억해줘요 내 모든 날과 그때를
지울수록 선명해지니까
가슴 아프겠지만 그대를 보내야 해요
나를 기억해주세요 나 그대만
사랑했음을",https://www.melon.com/song/detail.htm?songId=31967064,https://cdnimg.melon.co.kr/cm/album/images/103/14/289/10314289_500.jpg/melon/resize/48/quality/80/optimize
그대라는 시,태연 (TAEYEON),"언제부터인지 그대를 보면
운명이라고 느꼈던 걸까
밤하늘의 별이 빛난 것처럼
오랫동안 내 곁에 있어요
그대라는 시가 난 떠오를 때마다
외워두고 싶어 그댈 기억할 수 있게
슬픈 밤이 오면 내가 그대를 지켜줄게
내 마음 들려오나요
잊지 말아요
지나가는 계절 속에 내 마음은
변하지 않는단 걸 아나요
그저 바라보는 눈빛 그 하나로
세상을 다 가진 것 같은데
그대라는 시가 난 떠오를 때마다
외워두고 싶어 그댈 기억할 수 있게
슬픈 밤이 오면 내가 그대를 지켜줄게
내 마음 들려오나요
잊지 말아요
꽃이 피고 지는 날이 와도
이것 하나만 기억해줘요
그댈 향한 마음을
언젠가는 우리
멀어질지 몰라도
나는 그대라면 기다릴 수 있을 텐데
시간이 흘러도 내가 이곳에 서 있을게
그대 망설이지 말아요
그때가 오면",https://www.melon.com/song/detail.htm?songId=31938460,https://cdnimg.melon.co.kr/cm/album/images/103/09/213/10309213_500.jpg/melon/resize/48/quality/80/optimize
Way Back Home,숀 (SHAUN),"멈춘 시간 속
잠든 너를 찾아가
아무리 막아도
결국 너의 곁인 걸
길고 긴 여행을 끝내
이젠 돌아가
너라는 집으로
지금 다시
way back home
아무리 힘껏 닫아도
다시 열린 서랍 같아
하늘로 높이 날린 넌
자꾸 내게 되돌아와
힘들게 삼킨 이별도
다 그대로인 걸
oh oh oh
수없이 떠난 길 위에서
난 너를 발견하고
비우려 했던 맘은 또
이렇게 너로 차올라
발걸음의 끝에
늘 니가 부딪혀
그만
그만
멈춘 시간 속
잠든 너를 찾아가
아무리 막아도
결국 너의 곁인 걸
길고 긴 여행을 끝내
이젠 돌아가
너라는 집으로
지금 다시
way back home
조용히 잠든 방을 열어
기억을 꺼내 들어
부서진 시간 위에서
선명히 너는 떠올라
길 잃은 맘 속에
널 가둔 채 살아
그만
그만
멈춘 시간 속
잠든 너를 찾아가
아무리 막아도
결국 너의 곁인 걸
길고 긴 여행을 끝내
이젠 돌아가
너라는 집으로
지금 다시
way back home
세상을 뒤집어
찾으려 해
오직 너로 완결된
이야기를
모든 걸 잃어도
난 너 하나면 돼
빛이 다 꺼진 여기
나를 안아줘
눈을 감으면
소리 없이 밀려와
이 마음 그 위로
넌 또 한 겹 쌓여가
내겐 그 누구도 아닌
니가 필요해
돌아와 내 곁에
그날까지
I’m not done",https://www.melon.com/song/detail.htm?songId=31151836,https://cdnimg.melon.co.kr/cm/album/images/101/79/508/10179508_500.jpg/melon/resize/48/quality/80/optimize
봄날,방탄소년단,"보고 싶다
이렇게 말하니까 더 보고 싶다
너희 사진을 보고 있어도
보고 싶다
너무 야속한 시간
나는 우리가 밉다
이젠 얼굴 한번 보는 것 조차
힘들어진 우리가
여긴 온통 겨울 뿐이야
8월에도 겨울이 와
마음은 시간을 달려가네
홀로 남은 설국열차
니 손 잡고 지구 반대편까지 가
겨울을 끝내고파
그리움들이 얼마나
눈처럼 내려야 그 봄날이 올까
Friend
허공을 떠도는
작은 먼지처럼 작은 먼지처럼
날리는 눈이 나라면
조금 더 빨리
네게 닿을 수 있을 텐데
눈꽃이 떨어져요
또 조금씩 멀어져요
보고 싶다 보고 싶다
보고 싶다 보고 싶다
얼마나 기다려야
또 몇 밤을 더 새워야
널 보게 될까 널 보게 될까
만나게 될까 만나게 될까
추운 겨울 끝을 지나
다시 봄날이 올 때까지
꽃 피울 때까지
그곳에 좀 더 머물러줘
머물러줘
니가 변한 건지
니가 변한 건지
아니면 내가 변한 건지
내가 변한 건지
이 순간 흐르는 시간조차 미워
우리가 변한 거지 뭐
모두가 그런 거지 뭐
그래 밉다 니가 넌 떠났지만
단 하루도 너를
잊은 적이 없었지 난
솔직히 보고 싶은데
이만 너를 지울게
그게 널 원망하기보단
덜 아프니까
시린 널 불어내 본다
연기처럼 하얀 연기처럼
말로는 지운다 해도
사실 난 아직 널 보내지 못하는데
눈꽃이 떨어져요
또 조금씩 멀어져요
보고 싶다 보고 싶다
보고 싶다 보고 싶다
얼마나 기다려야
또 몇 밤을 더 새워야
널 보게 될까 널 보게 될까
만나게 될까 만나게 될까
You know it all
You're my best friend
아침은 다시 올 거야
어떤 어둠도 어떤 계절도
영원할 순 없으니까
벚꽃이 피나봐요
이 겨울도 끝이 나요
보고 싶다 보고 싶다
보고 싶다 보고 싶다
조금만 기다리면
며칠 밤만 더 새우면
만나러 갈게 만나러 갈게
데리러 갈게 데리러 갈게
추운 겨울 끝을 지나
다시 봄날이 올 때까지
꽃 피울 때까지
그곳에 좀 더 머물러줘
머물러줘",https://www.melon.com/song/detail.htm?songId=30244931,https://cdnimg.melon.co.kr/cm/album/images/100/37/969/10037969_500.jpg/melon/resize/48/quality/80/optimize
IDOL,방탄소년단,"You can call me artist
You can call me idol
아님 어떤 다른 뭐라 해도
I don't care
I'm proud of it
난 자유롭네
No more irony
나는 항상 나였기에
손가락질 해
나는 전혀 신경 쓰지 않네
나를 욕하는
너의 그 이유가 뭐든 간에
I know what I am
I know what I want
I never gon' change
I never gon' trade
Trade off
뭘 어쩌고 저쩌고 떠들어대셔
I do what I do
그니까 넌 너나 잘하셔
You can't stop me lovin' myself
얼쑤 좋다
You can't stop me lovin' myself
지화자 좋다
You can't stop me lovin' myself
OHOHOHOH
OHOHOHOHOHOH
OHOHOHOH
덩기덕 쿵더러러
얼쑤
OHOHOHOH
OHOHOHOHOHOH
OHOHOHOH
덩기덕 쿵더러러
얼쑤
Face off 마치 오우삼 ay
Top star with that spotlight ay
때론 슈퍼히어로가 돼
돌려대 너의 Anpanman
24시간이 적지
헷갈림 내겐 사치
I do my thang
I love myself
I love myself I love my fans
Love my dance and my what
내 속안엔
몇 십 몇 백명의 내가 있어
오늘 또 다른 날 맞이해
어차피 전부 다 나이기에
고민보다는 걍 달리네
Runnin' man
Runnin' man
Runnin' man
뭘 어쩌고 저쩌고 떠들어대셔
I do what I do
그니까 넌 너나 잘하셔
You can't stop me lovin' myself
얼쑤 좋다
You can't stop me lovin' myself
지화자 좋다
You can't stop me lovin' myself
OHOHOHOH
OHOHOHOHOHOH
OHOHOHOH
덩기덕 쿵더러러
얼쑤
OHOHOHOH
OHOHOHOHOHOH
OHOHOHOH
덩기덕 쿵더러러
얼쑤
I'm so fine wherever I go
가끔 멀리 돌아가도
It's okay
I'm in love with my-my myself
It's okay
난 이 순간 행복해
얼쑤 좋다
You can't stop me lovin' myself
지화자 좋다
You can't stop me lovin' myself
OHOHOHOH
OHOHOHOHOHOH
OHOHOHOH
덩기덕 쿵더러러
얼쑤
OHOHOHOH
OHOHOHOHOHOH
OHOHOHOH
덩기덕 쿵더러러
얼쑤",https://www.melon.com/song/detail.htm?songId=31266290,https://cdnimg.melon.co.kr/cm/album/images/101/97/480/10197480_500.jpg/melon/resize/48/quality/80/optimize
멍청이(twit),화사 (Hwa Sa),"너는 멍청이
twit twit twit twit
I don't like it
Nobody likes it
가녀린 심청이
twit twit twit twit
I don't like it
Nobody likes it
너는 멍청이
나밖에 모르는 사나이
가녀린 심청이
한 번씩 주위를 둘러봐
너는 아파도 모르고 있잖아
You make me royal
You make me hero
You make me genius
주는 게 많아
근데 왜 너만 불행해질까
나를 위해서만 숨을 쉬니까
너무 외로워 보여
너는 멍청이
twit twit twit twit
I don't like it
Nobody likes it
가녀린 심청이
twit twit twit twit
I don't like it
Nobody likes it
twit twit twit twit
우린 길을 잃었어
twit twit twit twit
나밖에 모르는 너는 멍청이
내가 멍청이
너를 병들게 한 싸가지
악마의 속삭임
욕심이 널 밀어내니까
내가 늦더라도 기다리지마
I make you patient
I make you puppy
I make you hungry
주는 게 없지
근데 왜 나도 불행해질까
나를 위해서만 숨을 쉬지마
너무 외로워 보여
너는 멍청이
twit twit twit twit
I don't like it
Nobody likes it
가녀린 심청이
twit twit twit twit
I don't like it
Nobody likes it
twit twit twit twit
우린 길을 잃었어
twit twit twit twit
나 밖에 모르는
너는 아이야 아이야이야
baby sky야
아이야이야 야이야
너는 멍청이
twit twit twit twit
I don't like it
Nobody likes it
가녀린 심청이
twit twit twit twit
I don't like it
Nobody likes it
twit twit twit twit
우린 길을 잃었어
twit twit twit twit
나 밖에 모르는 너는 멍청이",https://www.melon.com/song/detail.htm?songId=31608765,https://cdnimg.melon.co.kr/cm/album/images/102/50/874/10250874_500.jpg/melon/resize/48/quality/80/optimize
신청곡 (Feat. SUGA of BTS),이소라,"창밖엔 또 비가 와
이럴 땐 꼭 네가 떠올라
잠이 오지 않아
내방엔 이 침묵과
쓸쓸한 내 심장 소리가
미칠 것만 같아
So I turn on my radio
낯선 목소리가 들려오고
And on the radio
슬픈 그 사연이 너무 내 얘기 같아서
Hey DJ play me a song
to make me smile
마음이 울적한 밤에 나 대신 웃어줄
그를 잊게 해줄 노래
Hey DJ play me a song
to make me cry
가슴이 답답한 밤에 나 대신 울어줄
그를 잊게 해줄 노래
치열했던 하루를 위로하는
어둠마저 잠든 이 밤
수백 번 나를 토해내네
그대 아프니까
난 당신의 삶 한 귀퉁이 한 조각이자
그대의 감정들의 벗
때로는 familia
때때론 잠시 쉬어 가고플 때
함께임에도 외로움에 파묻혀질 때
추억에 취해서
누군가를 다시 게워낼 때
그때야 비로소
난 당신의 음악이 됐네
그래 난 누군가에겐
봄 누군가에게는 겨울
누군가에겐 끝 누군가에게는 처음
난 누군가에겐 행복 누군가에겐 넋
누군가에겐 자장가이자
때때로는 소음
함께 할게 그대의 탄생과 끝
어디든 함께 임을 기억하기를
언제나 당신의 삶을 위로할 테니
부디 내게 가끔 기대어 쉬어가기를
So I turn on my radio
낯선 목소리가 들려오고
And on the radio
슬픈 그 사연이 너무 내 얘기 같아서
Hey DJ play me a song
to make me smile
마음이 울적한 밤에 나 대신 웃어줄
그를 잊게 해줄 노래
Hey DJ play me a song
to make me cry
가슴이 답답한 밤에 나 대신 울어줄
그를 잊게 해줄 노래
창밖엔 또 비가 와
이럴 땐 꼭 네가 떠올라
잠이 오지 않아
난 어쩔 수 없나 봐",https://www.melon.com/song/detail.htm?songId=31571110,https://cdnimg.melon.co.kr/cm/album/images/102/44/499/10244499_500.jpg/melon/resize/48/quality/80/optimize
띵 (Prod. By 기리보이),"Jvcki Wai, 양홍원, Osshun Gum, 한요한","아마 난 이번 겨울이 끝나도
살아남을 거야 인마
너는 말했지
여자 래퍼 수명 2년이라고
근데 이미 5년째 꼭 붙어있지
이젠 이 바닥 밑바닥도 아닌
꼭대기 넌 신경 써봐 니 안위
허무하지 될년된 shit
봐 내 지금 개런티
니들 다 환장하는 돈
hunnit bandz on me
hunnit racks on me
난 못 세어 더는 못 세어
I got some things drippin’
make’em rain on me
내 목에서 흘러내려
올해도 내년도 우리 거
복면 안 쓰고 다 물리쳐
한여름 태양보다 더 뜨거워
차가운 것들은 내 목에
머리가 띵
머리가 띵하게 차가워
머리가 띵하게 차가워
불도저같이 쓸어 담어
우리는 띵
우리는 띵곡을 팔아
너넬 또 미치게 만들어
불러 어디든지 달려가
띵띵
훅 땜에 머리 freeze freeze
짜여지지 여기 팀이
수험생들 맞어 빔
힙스터도 맞어 빔
우린 돌아 버려 빙빙
빙빙 빙빙
다 star 됐지 연락해
IM이 올랐네
JM이 몰랐댔지만
가졌지 18년 god damn
춤춰 춰 춰 춰 뛰지 무대 위 열나게
추워 추워 추워 추워
이번 track이 폴라텍
We on chart 재미로 밖에 닌 몰라 왜
Bet 영비 오션 재키 요한에
겨울에 이 노래가 불같애
너넬 녹이지 얼음 같게
더워 바지 벗어 영비 같게
더워 바지 벗어 영비 같게
올해도 내년도 우리 거
복면 안 쓰고 다 물리쳐
한여름 태양보다 더 뜨거워
차가운 것들은 내 목에
머리가 띵
머리가 띵하게 차가워
머리가 띵하게 차가워
불도저같이 쓸어 담어
우리는 띵
우리는 띵곡을 팔아
너넬 또 미치게 만들어
불러 어디든지 달려가
날씨 머릴 깨
다시 가릴 때지
한여름 내 눈 바빴고
이젠 미련 버릴 때
wait 얼음 wait
왜 너는 왜
이불을 두르고도 불이 났니
내 눈알에 무리가 가
남자는 뇌가 두 개
난 하날 껐네
난 말을 걸고 너는 매를 벌어
이 밤이 가기 전 눈앞이 번져
널 안기 전엔 머리 위에 쟤를 털어
눈물을 닦을 때 우린 불이 꺼져
우린 불이 꺼져 이젠 얼음 땡
별일 없듯 넌 발걸음 떼
우리끼리 놀 땐 개 민폐
딩고 띵곡 벌어 새 지폐
머리가 띵 얼음 같지
눈 몰리면 머리가 띵
얼어붙지 내리막길
해버리게 머리 마취
걔네 거 들으면 머리에 침 아야
걔네 거 들으면 감기 에취 아파
우리 거 들으면 머리에 띵 아싸
우리 건 들으면 머리에 빔 발사
IMJM 떡상 배팅
천재노창 복귀에 배팅
딩고 우리 덕에 매출 갱신
띵곡 우리 덕에 탄생했지
난 힙합씬의 초 희귀종 락스타 예
난 미안 진심 우리 뺌 하극상 예
난 움직이는 초고가 암막 커튼
2019년도 다 해 먹거든
올해도 내년도 우리 거
복면 안 쓰고 다 물리쳐
한여름 태양보다 더 뜨거워
차가운 것들은 내 목에
머리가 띵
머리가 띵하게 차가워
머리가 띵하게 차가워
불도저같이 쓸어 담어
우리는 띵
우리는 띵곡을 팔아
너넬 또 미치게 만들어
불러 어디든지 달려가",https://www.melon.com/song/detail.htm?songId=31554317,https://cdnimg.melon.co.kr/cm/album/images/102/41/866/10241866_500.jpg/melon/resize/48/quality/80/optimize
너도 그냥 날 놓아주면 돼,윤건,"반복돼 오늘도 이렇게
힘겨운 스물네 시간
반복돼 오늘도 머리속엔
온통 너라는 사람
또 반복해 오늘도 너에게
하지 못한 말
수없이 반복해 나도 모르게
너와 함께 듣던 이 노래
마지막까지 날 걱정해주던
니 눈빛 잘 알아
그만큼 우리 미치도록
사랑했잖아
늘 안쓰러워하던
그날들이 지나가면
이젠 너도 맘 아플 일
없을 거니까
흔들리지마 이젠 나는 괜찮아
너도 이젠 너의 갈길
그대로 그냥 가면 돼
내가 널 놓을 수 있게
너도 그냥 날 놓아주면 돼
아픈 기억들만 내게 두고 제발 가
반복돼 오늘도 이렇게
멍청히 하루가
또 반복해 나도 모르게
너와 함께 듣던 이 노래
마지막까지 날 위로해주던
니 눈물 잘 알아
그만큼 우리 미치도록
힘들었잖아
사랑한 만큼 아프던
그날들이 지나가면
이젠 너도 좋은 기억만
남을 거니까
흔들리지마 이젠 나는 괜찮아
너도 이젠 너의 갈길
그대로 그냥 가면 돼
내가 널 놓을 수 있게
너도 그냥 날 놓아주면 돼
좋은 기억들만 가지고 제발 가
네가 잘 지냈으면 좋겠어
행복하면 더 좋고
흔들리지마 이젠 나는 괜찮아
너도 이젠 너의 갈길
그대로 그냥 가면 돼
내가 널 놓을 수 있게
너도 그냥 날 놓아주면 돼
아픈 기억들만 내게 두고
제발 가 제발 가",https://www.melon.com/song/detail.htm?songId=31455159,https://cdnimg.melon.co.kr/cm/album/images/102/27/145/10227145_500.jpg/melon/resize/48/quality/80/optimize
당신과는 천천히,장범준,"퇴근 시간 전에는
시간이 너무 느리게 가는데
왜 집에만 오면 시간이 너무 빨라서
아쉬워 제대로 못 쉬고
평일 일과 중에는
시간이 너무 느리게 가는데
왜 주말만 되면 시간이 너무 빨라서
아쉬워 제대로 못 자고
그냥 시간이
똑같이 흘러가기만이라도
좋은 순간만은 천천히
사랑의 꿈에 취해
뒤척이는 밤이라도
당신과 함께 순간만은 천천히
당신과는 천천히 당신과는 천천히
그저 시간이
똑같이 흘러가기만이라도
좋은 순간만은 천천히
사랑의 꿈에 취해
뒤척이는 밤이라도
당신과 함께 순간만은 천천히
당신과는 천천히 당신과는 천천히
아쉬운 밤과 이별이 무서워요
나는 내일 하루 시작이
우 이 모든 밤을 천천히
좋은 사람 당신 당신과는 천천히
그녀를 보면서 짧은 밤들을
그녀를 보면서 잠못 드네요
그녀를 보면서 짧은 밤들을
그녀의 곁에서 당신과는 천천히",https://www.melon.com/song/detail.htm?songId=31684634,https://cdnimg.melon.co.kr/cm/album/images/102/64/375/10264375_500.jpg/melon/resize/48/quality/80/optimize
Kill This Love,BLACKPINK,"천사 같은 Hi 끝엔 악마 같은 Bye
매번 미칠듯한 High 뒤엔 뱉어야
하는 Price
이건 답이 없는 Test
매번 속더라도 Yes
딱한 감정의 노예
얼어 죽을 사랑해
Here I come kick in the door
가장 독한 걸로 줘
뻔하디 뻔한 그 love
더 내놔봐 give me some more
알아서 매달려 벼랑 끝에
한마디면 또 like 헤벌레 해
그 따뜻한 떨림이 새빨간 설렘이
마치 heaven 같겠지만
you might not get in it
Look at me Look at you
누가 더 아플까
You smart 누가 You are
두 눈에 피눈물 흐르게 된다면
So sorry 누가 You are
나 어떡해 나약한 날 견딜 수 없어
애써 두 눈을 가린 채
사랑의 숨통을 끊어야겠어
LET’S KILL THIS LOVE
LET’S KILL THIS LOVE
Feelin’ like a sinner
Its so fire with him I go boo hoo
He said you look crazy
Thank you baby
I owe it all to you
Got me all messed up
His love is my favorite
But you plus me
sadly can be dangerous
Lucky me Lucky you
결국엔 거짓말 we lie
So what so what
만약에 내가 널 지우게
된다면 So sorry
I’m not sorry
나 어떡해 나약한 날 견딜 수 없어
애써 눈물을 감춘 채
사랑의 숨통을 끊어야겠어
LET’S KILL THIS LOVE
LET’S KILL THIS LOVE
We all commit to love
That makes you cry
We’re all making love
That kills you inside
We must kill this love
Yeah it’s sad but true
Gotta kill this love
Before it kills you too
Kill this love
Yeah it’s sad but true
Gotta kill this love
Gotta kill let’s kill this love",https://www.melon.com/song/detail.htm?songId=31717822,https://cdnimg.melon.co.kr/cm/album/images/102/70/288/10270288_500.jpg/melon/resize/48/quality/80/optimize
이별하러 가는 길,임한별,"소란한 내 맘을 누군가 볼까봐
애써 웃는 척 해
사실 나는 누구보다 아픈 중인데
많은 날이 지나면
덤덤하게 잊혀지겠지
다시 또 살아가면서
누군갈 사랑하면서 그렇게
이별하러 가는 길
참 맑기도 하다
널 떼러 가는 길
아무 예고 없이
갑자기 맞이할 이별에
많이 힘들지 몰라 미안해
다신 사랑 안 한단 거짓말
뒤로 우는 널 남긴 채
나 차갑게 떠난다
우리 이제는 안녕 안녕
차라리 나를 미워해
화도 못 내는 네게
너무 쉽게 던진 말
그 말 그게 참 가슴에 남아
미안하단 말 못한 게 후회돼
이별하러 가는 길
참 맑기도 하다
널 떼러 가는 길
아무 예고 없이
갑자기 맞이할 이별에
많이 힘들지 몰라 미안해
다신 사랑 안 한단 거짓말
뒤로 우는 널 남긴 채
나 차갑게 떠난다
우리 이제는 안녕 안녕
다 잊어줘 보란듯이
더 잘 살아가줘
차마 하지 못한 말
붙잡아달란 말
우리 사랑한 그 만큼
그 만큼 아파 미치도록
그리울 사랑아
이게 나란 남자야
못 되고 비겁해
널 울게 만들고
또 니 행복을 빌어
우리 이제는 안녕 안녕 안녕",https://www.melon.com/song/detail.htm?songId=31304766,https://cdnimg.melon.co.kr/cm/album/images/102/03/965/10203965_500.jpg/melon/resize/48/quality/80/optimize
SOLO,제니 (JENNIE),"천진난만 청순가련
새침한 척 이젠 지쳐 나
귀찮아
매일 뭐 해 어디야 밥은 잘 자
Baby 자기 여보 보고 싶어
다 부질없어
You got me like
이건 아무 감동 없는
Love Story
어떤 설렘도 어떤 의미도
네겐 미안하지만
I’m not sorry
오늘부터 난 난 난
빛이 나는 솔로
빛이 나는 솔로
I’m going solo lo lo lo lo lo
I’m going solo lo lo lo lo lo
Used to be your girl
Now I’m used to
being the GOAT
You’re sittin’ on your feelings
I’m sittin’ on my throne
I ain’t got no time
for the troubles in your eyes
This time I’m only lookin’ at me
myself and I
I’m goin' solo
I’ma do it on my own now
Now that you’re alone
got you lookin’ for a clone now
So low
That’s how I’m gettin’ down
Destined for this and the crown
Sing it loud like
이건 아무 감동 없는
Love Story
어떤 설렘도 어떤 의미도
네겐 미안하지만
I’m not sorry
오늘부터 난 난 난
빛이 나는 솔로
빛이 나는 솔로
I’m going solo lo lo lo lo lo
I’m going solo lo lo lo lo lo
만남 설렘 감동 뒤엔
이별 눈물 후회 그리움
홀로인 게 좋아 난 나다워야 하니까
자유로운 바람처럼
구름 위에 별들처럼
멀리 가고 싶어 밝게 빛나고 싶어
빛이 나는 솔로
I’m going solo lo lo lo lo lo
I’m going solo lo lo lo lo lo",https://www.melon.com/song/detail.htm?songId=31417871,https://cdnimg.melon.co.kr/cm/album/images/102/21/424/10221424_500.jpg/melon/resize/48/quality/80/optimize
비,폴킴,"비가 내리다 말다
우산을 챙길까 말까
tv엔 맑음이라던데
네 마음도 헷갈리나봐
비가 또 내리다 말다
하늘도 우울한가봐
비가 그치고나면
이번엔 내가 울것만같아
Strumming down to my memories
지직거리는 라디오에선
또 뻔한 love song
잊고있던 아픈 설레임
널 생각나게해
우리 걷던 이길위에
흘러나오던 멜로디
흥얼거렸었지 넌 어디있니
하늘은 이렇게 맑은데
비에 젖은 내 마음을
따뜻하게도 비춰주던 너는
나에게 햇살같아
그런널 왜 난 보냈을까
Good bye
So hard to lose but easy to repeat
푹 숙인 얼굴 날 알아봤을까
I'm losing my breathe
잊고 싶던 아픈 기억들
날 더 힘들게해
시간가는 줄도 모르고
나눴던 수많은 밤과 사랑노래
꿈보다 달콤했지
쉽게 포기한건아닌지
우연히널 마주친 순간
내 마음 들킬까봐 뒤돌아섰어
널 잡았다면
그런 널 왜 난 보냈을까
우리 걷던 이길위에
흘러나오던 멜로디
흥얼거렸었지 넌 어디있니
하늘은 이렇게 맑은데
비에 젖은 내 마음을
따뜻하게도 비춰주던 너는
나에게 햇살같아
그런널 왜 난 보냈을까
Good bye",https://www.melon.com/song/detail.htm?songId=8235260,https://cdnimg.melon.co.kr/cm/album/images/026/92/501/2692501_500.jpg/melon/resize/48/quality/80/optimize
내 생에 아름다운,케이윌,"Don't walk away I'm falling down
Don't walk away I'm falling down
깊어져만 가는
밤하늘 별빛은 여전히
그 자리 그대를 기다리죠
한참을 말하지 않아도
그대 두 눈 들여다보면
나는 알아요 그대를 느끼죠
햇살 안은 밤하늘 수평선 멀리
그대의 별 되어 늘 그대를 지킬게요
내 생에 가장 아름다운 시간들
나 그댈 위해 간직해온
짙은 숨결 그대에게
닿기를 바래요
Don't walk away I'm falling down
Don't walk away I'm falling down
점점 멀어지는
한동안 그대 외로이
힘없이 지나간 나날들
나는 아파요 그대를 느끼죠
햇살 안은 밤하늘 수평선 멀리
그대의 별 되어 늘 그대를 지킬게요
내 생에 가장 아름다운 시간들
나 그댈 위해 간직해온
짙은 숨결 전해지길
바래요 오직 나 그대가
내 맘 흐르는 하늘을 바라봐줘요
한걸음 다가와 멀어지진 말아줘요
하루하루 같은 이곳에 남겨져
나 그대에게 머물게요
내 생에 가장 아름다운
그대와 영원히",https://www.melon.com/song/detail.htm?songId=31373277,https://cdnimg.melon.co.kr/cm/album/images/102/14/874/10214874_500.jpg/melon/resize/48/quality/80/optimize
YES or YES,TWICE (트와이스),"Hey boy
Look I’m gonna make
this simple for you
you got two choices
YES or YES
Ah 둘 중에 하나만 골라
YES or YES
Ah ah 하나만 선택해 어서
YES or YES
내가 이렇게도 이기적이었던가
뭔가 이렇게 갖고 싶던 적 있었나
다 놀라 내 뻔뻔함에
Come on and tell me yes
생각보다 과감해진 나의 시나리오
이 정도 Plan이면 완벽해 만족해
I don’t care 누가 뭐래도
You better tell me yes
내 맘은 정했어 YES
그럼 이제 네 대답을 들을 차례
힘들면 보기를 줄게 넌 고르기만 해
고민할 필요도 없게 해줄게
뭘 고를지 몰라 준비해봤어
둘 중에 하나만 골라 YES or YES
네 마음을 몰라 준비해봤어
하나만 선택해 어서 YES or YES
싫어는 싫어 나 아니면 우리
선택을 존중해 거절은 거절해
선택지는 하나 자 선택은 네 맘
It’s all up to you
둘 중에 하나만 골라 YES or YES
진심일까 Do not guess
진심이니 Do not ask
애매한 좌우 말고 확실히 위아래로
There’s no letters N & O
지워버릴래 오늘부로
복잡하게 고민할 필요
없어 정답은 YES YES YO
없던 이기심도 자극하는
너의 눈과
널 향한 호기심이 만나서
타올라 타오른다
My heart burn burn burn
조금 쉽게 말하자면
넌 뭘 골라도 날 만나게 될 거야
뭐 좀 황당하긴 해도
억지라고 해도
절대 후회하지 않게 해줄게
뭘 고를지 몰라 준비해봤어
둘 중에 하나만 골라 YES or YES
네 마음을 몰라 준비해봤어
하나만 선택해 어서 YES or YES
싫어는 싫어 나 아니면 우리
선택을 존중해 거절은 거절해
선택지는 하나 자 선택은 네 맘
Now it’s all up to you
Maybe not
No No
Maybe yes
No No
좀 더 선명하게 네 맘을 내게 보여봐
귀 기울여봐
무슨 소리가 들리지 않니
It's Simple Y E S Hey
둘 중에 하나만 골라 YES or YES
하나만 선택해 어서 YES or YES
하나 더 보태서 YES or YES or YES
골라봐 자 선택은 네 맘
뭘 고를지 몰라 준비해봤어
둘 중에 하나만 골라 YES or YES
네 마음을 몰라 준비해봤어
하나만 선택해 어서 YES or YES
싫어는 싫어 나 아니면 우리
선택을 존중해 거절은 거절해
선택지는 하나 자 선택은 네 맘
It’s all up to you
하나만 선택해 어서 YES or YES",https://www.melon.com/song/detail.htm?songId=31403163,https://cdnimg.melon.co.kr/cm/album/images/102/19/298/10219298_500.jpg/melon/resize/48/quality/80/optimize
Love Shot,EXO,"차갑도록 서롤 겨눈 채
날이 선 듯 그 목소리엔
숨막히는 것만 가득해
Oh oh oh oh oh
Aye ye
눈을 가린 채로 그렇게
굳게 닫아버린 서로의
맘이 애써 외면하는 걸
Ah 타들어가
갈라질 듯 숨이 막혀와
갈증이 나
이 한 잔을 가득히 담아
넘칠 듯한
위태론 오늘 밤을 난
It's the love shot
Na nanana nananana
Na nanana nanana
Na nanana nananana
Oh oh oh oh oh
It's the love shot
Na nanana nananana
Na nanana nanana
Na nanana nananana
Oh oh oh oh oh
It's the love shot
비틀려버린 love & hate
아름다웠던 기억들
하얗게 물들여져
조금씩 바래어가
매일 더 깊어져
calm down
상처가 되는 말과
검게 타버린 마음
Where is love
Yeah yeah yeah yeah
눈과 귀를 막고
억지로 헤매봐도
결국 정답은 love
too much ego에
주린 배를 불리고
비어버린 한 잔의
compassion
이제 다시 채워 들어보자 다
It's the love shot
Na nanana nananana
Na nanana nanana
Na nanana nananana
Oh oh oh oh oh
It's the love shot
Na nanana nananana
Na nanana nanana
Na nanana nananana
Oh oh oh oh oh
It's the love shot
People come and people go
세상에 멈춰선 너와 난
무뎌진 감정들에
서서히 익숙해져가
심장이 타
메마르다 갈라질 듯한
믿음에 난
너로 적셔 틈을 채워가
꺼질 듯한
내 맘에 불을 붙여놔
Yeah
It's the love shot
Na nanana nananana
Na nanana nanana
Na nanana nananana
Oh oh oh oh oh
It's the love shot
Na nanana nananana
Na nanana nanana
Na nanana nananana
Oh oh oh oh oh
It's the love shot",https://www.melon.com/song/detail.htm?songId=31492319,https://cdnimg.melon.co.kr/cm/album/images/102/32/781/10232781_500.jpg/melon/resize/48/quality/80/optimize
Goodbye,박효신,"멀어져 가는 오후를 바라보다
스쳐 지나가 버린 그때 생각이나
기억 모퉁이에 적혀 있던 네가
지금 여기에 있다
이젠 멈춰버린 화면 속에서
내게 여름처럼 웃고 있는 너
어쩌면 이번이 마지막
Goodbye
오래 머물러 주어서 고마워
이 말이 뭐라고 그렇게 어려웠을까
이제 Goodbye
우린 다른 꿈을 찾고 있던 거야
아주 어린 날 놀던 숨바꼭질처럼
해가 저물도록 혼자 남은 내가
지금 여기에 있다
이미 멈춰버린 화면 속에서
내게 여름처럼 웃고 있는 너
어쩌면 이번이 마지막
Goodbye
오래 머물러 주어서 고마워
이 말이 뭐라고 이렇게 힘들었을까
손에 꼭 쥐었던
너와의 Goodbye
끝내 참지 못한 눈물이 나
어쩌면 오늘이 마지막
Goodbye
함께 했던 모든 날이 좋았어
이 말이 뭐라고 그렇게 어려웠을까
이제 Goodbye
Goodbye",https://www.melon.com/song/detail.htm?songId=31777113,https://cdnimg.melon.co.kr/cm/album/images/102/81/385/10281385_500.jpg/melon/resize/48/quality/80/optimize
