title,singer,lyric
Coming Back,싸이 (PSY),"20 22
PSY Coming back (이리 오너라)

Long time no see huh?
오래간만이지 huh?
우리 다시 웃고 울고 지지고 볶고
Let’s get loco

Pandemic's over uh
그래 기분이 오져 uh
다시 그분이 오죠 uh
Everybody say

뻑적지근해
걸쩍지근해
시끌벅적거리네
너무 좋아 북적거리네
동서남북 Aye
강남강북 Aye
싹 다 모여 Throw yo hands in the air
I say yeah

Can you feel it?
Can you feel it?
Oh oh woo yeah Oh woo oh

Can you feel it?
Can you feel it?
Oh oh woo yeah Ah

준비하시고 (Go) 쏘세요 (Oh)
That that I like that (Like that)
기분 좋아 Babe (Babe)
흔들어 좌 우 위 아래로 (Sing it)
One two three to the four (Sing it)

That that I like that
That that I like that babe
That that I like that
It’s like that that yo

That that I like that
That that I like that babe
That that I like that
It’s like that

야 내가 뭐 하는 사람인지 까먹었지?
That that I like that (Like that)
시간이 지나도 변함없이
That that I like that (Like that)
I don't care I don't care that I like that
That that I like that (Like that)
내가 바라보고 바라왔던 사람들아
모두 다 Ready set go
되려 늘어난 맷집 때리던 분이 불편하겠지
너네 바람대로 망할 거라 고사 지낸
사람들을 모아다가 가볍게 때찌
적당히 하라고 Oh oh oh
그냥 닥치고 다 같이 놀아보자고 Oh oh oh
민윤기와 박재상

Can you feel it?
Can you feel it?
Oh oh woo yeah Oh woo oh

Can you feel it?
Can you feel it?
Oh oh woo yeah Ah

준비하시고 (Go) 쏘세요 (Oh)
That that I like that (Like that)
기분 좋아 Babe (Babe)
흔들어 좌 우 위 아래로 (Sing it)
One two three to the four (Sing it)

That that I like that
That that I like that babe
That that I like that
It’s like that that yo

That that I like that
That that I like that babe
That that I like that
It’s like that that yo

Do what you wanna
Say what you wanna
Do what you wanna (Say what?)
That that I like that babe

Do what you wanna
Say what you wanna
Do what you wanna (Say what?)
That that I like that babe
That that I like that"
TOMBOY,(여자)아이들,"Look at you 넌 못 감당해 날
Ya took off hook
기분은 Coke like brrr
Look at my toe 나의 Ex 이름 Tattoo
I got to drink up now 네가 싫다 해도 좋아

Why are you cranky, boy?
뭘 그리 찡그려 너
Do you want a blond barbie doll?
It’s not here, I’m not a doll

미친 연이라 말해 What’s the loss to me ya
사정없이 까보라고 You’ll lose to me ya
사랑 그깟 거 따위 내 몸에 상처 하나도 어림없지
너의 썩은 내 나는 향수나 뿌릴 바엔

Ye I’m a Tomboy (Umm ah umm)
Ye I’ll be the Tomboy (Umm ah)
This is my attitude
Ye I’ll be the Tomboy

I don’t wanna play this ping pong
I would rather film a Tik Tok
Your mom raised you as a prince
But this is queendom, right?
I like dancing, I love ma friends
Sometimes we swear without cigarettes
I like to eh on drinking whiskey
I won’t change it, what the hell?

미친 척이라 말해 What’s the loss to me ya
사정없이 씹으라고 You’re lost to me ya
사랑 그깟 거 따위 내 눈에 눈물 한 방울 어림없지
너의 하찮은 말에 미소나 지을 바엔

Ye I’m a Tomboy (Umm ah umm)
Ye I’ll be the Tomboy (Umm ah)
This is my attitude
Ye I’ll be the Tomboy

Said you get it?
You get the song right, you’ll get what I mean “Tomboy”

La la la la la la la la la
La la la la la la la la la

La la la la la la la la la
La la la la la la la la la
(Three, two, one)

It’s neither man nor woman
Man nor woman
It’s neither man nor woman
(Just me I-DLE)

It’s neither man nor woman
Man nor woman
It’s neither man nor woman
(Just me loving Tomboy)"
LOVE DIVE,IVE (아이브),"네가 참 궁금해 그건 너도 마찬가지
이거면 충분해 쫓고 쫓는 이런 놀이
참을 수 없는 이끌림과 호기심
묘한 너와 나 두고 보면 알겠지

Woo 눈동자 아래로
Woo 감추고 있는 거
Woo yeah It’s so bad It’s good
난 그 맘을 좀 봐야겠어

Narcissistic, my god I love it
서로를 비춘 밤
아름다운 까만 눈빛 더 빠져 깊이
(넌 내게로 난 네게로)
숨 참고 love dive

Woo lalalalalalala
Woo 어서 와서 love dive
Woo oh perfect sacrifice yeah
숨 참고 love dive

마음은 이렇게 알다가도 모르지
사랑이라는 건 한순간에 필 테니
직접 들어와 두 눈으로 확인해
내 맘 가장 깊은 데로 오면 돼

Woo 망설일 시간은
Woo 3초면 되는 걸
Woo yeah It’s so bad It’s good
원하면 감히 뛰어들어

Narcissistic, my god I love it
서로를 비춘 밤
아름다운 까만 눈빛 더 빠져 깊이
(넌 내게로 난 네게로)
숨 참고 love dive

Woo lalalalalalala
Woo 어서 와서 love dive
Woo oh perfect sacrifice yeah
숨 참고 love dive

숨 참고 love dive
숨 참고 love dive
숨 참고 love dive
숨 참고 love dive

Woo lalalalalalala
Woo 어서 와서 love dive
Woo oh perfect sacrifice yeah
숨 참고 love dive"
봄여름가을겨울 (Still Life),BIGBANG (빅뱅),"이듬해 질 녘 꽃 피는 봄 한여름 밤의 꿈
가을 타 겨울 내릴 눈 1년 네 번 또다시 봄

정들었던 내 젊은 날 이제는 안녕
아름답던 우리의 봄 여름 가을 겨울

“Four seasons with no reason.”
비 갠 뒤에 비애(悲哀) 대신 a happy end
비스듬히 씩 비웃듯 칠색 무늬의 무지개
철없이 철 지나 철들지 못해(still)
철부지에 철 그른지 오래, Marchin’ 비발디
차이코프스키, 오늘의 사계를 맞이해
마침내, 마치 넷이 못내

Boy 저 하늘만 바라보고서
사계절 잘 지내고 있어 Good-bye
떠난 사람 또 나타난 사람
머리 위 저세상
난 떠나 영감의 amazon
지난 밤의 트라우마 다 묻고
목숨 바쳐 달려올 새 출발 하는 왕복선
변할래 전보다는 더욱더
좋은 사람 더욱더
더 나은 사람 더욱더
아침 이슬을 맞고 내 안에 분노 과거에 묻고
For Life

울었던 웃었던 소년과 소녀가 그리워 나
찬란했던 사랑했던 그 시절만 자꾸 기억나

계절은 날이 갈수록 속절없이 흘러
붉게 물들이고 파랗게 멍들어 가슴을 훑고

언젠가 다시 올 그날 그때를 위하여 (그대를 위하여)
아름다울 우리의 봄 여름 가을 겨울

La la la la la la la la la la la
La la la la la la la la la la la
La la la la la la la la la la la
La la la la la la la la la la la

이듬해 질 녘 꽃 피는 봄 한여름 밤의 꿈
가을 타 겨울 내린 눈 봄 여름 가을 겨울"
사랑인가 봐,멜로망스,"너와 함께 하고 싶은 일들을
상상하는 게
요즘 내 일상이 되고
너의 즐거워하는 모습을 보고 있으면
자연스레 따라 웃고 있는 걸
너의 행동에 설레어하고 뒤척이다가
지새운 밤이 많아지는데
이건 누가 봐도 사랑일 텐데
종일 함께면 질릴 텐데
나 돌아서도 온통 너인 건
아무래도 사랑인가 봐
점점 너와 하고 싶은 일들 생각하면서
하룰 보낸 날이 많아지는데
이건 누가 봐도 사랑일 텐데
종일 함께면 질릴 텐데
나 돌아서도 온통 너인 건
아무래도 사랑인가 봐
너의 행복해하는 모습을 보고 있으면
나도 모르게 따라 웃는데
이 정도면 알아줄 만하잖아
너도 용기 낼만 하잖아
나만 이런 게 아니라면
우리 만나볼 만하잖아
아무래도 사랑인가 봐"
정이라고 하자 (Feat. 10CM),BIG Naughty (서동현),"Back to the day
갓 10대가 됐을 때
그때 내가 널 보지 못했다면
어땠을까 해
왜인지 외로워지는 밤에 You say
흐린 추억 속에 네게 안겨 잠드네
Yeah 친구들과의 술자리
나는 또 네 얘기를 꺼내
보고 싶다는 넋두리에
친구들 답은 뻔해
10년도 더 된 애를 사랑할 수 있냬
이제 그만 잊으래
근데 그게 잘 안돼
그래 걔 말마따나
넌 아담의 사과일 수도
But 난 신을 안 믿으니까
네 전화 바로 픽업
지금 주소 찍어
어디든 상관없어 다 갈 테니까
그건 사랑이 아냐
그건 미련이 아냐
그냥 정이라고 하자
임마 네가 뭘 알아
이건 사랑이 맞아
분명 약속했단 말이야
I know I’m wrong
그 자리에 그대로
두고 온 기억들을
더듬고 있을 때면
You say
그건 사랑이 아냐
그건 미련이 아냐
그냥 정리하고 가자
아메리카노보단 라떼를
맛있게 내리던 네 집 앞 카페를
매일 같이 갔었었던 그때를
내려줄게 쓰지 않아 이제는
넌 매일 밤 예뻐 예뻐
해주며 날 재워 재워
식어버린 널 데워 태워
꿈에서 날 깨워 줘
버려진 기억들 속에서
쓸만한 컷들을 찾고 있어
이미 내 곁에 더는 없는 너지만
난 너를 느낄 수 있어
닿을 듯 안 닿을 듯
떠나는 뒷모습이
왜인지 행복해 보여
너라도 행복해줘
그건 사랑이 아냐
그건 미련이 아냐
그냥 정이라고 하자
임마 네가 뭘 알아
이건 사랑이 맞아
분명 약속했단 말이야
I know I’m wrong
그 자리에 그대로
두고 온 기억들을
더듬고 있을 때면
You say
그건 사랑이 아냐
그건 미련이 아냐
그냥 정리하고 가자
그건 사랑이 아냐
그건 미련이 아냐
그냥 정이라고 하자
임마 네 말이 맞아
이건 사랑이 아냐
그냥 정리하고 가자"
나의 X에게,경서,"우리 다시 만날래
예쁘게 빛나던
모든 추억들이
너무 그리워
너의 품에 안길래
이 밤이 새도록
네게 말할 거야
너를 좋아한다고
안녕 그대야
요즘 어떻게 지내
가로수길 걷다가
생각이 나서
행복해 보이는 사람들 속에
우리 둘만 없어서
어색했었어
늘 집에 갈 땐
항상 뒤돌아보면
날 보며 웃어주던
네가 생각났어
우리 다시 만날래
예쁘게 빛나던
모든 추억들이
너무 그리워
너의 품에 안길래
이 밤이 새도록
네게 말할 거야
너를 좋아한다고
토요일마다 가던
한강공원에
이어폰 하나씩
나눠끼고서
벚꽃엔딩같이 듣고 있으면
부러울 게 없었어
너만 있으면
널 사랑할 때
내가 너무 그리워
날 보며 웃어주던
네가 보고 싶어
우리 다시 만날래
예쁘게 빛나던
모든 추억들이
너무 그리워
너의 품에 안길래
이 밤이 새도록
네게 말할 거야
너를 좋아한다고
같이 별 보러 갈래
널 다시 만나면
네 옆에 기대서
잠들고 싶어
너의 품에 안길래
이 밤이 새도록
내 곁에 있어줘
내겐 너뿐이라고"
Feel My Rhythm,Red Velvet (레드벨벳),"Red Velvet

무도회를 뒤집어
작은 소란을 또 일으켜
This is gonna be a crazy night
(To-na-na-na-na-na-night)

등장부터 인사까지 파격적이게
우리 살짝 놀아볼까
솔직하게 Bae bae
지금부터 시작해 볼게
(Feel my vibe and sway)

꽃가루를 날려
폭죽을 더 크게 터트려
우릴 오만과 편견에 가두지 마
자유로워 지금

Feel my rhythm Come with me
상상해 봐 뭐든지
노래를 따라서 저 달빛에 춤을 춰
바로 지금 (Play my rhythm)

Follow follow my heartbeat
해가 떠올 때까지
Feel my rhythm 멈추지 말아 줘
이 순간을 놓지 마 Baby

차는 Old and Classic
(Just ride)
이제 조금 낯선 다른 차원까지
(Get loud)
상상할 수 없던 곳 시간 속
예고 없이 등장해
이 밤은 멋지고 우린
Fun and wild and brave

시선을 끄는 네 Motion
G-give me a new direction
끝없는 Black hole처럼
빠져드는 Sweet emotion
너를 태운 채 (Sway)
어디로든 떠날래 (Way)
온 세상 모든 경계를
다 휘저을래 (Oh yeah)

꽃가루를 날려
(흩날려)
Champagne을 더 크게 터트려
(마음껏)
더는 어제와 내일에 가두지 마
자유로워 지금

Feel my rhythm Come with me
상상해 봐 뭐든지
노래를 따라서 저 달빛에 춤을 춰
바로 지금 (Play my rhythm)

Follow follow my heartbeat
해가 떠올 때까지
Feel my rhythm 멈추지 말아 줘
이 순간을 놓지 마 Baby

온 세상이 멈추는 순간
What a what a feeling
어서 내 손을 잡아
(All right)
본 적 없던 Film
빠져드는 You and I
Next time 시계를 돌려
어디로 가볼까
Come on 또다시 시작해
You and I

Feel my rhythm Come with me
상상해 봐 뭐든지
노래를 따라서 저 달빛에 춤을 춰
바로 지금 (Play my rhythm)

Follow follow my heartbeat
해가 떠올 때까지
Feel my rhythm 끝나지 않는 꿈
이 순간을 놓지 마 Baby"
LOVE me,BE'O (비오),"Hey girl, Where you at? (Where you at?)
대체 어디서 뭐 하는지 궁금해
기분이 너무 Bad Bad (So bad)
침대가 허전해 잠이 안 오잖아

재미도 없어 TV show
너 데리고 놀던 Pretty boy
그 고민을 내게 털어놓던
너의 표정이 아직 선명해

소파에 벤 니 향기가 비릿해
내 몸이 자꾸 빠져 깊이 Yeah
미리 알아도 난 이리
멍청하게 행동을 해버린다니까

Oh please
Love me love me love me
I know, I'm stupid
어쩔 수 없어 널 보고 싶은걸

Oh please
Love me love me love me
I know, I'm stupid
어쩔 수 없어 널 보고 싶은걸

Now I say I love you
So I love you
Now I say I love you
나 아프더라도 몰라

Now I say I love you
So I love you
Now I say I love you
나 아프더라도 몰라

Oh please
Love me love me love me
I know, I'm stupid
어쩔 수 없어 널 보고 싶은걸

Oh please
Love me love me love me
I know, I'm stupid
어쩔 수 없어 널 보고 싶은걸
Now I say I love you

Try Try
말할까 내 불안에 불안을
끊겼다는 Wi-Fi
이젠 안 믿어 Lie Lie
매일 빠져있던 너의 반지같이
허전함 사이사이
그 자리의 기회를
아무에게나 주고 또 Bye Bye

너는 넘 빨리 들렀다 가기 땜에
나는 타이밍 안 맞아 매일 바삐
화를 내야 할지 아니면 그냥 아기처럼
울어버리고서 떼를 써야 할지

I don't know 아예 모르겠어
이러니 내가 노력해도
시간이 없으니 어쩌겠어
할 말이 하나밖에 더 있겠어

Oh please
Love me love me love me
I know, I'm stupid
어쩔 수 없어 널 보고 싶은걸

Oh please
Love me love me love me
I know, I'm stupid
어쩔 수 없어 널 보고 싶은걸

Now I say I love you
So I love you
Now I say I love you
나 아프더라도 몰라

Now I say I love you
So I love you
Now I say I love you
나 아프더라도 몰라

Oh please
Love me love me love me
I know, I'm stupid
어쩔 수 없어 널 보고 싶은걸

Oh please
Love me love me love me
I know, I'm stupid
어쩔 수 없어 널 보고 싶은걸
Now I say I love you

Oh please
Love me love me love me

Oh please
Love me love me love me

Oh please
Love me love me love me
I know, I'm stupid
어쩔 수 없어 널 보고 싶은걸
Now I say I love you"
취중고백,김민석 (멜로망스),"뭐하고 있었니 늦었지만
잠시 나올래
너의 집 골목에 있는
놀이터에 앉아 있어
친구들 만나서 오랜만에
술을 좀 했는데
자꾸만 니 얼굴 떠올라
무작정 달려왔어
이 맘 모르겠니
요즘 난 미친 사람처럼
너만 생각해
대책없이 네가 점점 좋아져
아냐 안 취했어 진짜야
널 정말 사랑해
눈물이 날만큼 원하고 있어
정말로 몰랐니
가끔 전화해 장난치듯
주말엔 뭐할거냐며
너의 관심 끌던 나를
그리고 한번씩 누나 주려 샀는데
너 그냥 준다고
생색 낸 선물도 너 때문에 산거야
이 맘 모르겠니
요즘 난 미친 사람처럼
너만 생각해
대책없이 네가 점점 좋아져
아냐 안 취했어 진짜야
널 정말 사랑해
진심이야 믿어줘
갑자기 이런 말 놀랐다면 미안해
부담이 되는게 당연해
이해해 널
하지만 내 고백도 이해해 주겠니 oh
지금 당장 대답하진마
나와 일주일만 사귀어줄래
후회없이 잘 해주고 싶은데
그 후에도 니가 싫다면
나 그때 포기할게
귀찮게 안할게 혼자 아플게
진심이야 너를 사랑하고 있어"
GANADARA (Feat. 아이유),박재범,"길거리를 걷다 보면
사랑 노래만 흘러나와
나는 왜 저런 게 낯설까
난 한국말까지 서툴러
번역기도 전혀 도움 안 돼
네 맘엔 어떨까 걱정만
어떤 단어를 쓸지 I don’t know
어떤 말을 할지 I don’t know
나는 왜 이런지 I don’t know
You’re on my mind
어떤 단어를 쓸지 I don’t know
어떤 말을 할지 I don’t know
나는 왜 이런지 I don’t know
You’re on my mind
Baby 정말 생각 안 나
Body language로 자신 있어
보여줄게
girl just give me some your time
너를 보면 손에 땀 나
긴장 풀게 한 번 웃어줘
Let me take u on a magic carpet ride
손을 잡아 따라와
맑은 날씨 보름달
가르쳐줘 오늘 밤
가나다라마바사
손을 잡아 따라와
맑은 날씨 보름달
가르쳐줘 오늘 밤
가나다라마바사
너무 완벽하지 않아도
걱정 마 네 맘을 조금 알 것 같아
네게 좀 더 다가서 볼까
고민해 매일 밤
길거리를 걷다 보면
계속 계속 네 생각이 나
이런 내 모습이 왜 낯설까
번역기 위에서
헤매는 네 손가락까지
자꾸만 생각이 나는 걸
Body language도 나는 괜찮아
But 생각 안 나면 그냥 웃어줘
모든 것을 알려줄게 오늘 밤
내가 나쁜 남자처럼 보여도
너를 볼 때면 맘이 여려져
I wouldn’t mind if I died in your arms
손을 잡아 따라와
맑은 날씨 보름달
가르쳐줘 오늘 밤
가나다라마바사
손을 잡아 따라와
맑은 날씨 보름달
가르쳐줘 오늘 밤
가나다라마바사
손을 잡아 따라와
맑은 날씨 보름달
가르쳐줘 오늘 밤
가나다라마바사
손을 잡아 따라와
맑은 날씨 보름달
가르쳐줘 오늘 밤
가나다라마바사"
FEARLESS,LE SSERAFIM (르세라핌),"Bam ba ba ba ba bam ba ba ba ba bam
Ba ba ba ba bam
Bam ba ba ba ba bam ba ba ba ba bam
Ba ba ba ba bam

제일 높은 곳에 난 닿길 원해 느꼈어 내 answer
내 혈관 속에 날뛰는 new wave 내 거대한 passion
관심 없어 과거에 모두가 알고 있는 그 트러블에 huh
I'm fearless a new b**ch new crazy 올라가 next one

밟아줘 highway highway
멋진 결말에 닿게
내 흉짐도 나의 일부라면
겁이 난 없지 없지

What you lookin’ at
What you what you lookin’ at
What you lookin’ at
What you what you lookin’ at
What you lookin’ at
What you what you lookin’ at
Mmmm I’m fearless huh

You should get away
Get a get a get away
다치지 않게 다치 다치지 않게
You should get away
Get a get a get away
Mmmm I’m fearless huh

Bam ba ba ba ba bam ba ba ba ba bam
Ba ba ba ba bam
Bam ba ba ba ba bam ba ba ba ba bam
Ba ba ba ba bam

욕심을 숨기라는 네 말들은 이상해
겸손한 연기 같은 건 더 이상 안 해
가져와 forever win 내게 ay
가슴팍에 숫자 1 내게 ay
내 밑으로 조아린 세계 ay
Take the world break it down break you down down

밟아줘 highway highway
멋진 결말에 닿게
내 흉짐도 나의 일부라면
겁이 난 없지 없지

What you lookin’ at
What you what you lookin’ at
What you lookin’ at
What you what you lookin’ at
What you lookin’ at
What you what you lookin’ at
Mmmm I’m fearless huh

You should get away
Get a get a get away
다치지 않게 다치 다치지 않게
You should get away
Get a get a get away
Mmmm I’m fearless huh

Bam ba ba ba ba bam ba ba ba ba bam
Ba ba ba ba bam
Bam ba ba ba ba bam ba ba ba ba
Mmmm I’m fearless huh

더는 없어 패배
준비된 내 payback
Bring it 당장 내게
Mmmm I’m fearless huh

What you lookin’ at
What you what you lookin’ at
What you lookin’ at
What you what you lookin’ at
What you lookin’ at
What you what you lookin’ at
Mmmm I’m fearless huh

You should get away
Get a get a get away
다치지 않게 다치 다치지 않게
You should get away
Get a get a get away
Mmmm I’m fearless huh"
사랑은 늘 도망가,임영웅,"눈물이 난다 이 길을 걸으면
그 사람 손길이 자꾸 생각이 난다
붙잡지 못하고 가슴만 떨었지
내 아름답던 사람아
사랑이란 게 참 쓰린 거더라
잡으려 할수록 더 멀어지더라
이별이란 게 참 쉬운 거더라
내 잊지 못할 사람아
사랑아 왜 도망가
수줍은 아이처럼
행여 놓아버릴까 봐
꼭 움켜쥐지만
그리움이 쫓아 사랑은 늘 도망가
잠시 쉬어가면 좋을 텐데
바람이 분다 옷깃을 세워도
차가운 이별의 눈물이 차올라
잊지 못해서 가슴에 사무친
내 소중했던 사람아
사랑아 왜 도망가
수줍은 아이처럼
행여 놓아버릴까 봐
꼭 움켜쥐지만
그리움이 쫓아 사랑은 늘 도망가
잠시 쉬어가면 좋을 텐데
기다림도 애태움도 다 버려야 하는데
무얼 찾아 이 길을 서성일까
무얼 찾아 여기 있나
사랑아 왜 도망가
수줍은 아이처럼
행여 놓아버릴까 봐
꼭 움켜쥐지만
그리움이 쫓아 사랑은 늘 도망가
잠시 쉬어가면 좋을 텐데
잠시 쉬어가면 좋을 텐데"
ZOOM,제시 (Jessi),"Lights Camera Action

I see you lookin at my P I C (I know)
크게 땡겨 땡겨 좀 더 땡겨봐 봐 기똥차지
Zoom In, Zoom Out (OK)
Zoom In, Zoom Out (OK)
Zoom In, Zoom Out (OK)
Baby 확 가게 확대 확실하게 Oww~

I’m feelin like a million bucks yeah
Must be the million bucks yeah
오늘따라 빛이나
Selfie 찰칵하면 빛이나
Always talkin 쉿 know you like that
쫄지마 앙 물지는 않을게
Yea it’s like that, hey hey pretty lil thang
Do ya thang, I’ll be right back

(Woo) 우린 모두 사진 찍기 위해 살아
나도 그래 네 맘 알아 Aight
(Woo) 우린 모두 관심받기 위해 살아
나도 그래 네 맘 알아 Aight!

Lights Camera Action Baby

I see you lookin at my P I C (I know)
크게 땡겨 땡겨 좀 더 땡겨봐 봐 기똥차지
Zoom In, Zoom Out (OK)
Zoom In, Zoom Out (OK)
Zoom In, Zoom Out (OK)
Baby 확 가게 확대 확실하게 Oww~

Do you like all my clothes and my bags?
옷을 입고 가방 멨을 뿐인데?
Why you like it when I’m sad or I’m mad?
I don’t give uh, cuz I’ma bad
빛이 빛이 나는 Wishlist 항상 일 Pick
물어보지 좀 마 언니 뭐야 립스틱?
It’s funny how you always talking money
But always playin a dummy
Yous a bummy beggin yo mummy for money

Oh He looks good in that louis louis
Oh She a cutie with a booty booty
Screenshot 저장해 놔둘래?
Goddamn 실화냐? 허리둘레?

됐어 다음 다음 난 무덤덤
Eat it up 먹방
Watch you chow down 셋, 둘, 하나 Cheese
Take a couple pics and a couple of flicks

(Woo) 우린 모두 사진 찍기 위해 살아
나도 그래 네 맘 알아 Aight
(Woo) 우린 모두 관심받기 위해 살아
나도 그래 네 맘 알아 Aight!

Lights Camera Action Baby

I see you lookin at my P I C (I know)
크게 땡겨 땡겨 좀 더 땡겨봐 봐 기똥차지
Zoom In, Zoom Out (OK)
Zoom In, Zoom Out (OK)
Zoom In, Zoom Out (OK)
Baby 확 가게 확대 확실하게 Oww~

Wait... OMG I’m such a catfish"
INVU,태연 (TAEYEON),"Falling in love
너에겐 난 Option
시작부터 다른 너와 나
깨지는 Heart
빗나간 네 Mention
익숙하거든

I think I lost my mind
But It’s my kind of love
아끼지 않고 다
쏟아내고는 주저앉아
문득 어느 순간
지친 내가 보여
애쓰고 있지만

So I can’t love you
Even though I do
밀어내 봐도
난 너를 못 이겨

날 버리고
날 잃을수록
넌 반짝이는 아이러니

So I N V U
I N V U
I N V U

기대지 마
기대하지도 마
몇 번을 되뇌고 되놰도
그 손길 한 번에
무너지는 날 볼 때
네 기분은 어때

I guess I lost my mind
Yeah It’s my kind of love
늘 처음인 것처럼
서툴러서 또 상처가 나
무뎌지기 전에
아물기도 전에
잔뜩 헤집어놔

So I can’t love you
Even though I do
밀어내 봐도
난 너를 못 이겨

날 버리고
날 잃을수록
넌 반짝이는 아이러니

So I N V U
I N V U
I N V U

식은 온기
부서진 맘이
자꾸 날 할퀴어
아파도 못 멈춰
So when you leave
Please make it easy
Cause I N V U

I N V U
I N V U
I N V U

I N V U"
신호등,이무진,"이제야 목적지를 정했지만
가려한 날 막아서네 난 갈 길이 먼데
새빨간 얼굴로 화를 냈던
친구가 생각나네
이미 난 발걸음을 떼었지만
가려한 날 재촉하네 걷기도 힘든데
새파랗게 겁에 질려 도망간
친구가 뇌에 맴도네
건반처럼 생긴 도로 위
수많은 동그라미들 모두가
멈췄다 굴렀다 말은 잘 들어
그건 나도 문제가 아냐
붉은색 푸른색 그 사이
3초 그 짧은 시간
노란색 빛을 내는
저기 저 신호등이
내 머릿속을 텅 비워버려
내가 빠른지도
느린지도 모르겠어
그저 눈앞이 샛노랄 뿐이야
솔직히 말하자면 차라리
운전대를 못 잡던 어릴 때가
더 좋았었던 것 같아
그땐 함께 온 세상을
거닐 친구가 있었으니
건반처럼 생긴 도로 위
수많은 조명들이 날 빠르게
번갈아 가며 비추고 있지만
난 아직 초짜란 말이야
붉은색 푸른색 그 사이
3초 그 짧은 시간
노란색 빛을 내는 저기 저 신호등이
내 머릿속을 텅 비워버려
내가 빠른지도
느린지도 모르겠어
그저 눈앞이 샛노랄 뿐이야
꼬질꼬질한 사람이나
부자 곁엔 아무도 없는
삼색 조명과 이색 칠 위에
서 있어 괴롭히지 마
붉은색 푸른색 그 사이
3초 그 짧은 시간
노란색 빛을 내는 저기 저 신호등이
내 머릿속을 텅 비워버려
내가 빠른지도
느린지도 모르겠어
그저 눈앞이 샛노랄 뿐이야"
듣고 싶을까,MSG워너비(M.O.M),"우리 함께 듣던 그 노랠 듣고 싶을까
듣고 나서 잠시 날 생각은 할까
아주 혹시라도 넌 내가 보고 싶을까
난 왜 니 목소리가 듣고 싶을까
뻔하디 뻔한 노랫말 여서 미안해
미안해도 부디 넌 꼭 들어줬음 해
후회도 미련도 없는 척 떠났지만
이게 내 진심인 걸 꼭 알아줬음 해
우리 함께 듣던 그 노랠 듣고 싶을까
듣고 나서 잠시 날 생각은 할까
아주 혹시라도 넌 내가 보고 싶을까
못난 내 목소리가 듣고 싶을까
말없이 다 전해지는 건 없지 난 말해 지금
몇 년째 나의 favorite one
You the only one yeah
Yes I know 무엇도 달라질 건 없지만
이게 내 진심인 걸 꼭 알아줬음 해
우리 함께 듣던 그 노랠 듣고 싶을까
듣고 나서 잠시 날 생각은 할까
아주 혹시라도 넌 내가 보고 싶을까
난 왜 니 목소리가 듣고 싶을까
Are you okay not today
천천히 대답해도 돼 i just stay
넌 내 목소리가 듣고 싶을까
누굴 만나 봐도 다시는 못할 것 같아
그립고 또 그립다 우리 그 사랑
Woo
I’m missing U
Never forget U
Never forget U
Oh no baby"
ELEVEN,IVE (아이브),"따분한 나의 눈빛이
무표정했던 얼굴이
널 보며 빛나고 있어
널 담은 눈동자는 odd

내 안에 빼곡하게 피어나는 blue
내가 지금 느끼는 이 감정들은 true
내 입술을 간지럽힌 낯선 그 이름
난 몰랐어 내 맘이 이리 다채로운지

긴 꿈을 꾸게 해 이 방은 작은 heaven
춤을 추곤 해 실컷 어지러울 만큼
Oh my, oh my god
한 칸 더 채우고 있어
잘 봐 1, 2, 3, 4, 5, 6, 7
You make me feel like eleven

투명한 너와 나의 사이
가만히 들여다보다
일렁인 물결 속으로
더 빠져드는 걸

그날 향기로운 보랏빛의 mood
셀 수 없이 반복해도 기분 좋은 꿈
감히 누가 이렇게 날 설레게 할 줄
난 몰랐어 내 맘이 이리 다채로운지

긴 꿈을 꾸게 해 이 방은 작은 heaven
춤을 추곤 해 실컷 어지러울 만큼
Oh my, oh my god
한 칸 더 채우고 있어
잘 봐 1, 2, 3, 4, 5, 6, 7
You make me feel like eleven

내 앞에 있는 너를
그 눈에 비친 나를 (그 눈에 비친 나를)
Aya, aya, aya (가만히 바라봐)
내 앞에 있는 너를
그 눈에 비친 나를
가만히 바라봐

Don't say now
서둘러 오진 마
이 순간이 좋아 난
미처 몰랐어 내 맘이 이리 다채로운지

긴 꿈을 꾸게 해 이 방은 작은 heaven
춤을 추곤 해 실컷 어지러울 만큼
Oh my, oh my god
한 칸 더 채우고 있어
잘 봐 1, 2, 3, 4, 5, 6, 7
You make me feel like eleven

내 앞에 있는 너를
그 눈에 비친 나를
Aya, aya, aya
내 앞에 있는 너를
그 눈에 비친 나를
사랑하게 됐거든"
다정히 내 이름을 부르면,"경서예지, 전건호","끝없이 별빛이 내리던 밤
기분 좋은 바람이
두 빰을 스치고
새벽 바다 한곳을 보는
아름다운 너와 나
그림을 그려갔어
모래 위 떨린 손끝으로
날 향해 웃어주는 입술
끝 모양과 저 달보다
사랑스러운 두 눈을 가진 네가
다정히 내 이름을
부르면 내 마음이
녹아내려 언제나
나 하날 위해 준비된
선물 같아 널 안으면
잠들지 않는 바다 위를
너와 함께 걷는 거 같아
하늘 아래 너와 나
남은 내 모든 날을 너에게
다 줘도 안 아까워
이제서야 내가
사랑에 눈을 뜬 건 가봐
경험하지 못했고
믿기지 않는 일만
일어나고 있는 거 아니
5월에 피는 봄꽃 처럼
내 사랑도 피어나
부는 바람에 살며시 실어 보내
다정히 내 이름을
부르면 내 마음이
녹아내려 언제나
나 하날 위해 준비된
선물 같아 널 안으면
잠들지 않는 바다 위를
너와 함께 걷는 거 같아
하늘 아래 너와 나
설레는 지금이
꿈이 아닌 걸 알잖아
난 더 바랄 게 없어
먼 훗날 내 생애
아주 작은 소리로
귓가에 말할 거야
내 곁에 머물러줘서
마음 다해 고맙다고
어떤 말로도 표현 못 할
내 인생의 전부였다고
이 순간 너를 꼭 안고
고백할게 언제나
우리 모든 날들과
별빛 아래 우리 그림자
제일로 특별하다고
길고 긴 겨울 끝을 지나
너의 앞에 서있는 지금
선명한 목소리로
널 사랑한다고
말할게"
MY BAG,(여자)아이들,"Red five diamonds in my bag
If you wanna see it, dance to a beat like that
My mama saw it and ‘Oh my god dang’
Ok I’ll show you what’s in my bag

Red five diamonds in my bag
If you wanna see it, dance to a beat like that
My mama saw it and ‘Oh my god dang’
Ok I’ll show you what’s in my bag

Uh oh I know you like it
My voice는 말해 뭐 해 God dang
Uh oh I just like it
태생부터 많은 Money 관심 없지

싸가지 없는 무대의 못된 범인의 눈빛
Fantasy란 말은 나를 빼고 다 금지
글러 먹은 너의 감 모두 나를 위한 밥
독한 Vibe sugar high 맛 좀 봐라 모두 Die

Rum-rum-rum Rumble 다 Crumble
이 Voice는 Drum에도 No lose
No no no lovely I’m Bumblebee
그냥 훅 들어갈 뿐 안 해 One, two

I never had 겁 a.k.a “Giant dog”
아차 하고 쓰다듬은 다쳐 이건 어쩜 범
I value my love 그만 두들겨 너
머리 빈 멍청이들과는 노는 물이 전혀 달라 Ye you know

Red five diamonds in my bag
If you wanna see it, dance to a beat like that
My mama saw it and ‘Oh my god dang’
Ok I’ll show you what’s in my bag

Red five diamonds in my bag
If you wanna see it, dance to a beat like that
My mama saw it and ‘Oh my god dang’
Ok I’ll show you what’s in my bag

가벼운 건 No no
공포에는 덤덤
나쁜 놈에겐 월월
덤벼봐라 Come come

I’m a cool lady 유일무이 캐릭
네가 벌벌 떠는 언니들 사이 Boss baby
넘치는 Jealousy
But that’s too early
내 피부부터 Young한 것은 언급하기도 귀찮네

존재가 Princess 어쩌면 범죄
넘치는 Bullet 맘을 관통해
향기는 Like rose and beautiful red
화가 난 가시의 그대 Blood ye

아직 읽지 않은 연락들은 앞으로도 읽지 않을 거니
헛된 희망들은 저기 버려두길
You know say no

Red five diamonds in my bag
If you wanna see it, dance to a beat like that
My mama saw it and ‘Oh my god dang’
Ok I’ll show you what’s in my bag

Red five diamonds in my bag
If you wanna see it, dance to a beat like that
My mama saw it and ‘Oh my god dang’
Ok I’ll show you what’s in my bag"
STAY,"The Kid LAROI, Justin Bieber","I do the same thing I told you
that I never would
I told you I'd change
even when I knew I never could
I know that I can't find
nobody else
as good as you
I need you to stay
need you to stay hey Oh
I get drunk wake up
I'm wasted still
I realize the time
that I wasted here
I feel like you can't
feel the way I feel
Oh I'll be fucked up
if you can't be right here
Oh ooh-woah
Oh ooh-woah ooh-woah
Oh ooh-woah
Oh ooh-woah ooh-woah
Oh ooh-woah
Oh ooh-woah ooh-woah
Oh I'll be fucked up
if you can't be right here
I do the same thing I told you
that I never would
I told you I'd change
even when I knew I never could
I know that I can't find
nobody else
as good as you
I need you to stay
need you to stay hey
I do the same thing I told you
that I never would
I told you I'd change
even when I knew I never could
I know that I can't find
nobody else
as good as you
I need you to stay
need you to stay hey
When I'm away from you
I miss your touch Ooh
You're the reason
I believe in love Ooh
It's been difficult
for me to trust Ooh
And I'm afraid
that I'ma fuck it up Ooh
Ain't no way
that I can leave you stranded
'Cause you ain't ever left me
empty-handed
And you know that I know
that I can't live without you
So baby stay
Oh ooh-woah
Oh ooh-woah ooh-woah
Oh ooh-woah
Oh ooh-woah ooh-woah
Oh ooh-woah
Oh ooh-woah ooh-woah
I'll be fucked up
if you can't be right here
I do the same thing I told you
that I never would
I told you I'd change
even when I knew I never could
I know that I can't find
nobody else
as good as you
I need you to stay
need you to stay hey
I do the same thing
I told you that I never would
I told you I'd change
even when I knew I never could
I know that I can't find
nobody else
as good as you
I need you to stay
need you to stay hey
Woah-oh
I need you to stay
need you to stay hey"
우리들의 블루스,임영웅,"잊지는 말아요 함께 했던 날들
눈물이 날 때면
그대 뒤를 돌아보면 돼요
아프지 말아요 쓸쓸한 마음에
힘든 일이 참 많았죠 그대에겐
내가 곁에 있을게요
그댈 위해 노래할게요
잊지 말아요
그댈 위해 약속할게요
언젠가 우리 시간 지나면
알게 되겠죠
그땐 웃을 수 있죠 나 약속할게요
그땐 미소 짓겠죠
작은 행복까지 모두
외롭고 지칠 때 손잡아 줄게요
슬픔이 짙어질 때면 위로해 줄
그 한 사람이 될게요
그대 부디 울지 말아요
슬퍼 말아요
그대에게 빛이 될게요
언젠가 우리 시간 지나면
알게 되겠죠
그땐 웃을 수 있죠 나 약속할게요
폭풍 속에 혼자 남아 헤매도 오
길이 되어 지킬게요 그대
그댈 위해 노래할게요
잊지 말아요
그댈 위해 약속할게요
어두운 길을 밝게 비추는
그대의 빛이 될게요"
That's Hilarious,Charlie Puth,"Verse 1:
Look how all tables,
Look how all the tables have turned,
Guess you’re finally realizing how bad you messed it up
Girl you’re only making,
Girl you’re only making it worse,
When you call like you always do when you want someone


Pre-Chorus:
You took away a year,
of my fucking life and I can’t get it back no more
So when I see those tears,
Coming out your eyes I hope it’s me there for


Chorus:
You didn’t love when you had me
But now you need me so badly
You can’t be serious
That’s hilarious
Thinking I would still want you
After the things you put me through
Yea You’re delirious
That’s hilarious


Verse 2:
Now you put the blame in,
Now you put the blame in reverse,
Tryina make me feel guilty for everything you’ve done
You’re another lesson,
You’re just another lesson I learned
Don’t give your heart to a girl who still got a broken one


Pre-Chorus:
You took away a year,
of my fucking life & I can’t get it back no more
So when I see those tears,
Coming out your eyes I hope it’s me there for


Chorus:
You didn’t love when you had me
But now you need me so badly
You can’t be serious
That’s hilarious
Thinking I would still want you
After the things you put me through
Yea You’re delirious
That’s hilarious
You didn’t love when you had me
But now you need me so badly
You can’t be serious (you can’t be serious)
That’s hilarious (that’s hilarious)
Thinking I would still want you
After the things you put me through
Yea You’re delirious (delirious)
That’s hilarious (that’s hilarious)"
너를 생각해,주시크 (Joosiq),"너를 들려주고 싶었어
이 노랠 만들 때
아마 니가 정말 많이 좋아할꺼야
이젠 내겐 니가 없어서
나 혼자 불러도
혹시 듣게 되면 그게 니 얘기라고
난 노랠 만들 땐
늘 너를 생각해
어딘가 혼자 진지한 표정
고개를 끄덕거리고 나선
항상 흥얼거리며 따라 불렀어
나를 보며 신나있던 너에게
불러주고 싶던 노래를
왜 이제야 겨우 완성했을까
이 노랜 널 사랑한다는 내 얘기가
잔뜩 들어갔어야 하는 노랜데
너를 들려주고 싶었어
이 노랠 만들 때
아마 니가 정말 많이 좋아할꺼야
이젠 내겐 니가 없어서
나 혼자 불러도
혹시 듣게 되면 그게 니 얘기라고
니가 자주 가곤했던 카페에
이 노래가 나올 때까지
니 친구가 따라 부를 때까지
이 노랠 유명해지게 계속 불러서
나는 너에게로 꼭 닿고 말거야
너를 들려주고 싶었어
이 노랠 만들때
아마 니가 정말 많이 좋아할꺼야
이젠 내겐 니가 없어서
나 혼자 불러도
혹시 듣게 되면 그게 니 얘기라고
너를 사랑할땐 몰랐던
바보라 미안해
아마 이걸 듣고 너는 원망하겠지
이젠 내가 많이 잘할게
너 혼자 울지마
혹시 듣게 되면 아직 너뿐이라고"
언제나 사랑해,케이시 (Kassy),"둘이 손잡고 걸을 때
마주 보며 또 웃을 때
사랑한다 말하지 않아도 알아
널 만나러 가는 길에
내 입가에 늘 환한 미소만이
흐르고 있어
사랑해 너를 사랑해
눈물 나도록 사랑해
저기 밤하늘의 별보다
보석보다 네가 더 소중해
얼마나 내가 얼마나 너를 사랑하는지
내 모든 걸 너에게 줄게
속상하고 힘이 들 때
열이 나고 아파할 때
옆에서 늘 힘이 돼준 사람 너야
집에 돌아오는 길에
내 귓가엔 늘 너의 음성만이
흐르고 있어
사랑해 너를 사랑해
눈물 나도록 사랑해
저기 밤하늘의 별보다
보석보다 네가 더 소중해
얼마나 내가 얼마나 너를 사랑하는지
내 모든 걸 너에게 줄게
세월 지나 많이 변했을 때
미운 나의 손을 잡아줄 사람
먼 훗날 아주 먼 훗날
우리 눈 감는 그날에
나를 사랑해 준 너에게 고맙다고
후회는 없다고
사랑해 나만의 사랑
다시 태어난대도
내 사랑은 너 하나뿐야
영원히 너를 사랑해"
SMILEY (Feat. BIBI),YENA (최예나),"울지 마 울지 마
어린아이같이
웃는 게 웃는 게
이기는 거라고
You are so cute
You are so dumb
네가 하는 말이
오늘따라 듣기 싫어
하늘을 한 번 쳐다보고
내가 꾹 참고
맘을 다 잡고
네게 밝게 웃어줄게
And I say Hey
I’m gonna make it
Smile Smile Smile away
예쁘게 웃고 넘겨버릴래
Just Smile away
Just Smile away
아픔 슬픔 외로움 잊게
I say hey
I never wanna Cry Cry Cry all day
갑자기 눈물이 차오를 땐
Just Smile away
Just Smile away
안녕이라 말할래
With my Smiley face
비웃을 때 빼고
내 입꼬리는 Chillin’
나빠야지 살아남지 넌 뭐해
귀엽고 예쁘면 장땡이냐 근데
널 보고 있으니까 기분이가 좋네
삐뚤어진 성격 모두 나를 겁내
아주 그냥 확 너는 왜 계속 웃어
당황하는 틈을 타 날 무장해제
친구가 될 수 있을까 우리 둘이
내가 꾹 참고
맘을 다잡고
네게 밝게 웃어줄게
And I say Hey
I’m gonna make it
Smile Smile Smile away
예쁘게 웃고 넘겨버릴래
Just Smile away
Just smile away
아픔 슬픔 외로움 잊게
I say hey
I never wanna Cry Cry Cry all day
갑자기 눈물이 차오를 땐
Just Smile away
Just Smile away
안녕이라 말할래
With my Smiley face
사실 나의 맘속은 그게 아닌데
웃어넘기기에 난 너무 행복해
세상 환히 웃고 있는 내게
미친 세상은 날 미쳤다 하겠지
I don’t care
I don’t care
What you saying
한 번 사는 내 삶 I Smile it
Even it’s lonely & dark
Yeah I
And I say Hey
I’m gonna make it
Smile Smile Smile away
예쁘게 웃고 넘겨버릴래
Just Smile away
Just Smile away
아픔 슬픔 외로움 잊게
I say hey
I never wanna Cry Cry Cry all day
갑자기 눈물이 차오를 땐
Just Smile away
Just Smile away
안녕이라 말할래
With my Smiley face"
Next Level,aespa,"I’m on the Next Level Yeah
절대적 룰을 지켜
내 손을 놓지 말아
결속은 나의 무기
광야로 걸어가
알아 네 Home ground
위협에 맞서서
제껴라 제껴라 제껴라

상상도 못한 Black out
유혹은 깊고 진해
(Too hot too hot)
맞잡은 손을 놓쳐
난 절대 포기 못해

I’m on the Next Level
저 너머의 문을 열어
Next Level
널 결국엔 내가 부셔
Next Level
KOSMO에 닿을 때까지
Next Level
제껴라 제껴라 제껴라

La la la la la la
La la la la la la
La la la la la la
La la la la la

I see the NU EVO.
적대적인 고난과 슬픔은
널 더 Popping 진화시켜
That’s my naevis It’s my naevis
You lead, we follow
감정들을 배운 다음
Watch me while I make it out

Watch me while I work it out
Watch me while I make it out
Watch me while I work it out
Work it work it work it out

감당할 수 없는 절망도
내 믿음을 깨지 못해
더 아픈 시련을 맞아도
난 잡은 손을 놓지 않을게 Oh

절대로 뒤를 돌아보지 말아
광야의 것 탐내지 말아
약속이 깨지면
모두 걷잡을 수 없게 돼
언제부턴가 불안해져 가는 신호
널 파괴하고 말 거야
(We want it)
Come on!
Show me the way to KOSMO Yeah

Black Mamba가 만들어낸 환각 퀘스트
aespa, ae를 분리시켜놓길 원해 그래
중심을 잃고 목소리도 잃고 비난받고
사람들과 멀어지는 착각 속에
naevis 우리 ae, ae들을 불러봐
aespa의 Next Level “P.O.S”를 열어봐
이건 REAL WORLD 깨어났어
We against the villain
What’s the name?
Black Mamba

결국 난 문을 열어
그 빛은 네겐 Fire
(Too hot too hot)
난 궁금해 미치겠어
이다음에 펼칠 Story
Huh!

I’m on the Next Level
저 너머의 문을 열어
Next Level
널 결국엔 내가 부셔
Next Level
KOSMO에 닿을 때까지
Next Level
제껴라 제껴라 제껴라

I’m on the Next Level
더 강해져 자유롭게
Next Level
난 광야의 내가 아냐
Next Level
야수 같은 나를 느껴
Next Level
제껴라 제껴라 제껴라
Huh!"
"회전목마 (Feat. Zion.T, 원슈타인) (Prod. Slom)",sokodomo,"내가 슬플 때마다
이 노래가 찾아와
세상이 둥근 것처럼 우린 동글동글

인생은 회전목마
우린 매일 달려가
언제쯤 끝나 난 잘 몰라

어머, 벌써 정신없이 달려왔어
Speed up 어제로 돌아가는 시곌 보다가
어려워 어른이 되어가는 과정이 Uh huh
On the road, 24 시간이 아까워 Uh huh
Big noise, Everything brand new
어렸을 때처럼 바뀌지 않는 걸
찾아 나섰단 말야 왜냐면 그때가 더 좋았어 난
So let me go back
타임머신 타고 I'll go back
승호가 좋았을 때처럼만

내가 슬플 때마다
이 노래가 찾아와
세상이 둥근 것처럼 우리
인생은 회전목마
우린 매일 달려가
언제쯤 끝나 난 잘 몰라

빙빙 돌아가는 회전목마처럼
영원히 계속될 것처럼
빙빙 돌아올 우리의 시간처럼
인생은 회전목마

어머 벌써 정신없이 달려왔어
Speed up 어제로 돌아가는 시곌 보다가
청춘까지 뺏은 현재
탓할 곳은 어디 없네
Twenty two 세에게 너무 큰 벽
그게 말로 하고 싶어도 어려웠어
가끔은 어렸을 때로 돌아가
불가능하단 건 나도 잘 알아
그 순간만 고칠 수 있다면
지금의 나는 더 나았을까

달려가는 미터기 돈은 올라가
기사님과 어색하게 눈이 맞아
창문을 열어보지만 기분은 좋아지지 않아
그래서 손을 밖으로 쭉 뻗어 쭉 뻗어
흔들리는 택시는 어느새
목적지에 도달했다고 해
방 하나 있는 내 집 안의
손에 있던 짐들은

내가 힘들 때마다
이 노래가 찾아와
세상이 둥근 것처럼 우리
인생은 회전목마
우린 계속 달려가
언제쯤 끝날지 잘 몰라

빙빙 돌아가는 회전목마처럼
영원히 계속될 것처럼
빙빙 돌아올 우리의 시간처럼
인생은 회전목마

I'm on a TV show
You would never even know
사실 얼마나 많이
불안했는지
정신없이 돌아서
어딜 봐야 할지 모르겠어
들리나요 여길 보란 말이

빙빙 돌아가는 회전목마처럼
영원히 계속될 것처럼
빙빙 돌아올 우리의 시간처럼
인생은 회전목마

빙빙 돌아가는 회전목마처럼
영원히 계속될 것처럼
빙빙 돌아올 우리의 시간처럼
인생은 회전목마"
Weekend,태연 (TAEYEON),"가장 가까운 바다
혼자만의 영화관
그냥 이끌리는 대로 해도 괜찮으니까
Every morning 울린
Beep beep beep beep 소리
귀에 윙윙윙 맴도는
나를 재촉하던 모닝콜 없이 일어나
Cheese cake 한 입
유리컵 한가득
내린 커피 한 잔
아이스로 할래 아주 여유롭게
문득 시곌 보니
벌써 시간은 열두시
그래도 아주 느긋해
그리곤 하품 한 번
한껏 기지개도 켜고
생각해 오늘 뭐 할까
창문 너머 계절에 시선이 닿은 그 순간
쏟아지는 햇살 내 맘을 두드려
내게 손짓하는 싱그러운 바람 타고서
떠나볼래 When the weekend comes
I can do whatever I want
바람 따라 흩어진 cloud
더 자유롭게 we can go
가장 가까운 바다
혼자만의 영화관
그냥 이끌리는 대로 해도 괜찮으니까
훌쩍 떠나보는 drive
뚜벅 걸어도 좋아
뭐든 발길 닿는 대로 지금 떠나보려 해 oh
하루쯤 세상의 얘길 무시한 채
내가 나의 하루를 조립해 보려 해
더는 no no stress 고민 안 할래
Move it right left right 내 맘대로
가본 적도 없는 길 뭐가 있든지
I don’t need a map
when I roll the streets
이어 가보는 이윤 for a little fun
계속 up up up 좀 더 올라가
한쪽 길모퉁이 따라 맘대로 자라난
조그만 이름 모를 꽃
한참을 바라보다 뜨거운 햇살을 피해
벤치에 잠깐 앉아 봐
느려지는 걸음 그림자의 속도를 따라
함께 걷는 태양과 발을 맞추고
뒤이을 달빛을 따라 돌아오고 싶은 걸
떠나볼래 When the weekend comes
I can do whatever I want
바람 따라 흩어진 cloud
더 자유롭게 we can go
아무 계획이 없어서 완벽한 plan
우연히 찾아낸 secret place
그곳에 두고 와 나만의 작은 짐
골목길 끝을 돌아 만나게 될
기분 좋은 surprise 또 설렘
두근두근 온종일
고소한 향기의 coffee shop
눈에 들어오는 예쁜 옷
Do it for the weekend
do it for the weekend
맘에 들어오는 걸 더는 망설이긴 싫은 걸
그래도 돼 When the weekend comes
I can do whatever I want
바람 따라 흩어진 cloud
더 자유롭게 we can go
가장 가까운 바다
혼자만의 영화관
그냥 이끌리는 대로 해도 괜찮으니까
훌쩍 떠나보는 drive
뚜벅 걸어도 좋아
뭐든 발길 닿는 대로 지금 떠나보려 해 oh"
다시 만날 수 있을까,임영웅,"너를 위해 해 줄 것이 하나 없어서
보낼 수밖에 없었고
네가 없이 사는 법을 알지 못해서
순간순간을 울었다
후회로 가득한 한숨 자락이
시린 바람처럼
가슴 치는 날 그 언젠가
우리 만날 수 있을까
다시 만날 수 있을까
그리 좋던 예전처럼 그때처럼
되돌아갈 수 있을까
다시 우리가 만나면
무엇을 해야만 할까
서로를 품에 안고서
하염없이 눈물만 흘려볼까
붙잡을 마음이야 없었겠냐마는
그때 난 부끄러웠다
떳떳하게 일어나 널 다시 찾아갈
뜨거운 꿈만 꾸었다
둘이 함께 했던 순간순간이
시린 폭포처럼
쏟아지는 날 그 언젠가
우리 만날 수 있을까
다시 만날 수 있을까
그리 좋던 예전처럼 그때처럼
되돌아갈 수 있을까
다시 우리가 만나면
무엇을 해야만 할까
서로를 품에 안고서
하염없이 눈물만 흘려볼까
그리운 마음이 서럽게 흘러넘쳐
너에게 닿을 때
우리 만날 수 있을까
다시 만날 수 있을까
그리 좋던 예전처럼 그때처럼
되돌아갈 수 있을까
다시 우리가 만나면
무엇을 해야만 할까
서로를 품에 안고서
하염없이 눈물만 흘려볼까"
내가 아니라도,주호,"사랑이었다 별거 없던 내 하루에
빛이 돼준 단한 사람
나보다 나를 더 아껴 주던 너를
그땐 왜 몰랐을까
행복이었다 다시는 없을 것 같던
잠시나마 행복했었다
다른 사람 곁에 있는 널
생각해 본 적 없지만
이젠 너를 보내줘야 할 것 같아
내가 아니라도
눈부시게 사랑받았을 너라서
그 소중한 시간을 나와 함께해 줘서
고마웠어
예쁘고 아름다웠던 너의 그날에
함께했던 그 모든 순간이 행복했어
내 전부였다 무엇도 바꿀 수 없던
우리라서 행복했었다
다른 누구라도
나보다 더 좋은 사람 만나서
이젠 나를 잊고 행복하게 살아
내가 아니라도
눈부시게 사랑받았을 너라서
그 소중한 시간을 나와 함께해 줘서
고마웠어
예쁘고 아름다웠던 너의 그날에
함께했던 그 모든 순간이 행복했어
어두웠던 내 하루에
빛이 되어주던 그날들을
어떻게 잊고 살아
과분했던 너라는 사람을 만나
누구보다 사랑했었다
내가 아니었다면
눈부시게 사랑받았을 너란 걸
이 세상에 누구보다 더 잘 알아서
미안했어 너와 함께한 날들이
더 말할 게 있을까
행복한 기억만 가져갈게"
RUN2U,STAYC(스테이씨),"RUN
Told you not 또 괜한 기대
겉으론 걱정해 난 안 바뀌네
또 가끔 말을 막 해 너무 딱해
헛소리들 나는 안 들리네 no oh yeah
Told you 난 so always b day
겉으론 내 편인데 못해 이해
그 참견들은 가짜 나는 바빠
어떻게 해도 나는 안 들리네
no no oh
타 버리고 파
너의 사랑은 so sunny yeah
사라져도 사라져도
다 버리고 파 너만 있다면
no worry yeah
알잖아 It should be you
So I’LL RUN TO YOU
So I’LL RUN TO YOU
선을 넘는 거래도 over and over
다쳐도 괜찮아 I’LL RUN TO YOU
So I’LL RUN TO YOU
A little bit little bit Young
A little bit little bit Young
A little bit little bit
알지 나의 Style
네가 어떤 너래도 over and over
다쳐도 괜찮아 I’LL RUN TO YOU
JJ
물불 안 가리는 type
I never 절대로 도도
망가질 수 없는 사이
알잖아 I’m not a poser
혹시라도 잘못돼도
절대 너를 탓하지 않아
그게 어디라도 wanna be there
타 버리고 파
너의 사랑은 so sunny yeah
사라져도 사라져도
다 버리고 파 너만 있다면
no worry yeah
알잖아 It should be you
So I’LL RUN TO YOU
So I’LL RUN TO YOU
선을 넘는 거래도 over and over
다쳐도 괜찮아 I’LL RUN TO YOU
So I’LL RUN TO YOU
A little bit little bit Young
A little bit little bit Young
A little bit little bit
알지 나의 Style
네가 어떤 너래도 over and over
다쳐도 괜찮아 I’LL RUN TO YOU
No no that’s ok that’s ok
누가 뭐래도
No 괜찮아 아플 거래도
상관없어 멋대로 생각해도 돼
막지 못해 널 사랑하기 때문에
So I’LL RUN TO YOU
So I’LL RUN TO YOU
선을 넘는 거래도 over and over
다쳐도 괜찮아 I’LL RUN TO YOU
So I’LL RUN TO YOU
A little bit little bit Young
A little bit little bit Young
A little bit little bit
알지 나의 Style
네가 어떤 너래도 over and over
다쳐도 괜찮아 I’LL RUN TO YOU"
Seoul,볼빨간사춘기,"Seoul 처음 만난 낯선 도시에서
사람들 사이에 빛이 나는
기타를 멘 멋진 소년과 yeah
사랑에 빠진 Love Story
들어볼래 지나치게도
소설 같은 이야기일 거야
Maybe Someday
꽃잎이 떨어지는 그날에
우리가 만난 그곳에서
멀리서 기타 소리가 들리면 나
너를 위해 노랠 부를 거야
City of light
빛이 가득한 이 도시에서
눈을 반짝이며 꿈을 꾸는
마이크를 쥔 멋진 소녀와
사랑에 빠진 Love Story
Maybe Someday
꽃잎이 떨어지는 그날에
우리가 만난 그곳에서
멀리서 기타 소리가 들리면 나
너를 위해 노랠 부를 거야
언젠가 사랑했던 그 도시에서
내 목소릴 기억한다면
그때 우리 만나자 my Seoul
Someday
너와 나 꿈꿔왔던 그날에
서로가 마주한 곳에서
환하게 미소 지을 수 있다면 나
너를 위해 노래해
Someday 그때 그날에
우리가 만난 그곳에서
멀리서 네 목소리가 들리면 나
너를 위해 노랠 부를 거야"
드라마,아이유,"나도 한때는 그이의 손을 잡고
내가 온 세상 주인공이 된 듯
꽃송이의 꽃잎 하나하나까지
모두 날 위해 피어났지

올림픽대로 뚝섬 유원지
서촌 골목골목 예쁜 식당
나를 휘청거리게 만든
주옥같은 대사들

다시 누군가 사랑할 수 있을까
예쁘다는 말 들을 수 있을까
하루 단 하루만 기회가 온다면
죽을힘을 다해 빛나리

언제부턴가 급격하게
단조로 바뀌던 배경음악
조명이 꺼진 세트장에
혼자 남겨진 나는

단역을 맡은 그냥 평범한 여자
꽃도 하늘도 한강도 거짓말
나의 드라마는 또 이렇게 끝나
나왔는지조차 모르게

끝났는지조차 모르게"
strawberry moon,아이유,"달이 익어가니 서둘러 젊은 피야
민들레 한 송이 들고
사랑이 어지러이 떠다니는 밤이야
날아가 사뿐히 이루렴

팽팽한 어둠 사이로
떠오르는 기분
이 거대한 무중력에 혹 휘청해도
두렵진 않을 거야

푸르른 우리 위로
커다란 strawberry moon 한 스쿱
나에게 너를 맡겨볼래 eh-oh

바람을 세로질러
날아오르는 기분 so cool
삶이 어떻게 더 완벽해 ooh

다시 마주하기 어려운 행운이야
온몸에 심장이 뛰어
Oh 오히려 기꺼이 헤매고픈 밤이야
너와 길 잃을 수 있다면

맞잡은 서로의 손으로
출입구를 허문
이 무한함의 끝과 끝 또 위아래로
비행을 떠날 거야

푸르른 우리 위로
커다란 strawberry moon 한 스쿱
나에게 너를 맡겨볼래 eh-oh
바람을 세로질러
날아오르는 기분 so cool
삶이 어떻게 더 완벽해 ooh

놀라워 이보다
꿈같은 순간이 또 있을까 (더 있을까)
아마도 우리가 처음 발견한
오늘 이 밤의 모든 것, 그 위로 날아

푸르른 우리 위로
커다란 strawberry moon 한 스쿱
세상을 가져보니 어때 eh-oh

바람을 세로질러
날아오르는 기분 so cool
삶이 어떻게 더 완벽해 ooh"
리무진 (Feat. MINO) (Prod. GRAY),BE'O (비오),"까만 리무진 보며
꿈을 키웠지
언젠가는 나도 저걸 갖게 될 거야
커다란 리무진에서 내가 내리지
변한 것은 내가 아닌 삶의 무게 they don't know

I say hi
내게 안 된다는 사람들 오랜만이야
나를 봐
너에게 인사를 건네는 여유쯤이야
왜 병을 줬어 내게
덕분에 젖었어 베개는
그래서 I said 'you ready?'
이 노랜 널 위한 곡이니까 들어줘
됐어 이제 와 건네는 응원은 개뻥
날 떠난 그녀도 전화해 취해서
회사 매니저가 음악을 채점했던
그때도 버텼어 매번
거짓말 하지 마 원래 잘 될 줄 알았다네 비오가
멀었어 이게 내 신호탄
새벽에 전화는 하지 마

Always hide freakin' inside
그땐 갉아 먹던 자존감이 식사
Reset 그때 나의 실패를
바란 사람들아
Never change though I'm in a limousine

까만 리무진 보며
꿈을 키웠지
언젠가는 나도 저걸 갖게 될 거야
커다란 리무진에서 내가 내리지
변한 것은 내가 아닌 삶의 무게 they don't know

No no no oh oh oh oh
I don't change my mind if I'm in a limousine

Oh no no 기억도 안 나고 안 할 거
열두 평 to 120평
울 엄마 식당 말고 골프 쳐
Back in a day yeah
편이 오늘의 적이네 yeah
그걸 깨달았을 때엔
서랍 안에 총을 넣어뒀네

리무진처럼 길고 길었지
지옥 같던 연습실
청춘을 갈아 넣어 뿌린
내 그릇의 가니쉬
좋은 상품이랍시고
많이들 포장도 하지만
아이돌 다 리스펙하지
I hate your laziness

Always hide freakin' inside
그땐 갉아먹던 자존감이 식사
Reset 그때 나의 실패를
바란 사람들아
Never change though I'm in a limousine

까만 리무진 보며
꿈을 키웠지
언젠가는 나도 저걸 갖게 될 거야
커다란 리무진에서 내가 내리지
변한 것은 내가 아닌 삶의 무게 they don't know

떠나도 보내고
가난은 forever
너 때문에 난
희망을 버렸어

그래도 일어서
다시 걸었어
괜찮아
이건 다 리허설

빌빌댔었던 올해
작년과 2년 전 나의
방의 쌓였던 약에
양의 비례한 곡들과 입속의 단내
돌고 돌고 돌아 breathing

이제 쉬어지네 호흡이
몰래몰래 했던 나의 젊은 날에
한숨 가득 찬 레코딩

네 잎을 바라던 손이
저절로 떼버린 하나의 꽃잎

I didn't want luck. I wanted

까만 리무진 보며
꿈을 키웠지
언젠가는 나도 저걸 갖게 될 거야
커다란 리무진에서 내가 내리지
변한 것은 내가 아닌 삶의 무게 they don't know

No no no oh oh oh oh
I don't change my mind if I'm in a limousine"
Celeb,싸이 (PSY),"You so popular be ma formula
May I call you a celeb?
You so popular be ma formula
May I call you a celeb?

P S Y

지진이 난 두 눈에 셔터가 터져
심장에 빨간 불 들어 On air (On & on & on)
살면서 온갖 일 다 겪어 봤지만
가장 큰 이슈는 Only you

호감도 100% 실시간 급상승
네 이름이 요즘 미는 유행어 (Eh oh eh oh)
첫 작은 멜로 넌 나의 페르소나
올해의 여우가 되어줘

넌 나의 Celeb Celeb Celeb Celeb Celeb
나만 알 수 있게 사인해 줘요 (줘요)
넌 나의 Celeb Celeb Celeb Celeb Celeb (Celeb)
우리 연애면을 장식해 줘요 (줘요)

C E L E Brity 지나치게 Pretty
브랜드 평판 1위 (Woo)
C E L E Brity 느낌적인 느낌
Baby can you feel this? (Woo)

또각또각 Walking uh
또박또박 Talking uh
Look at you so funky uh
계약할래 Turnkey yeah
뭘 입어도 메도 신어도 뿌려도 센스 쩔어
넌 나의 트렌드 리더야

좋아요 눌러 난 너의 Follower
웬만한 연예인 뺨을 치네요 (Eh oh eh oh)
우리 오페라 넌 나의 프리마돈나
커튼콜은 잊지 말아 줘

넌 나의 Celeb Celeb Celeb Celeb Celeb
나만 알 수 있게 사인해 줘요 (줘요)
넌 나의 Celeb Celeb Celeb Celeb Celeb (Celeb)
우리 연애면을 장식해 줘요 (줘요)

C E L E Brity 지나치게 Pretty
브랜드 평판 1위 (Woo)
C E L E Brity 느낌적인 느낌
Baby can you feel this? (Woo)

P S Y

(Celeb Celeb)

넌 처음부터 슈퍼스타
음악적 뮤즈야
막혔던 가사도 술술 나와
네 모든 의식주가
나한테는 빅뉴스야
포즈 잡아 Oh my gosh!

넌 나의 Celeb Celeb Celeb Celeb Celeb
나만 알 수 있게 사인해 줘요 (줘요)
넌 나의 Celeb Celeb Celeb Celeb Celeb (Celeb)
우리 연애면을 장식해 줘요 (줘요)

Eh eh eh eh eh eh eh eh eh
C E L E Brity
Eh eh eh eh eh eh eh eh eh
C E L E Brity"
너의 모든 순간,성시경,"이윽고 내가 한눈에
너를 알아봤을 때
모든 건 분명 달라지고 있었어
내 세상은 널 알기 전과 후로 나뉘어
니가 숨 쉬면 따스한 바람이 불어와
니가 웃으면 눈부신 햇살이 비춰
거기 있어줘서 그게 너라서
가끔 내 어깨에 가만히 기대주어서
나는 있잖아 정말 빈틈없이 행복해
너를 따라서 시간은 흐르고 멈춰
물끄러미 너를 들여다 보곤 해
그것 말고는 아무것도 할 수 없어서
너의 모든 순간 그게
나였으면 좋겠다
생각만 해도 가슴이 차올라
나는 온통 너로
보고 있으면 왠지 꿈처럼 아득한 것
몇 광년 동안 날 향해 날아온 별빛
또 지금의 너
거기 있어줘서 그게 너라서
가끔 나에게 조용하게 안겨주어서
나는 있잖아 정말 남김없이 고마워
너를 따라서 시간은 흐르고 멈춰
물끄러미 너를 들여다보곤 해
너를 보는 게 나에게는 사랑이니까
너의 모든 순간 그게
나였으면 좋겠다
생각만 해도 가슴이 차올라
나는 온통 너로
니 모든 순간 나였으면"
Dynamite,방탄소년단,"Cos ah ah
I’m in the stars tonight
So watch me bring the fire
and set the night alight
Shoes on get up in the morn
Cup of milk let’s rock and roll
King Kong kick the drum
rolling on like a rolling stone
Sing song when I’m walking home
Jump up to the top LeBron
Ding dong call me on my phone
Ice tea and a game of ping pong
This is getting heavy
Can you hear the bass boom
I’m ready
Life is sweet as honey
Yeah this beat cha ching
like money
Disco overload I’m into
that I’m good to go
I'm diamond you know I glow up
Hey so let’s go
Cos ah ah
I’m in the stars tonight
So watch me bring the fire
and set the night alight
Shining through the city
with a little funk and soul
So I’mma light it up
like dynamite woah
Bring a friend join the crowd
Whoever wanna come along
Word up talk the talk
just move like we off the wall
Day or night the sky’s alight
So we dance to the break of dawn
Ladies and gentlemen
I got the medicine
so you should keep ya
eyes on the ball huh
This is getting heavy
Can you hear the bass boom
I’m ready
Life is sweet as honey
Yeah this beat cha ching
like money
Disco overload
I’m into that I’m good to go
I'm diamond you know I glow up
Let’s go
Cos ah ah
I’m in the stars tonight
So watch me bring the fire
and set the night alight
Shining through the city
with a little funk and soul
So I’mma light it up
like dynamite woah
Dynnnnnanana life is dynamite
Dynnnnnanana life is dynamite
Shining through the city
with a little funk and soul
So I’mma light it up
like dynamite woah
Dynnnnnanana eh
Dynnnnnanana eh
Dynnnnnanana eh
Light it up like dynamite
Dynnnnnanana eh
Dynnnnnanana eh
Dynnnnnanana eh
Light it up like dynamite
Cos ah ah
I’m in the stars tonight
So watch me bring the fire
and set the night alight
Shining through the city
with a little funk and soul
So I’mma light it up
like dynamite
Cos ah ah
I’m in the stars tonight
So watch me bring the fire
and set the night alight
Shining through the city
with a little funk and soul
So I’mma light it up
like dynamite woah
Dynnnnnanana life is dynamite
Dynnnnnanana life is dynamite
Shining through the city
with a little funk and soul
So I’mma light it up
like dynamite woah"
아무래도 난,주시크 (Joosiq),"아무렇지 않게 내 하루가 또
지나갈 쯤에 문득
네가 없다는 게 익숙해진 내가
낯설어지곤 해 yeah
이제와 너 없는 난 의미 없다고
되돌릴 수 없는 우리겠지만
네가 좋아했던 그 노랠 우연히
듣게 됐어 아무래도 난
Baby I Need You
좀 늦었겠지만
다시 하고 싶어
여전히 I Need you
Need You
좀 어렵겠지만
너 없인 안돼 난
너도 알잖아
Baby I need you now
Baby I need you now
Baby I need you now
몇 곡의 노래로 너를 불렀을까
너도 들었겠지만
아직도 궁금해
내가 없이 보낸
너의 지금은 어때
이제와 너 없는 난 의미 없다고
되돌릴 수 없는 우리겠지만
네가 좋아했던 그 노랠 우연히
불러 봤어 아무래도 난
Baby I Need You
좀 늦었겠지만
다시 하고 싶어
여전히 I Need you
Need You
좀 어렵겠지만
너 없인 안돼 난
너도 알잖아
Baby I need you now
Baby I need you now
Baby I need you now
그때 네가 울던 한강 공원에서
네 눈물을 보고 닦아 주질 못했어
이런 게 떠올라 후회된 장면만
웃는게 예뻤던 너를
Baby I Need You
여전히 사랑해
내가 잘못했어
돌아와 I Need you
Need You
너도 그랬다고
나없이 안돼 넌
너도 알잖아
Baby I need you now
Baby I need you now
Baby I need you now"
내 손을 잡아,아이유,"느낌이 오잖아

떨리고 있잖아

언제까지 눈치만 볼 거니

네 맘을 말해봐

딴청 피우지 말란 말이야

네 맘 가는 그대로

지금 내 손을 잡아

어서 내 손을 잡아

우연히 고개를 돌릴 때 마다

눈이 마주치는 건

며칠 밤 내내 꿈속에 나타나

밤새 나를 괴롭히는 건

그 많은 빈자리 중에서 하필

내 옆자릴 고르는 건

나도 모르게 어느새 실없는 웃음

흘리고 있다는 건

그럼 말 다했지 뭐

우리 얘기 좀 할까

느낌이 오잖아 떨리고 있잖아

언제까지 눈치만 볼 거니

네 맘을 말해봐

딴청 피우지 말란 말이야

네 맘 가는 그대로

지금 내 손을 잡아

핸드폰 진동에

심장이 덜컥내려 앉는다는 건

오 나도 모르게

어느새 짓궂은 네 말투

자꾸 듣고 싶은걸

어떡해

저기 멀리 걸어온다

눈이 마주친다

언제까지 넌 모른척 할거니

사랑이 온거야 너와 나 말이야

네가 좋아 정말 못 견딜 만큼

그거면 된거야

더는 생각하지 말란 말이야

네 맘 가는 그대로

느낌이 오잖아 떨리고 있잖아

언제까지 눈치만 볼 거니

네 맘을 말해봐

딴청 피우지 말란 말이야

네 맘 가는 그대로

지금 내 손을 잡아

그냥 내 손을 잡아

지금 내 손을 잡아"
"스물다섯, 스물하나",자우림,"바람에 날려 꽃이 지는 계절엔
아직도 너의 손을 잡은 듯 그런 듯 해
그때는 아직 꽃이 아름다운 걸
지금처럼 사무치게 알지 못했어
우 너의 향기가 바람에 실려 오네
우 영원할 줄 알았던
스물다섯 스물하나
그 날의 바다는 퍽 다정했었지
아직도 나의 손에 잡힐 듯 그런 듯 해
부서지는 햇살 속에 너와 내가 있어
가슴 시리도록 행복한 꿈을 꾸었지
우 그날의 노래가 바람에 실려 오네
우 영원할 줄 알았던
지난날의 너와 나
너의 목소리도 너의 눈동자도
애틋하던 너의 체온마저도
기억해내면 할수록 멀어져 가는데
흩어지는 널 붙잡을 수 없어
바람에 날려 꽃이 지는 계절엔
아직도 너의 손을 잡은 듯 그런 듯 해
그때는 아직 네가 아름다운 걸
지금처럼 사무치게 알지 못했어
우 너의 향기가 바람에 실려 오네
우 영원할 줄 알았던
스물다섯 스물하나
우 그날의 노래가 바람에 실려 오네
우 영원할 줄 알았던
지난날의 너와 나
우
우
우 영원할 줄 알았던
스물다섯 스물하나
스물다섯 스물하나"
라일락,아이유,"나리는 꽃가루에 눈이 따끔해 (아야)
눈물이 고여도 꾹 참을래
내 마음 한켠 비밀스런 오르골에 넣어두고서
영원히 되감을 순간이니까

우리 둘의 마지막 페이지를 잘 부탁해
어느 작별이 이보다 완벽할까
Love me only till this spring

오 라일락 꽃이 지는 날 good bye
이런 결말이 어울려
안녕 꽃잎 같은 안녕
하이얀 우리 봄날의 climax
아 얼마나 기쁜 일이야

Ooh ooh
Love me only till this spring
봄바람처럼
Ooh ooh
Love me only till this spring
봄바람처럼

기분이 달아 콧노래 부르네 (랄라)
입꼬리는 살짝 올린 채
어쩜 이렇게 하늘은 더 바람은 또 완벽한 건지
오늘따라 내 모습 맘에 들어

처음 만난 그날처럼 예쁘다고 말해줄래
어느 이별이 이토록 달콤할까
Love resembles misty dream

오 라일락 꽃이 지는 날 good bye
이런 결말이 어울려
안녕 꽃잎 같은 안녕
하이얀 우리 봄날의 climax
아 얼마나 기쁜 일이야

Ooh ooh
Love resembles misty dream
뜬구름처럼
Ooh ooh
Love resembles misty dream
뜬구름처럼

너도 언젠가 날 잊게 될까
지금 표정과 오늘의 향기도
단잠 사이에 스쳐간
봄날의 꿈처럼

오 라일락 꽃이 지는 날 good bye
너의 대답이 날 울려
안녕 약속 같은 안녕
하이얀 우리 봄날에 climax
아 얼마나 기쁜 일이야

Ooh ooh
Love me only untill this spring
봄바람처럼
Ooh ooh
Love me only untill this spring
봄바람처럼

Ooh ooh
Love resembles misty dream
뜬구름처럼
Ooh ooh
Love resembles misty dream
뜬구름처럼"
Butter,방탄소년단,"Smooth like butter
Like a criminal undercover
Gon’ pop like trouble
Breakin’ into your heart like that

Cool shade stunner
Yeah I owe it all to my mother
Hot like summer
Yeah I’m makin’ you sweat like that

Break it down

Oh when I look in the mirror
I’ll melt your heart into 2
I got that superstar glow so
Do the boogie like

Side step right left to my beat (heartbeat)
High like the moon rock with me baby
Know that I got that heat
Let me show you ‘cause talk is cheap
Side step right left to my beat (heartbeat)
Get it, let it roll

Smooth like butter
Pull you in like no other
Don’t need no Usher
To remind me you got it bad

Ain’t no other
That can sweep you up like a robber
Straight up, I got ya
Makin’ you fall like that

Break it down

Oh when I look in the mirror
I’ll melt your heart into 2
I got that superstar glow so
Do the boogie like

Side step right left to my beat (heartbeat)
High like the moon rock with me baby
Know that I got that heat
Let me show you ‘cause talk is cheap
Side step right left to my beat (heartbeat)
Get it, let it roll

Get it, let it roll
Get it, let it roll

No ice on my wrist
I'm that n-ice guy
Got that right body and that right mind
Rollin' up to party got the right vibe
Smooth like butter
Hate us love us

Fresh boy pull up and we lay low
All the playas get movin’ when the bass low
Got ARMY right behind us when we say so
Let's go

Side step right left to my beat (heartbeat)
High like the moon rock with me baby
Know that I got that heat
Let me show you ‘cause talk is cheap
Side step right left to my beat (heartbeat)
Get it, let it roll

Smooth like (butter)
Cool shade (stunner)
And you know we don't stop

Hot like (summer)
Ain’t no (bummer)
You be like oh my god

We gon’ make you rock and you say (yeah)
We gon’ make you bounce and you say (yeah)

Hotter?
Sweeter!
Cooler?
Butter!

Get it, let it roll"
바라만 본다,MSG워너비(M.O.M),"내가 너라면 다 알아볼 텐데
널 위할 사람 찾아낼 텐데
지난 오랜 시간 너의 그 곁을
지켜온 나라는 걸
내가 너였다면 참 행복할 텐데
한 사람을 다 가졌으니까
둔한 바보도 눈치챌 그 사랑을
너만 왜 모르니
너를 바라만 바라만 본다
외쳐 네 이름만 부른다
보고 싶은 맘에 너를 향한 그 발걸음
네 곁을 맴도는데
오늘도 그리고 그리워하다
애써 참았던 눈물이 흘러
그저 멀리서만 바라보다
또 소리쳐 네가 보고 싶다
네가 나라면 더 참 아팠을 텐데
슬픈 역할은 내가 맡을게
웃는 모습만 보이며 살아가 줘
내가 볼 수 있게
너를 바라만 바라만 본다
외쳐 네 이름만 부른다
보고 싶은 맘에 너를 향한 그 발걸음
네 곁을 맴도는데
오늘도 그리고 그리워하다
애써 참았던 눈물이 흘러
그저 멀리서만 바라보다 또 소리쳐
네가 보고 싶다
한 걸음 더 다가갈까
더 가까이 네게 갈까 OH
어제보다 더 내일 더 널 사랑해
I’ll make you love me someday
혼자 바라고 바라만 보다
울컥 그리움이 솟는다
바보 같은 맘에 하지 못한 그 한마디
널 사랑한다는 말
얼마나 그리고 그리워해야
내 맘 너의 곁에 닿게 될까
매일 하루 종일 너의 생각에 사무쳐
너무 보고 싶다"
이제 나만 믿어요,임영웅,"무얼 믿은 걸까 부족했던 내게서
나조차 못 믿던 내게 여태 머문 사람
무얼 봤던 걸까 가진 것도 없던 내게
무작정 내 손을 잡아 날 이끈 사람
최고였어
그대 눈 속에 비친 내 모습
이제는 내게서 그댈 비춰줄게
궂은 비가 오면
세상 가장 큰 그대 우산이 될게
그댄 편히 걸어가요
걷다가 지치면
내가 그대를 안고 어디든 갈게
이제 나만 믿어요
나만 두고 가던
나만 스쳐 간 행운이 모여
그대가 되어서 내게 와준 거야
궂은 비가 오면
세상 가장 큰 그대 우산이 될게
그댄 편히 걸어가요
걷다가 지치면
내가 그대를 안고 어디든 갈게
이제 나만 믿어요
나의 마지막 주인공이 되어
다신 누구 앞에서도
그대는 고개 숙이지 마요
내가 보지 못했던 홀로 고단했던 시간
고맙고 미안해요 사랑해요
이 세상은
우리를 두고 오랜 장난을 했고
우린 속지 않은 거야
이제 울지 마요
좋을 땐 밤새도록 맘껏 웃어요
전부 그대 꺼니까
그대는 걱정 말아요
이제 나만 믿어요"
OHAYO MY NIGHT,"디핵 (D-Hack), PATEKO (파테코)","너를 사랑하고 있어
너를 사랑하고 있어
자기야 날 사랑해주면 안 될까
말처럼 쉽지는 않은 걸 알지만
세게 날 안아주면 안 될까
오늘따라 세상이 무섭단 말이야
잠깐 인공호흡을 해주라
왠지 숨이 잘 안 쉬어져서 난
날 놓을 거면 과거에 놔주라
네가 있는 시간에서 죽어갈 거야
우리 그냥 결혼하면 안 될까
돈은 내가 열심히 벌 테니까
이 세상과 내가 눈감는 날
까지만 날 사랑한다 말해주라
내가 너를 사랑해도
네가 날 안 사랑해도
우린 나름대로 행복할 거야
내 방 천장에 그려 본
내 우주에게 물어본
말은 나를 사랑하면 안 될까
오사카나 오키나와의 바다
내 뮤비들을 찍었던 곳 말이야
같이 가자 약속했었잖아
그 약속이 깨질까 봐 겁이 나
WHUTUF이 결혼한다 하던 날
진짜 처음으로 걔가 부럽더라
하얀 웨딩드레스를 입은 아름다운
너와 영원을 말할 수 있을까
가족이 되어주라
내 집이 되어주라
나도 날 줄 테니 너도 널 주라
평생의 연인이야
네 말대로 말이야
그래 별과 우주잖아
날 사랑하지 않는다면
나의 사랑 반을 받아
남은 사랑의 반도
내가 채워줄 거야 꼭
내가 너를 사랑해도
네가 날 안 사랑해도
우린 나름대로 행복할 거야
내 방 천장에 그려 본
내 우주에게 물어본
말은 나를 사랑하면 안 될까
내가 너를 사랑해도
네가 날 안 사랑해도
우린 나름대로 행복할 거야
내 방 천장에 그려 본
내 우주에게 물어본
말은 나를 사랑하면 안 될까"
호랑수월가,탑현,"흐르는 저 하늘을 물어 채는 범처럼
태산에 날아들어 숨어드는 새처럼
동산을 뛰고 뛰어가는 강아지처럼
온 산에 풍물 막을 내리네
바람은 지친 끝에 밤에 몸을 뉘이네
별빛은 아뜩하니 은하수를 내리네
차가운 밤하늘에 세상이 젖어 가네
그리워 홀로 타령을 하자
흘러가라 사랑사랑아
덧없이 피고 떨어지는 꽃송아
애닯구나 가락가락아
눈물에 떨어진 별을 헤네
푸른 달아 오랜 고운 내 달아
비친 내 손에 내려다오
은색 소매 내 곁에 두른 채로
한 번만 타는 입을 축여다오
푸른 달아 다시 없을 내 달아
뻗은 손끝에 닿아다오
달빛만이 흘러 바다가 되고
지쳐 전하지 못하는 수월가
고요한 바다 위로 내 노래가 떠 간다
소리도 부끄러워 숨죽이고 떠 간다
달빛에 젖은 몸을 내놓고서 떠 간다
한낮이 비쳐 오를 때까지
달아 달아 애달픈 달아
피었다 이내 숨어 버릴 허상아
시리구나 세월세월아
나날을 헤면서 현을 뜯네
푸른 달아 오랜 고운 내 달아
비친 내 손에 내려다오
은색 소매 내 곁에 두른 채로
한 번만 타는 입을 축여다오
푸른 달아 다시 없을 내 달아
뻗은 손끝에 닿아다오
달빛만이 흘러 바다가 되고
지쳐 전하지 못하는 수월가
서로 가자 굽이굽이 쳐 가자
하늘에 닿을 너머까지
밤아 가라 훠이훠이 가거라
산 위에 걸린 저 달은 태평가
서로 가자 굽이굽이 쳐 가자
새벽에 닿을 너머까지
달빛만이 흘러 바다가 되고
지쳐 전하지 못하는 수월가
하늘을 보며 그리는 풍류가
손으로 잡을 수 없는 수월가"
눈이 오잖아(Feat.헤이즈),이무진,"한 달 좀 덜 된 기억들
주머니에 넣은 채
걷고 있어 몇 시간을
혹시 몰라 네가 좋아했던
코트를 입은 채
나온 번화가 그때 마침
찬바람 막아줄
네가 이젠 없으니까
추울 때 따스히
안아줄 이가 없으니까
친구들이 불러도
나갈 수 없어 난
창문 너머
그저 바라봐 그때 마침
눈이 오잖아
우리 처음 만난 그 밤에도
한참 동안 눈이 왔잖아
지금 내가 생각나지
않을 리가 없잖아
눈이 오잖아
그때 내가 밤하늘 내린
하얀 눈 예쁘다 했잖아
그랬잖아
지금 눈이 오잖아
Uh 눈이 오잖아
이 말 핑계인 걸 알지만
생각에 잠기곤 해
거릴 거니는 내
곁에 아무도 없을 때
더 크게 들리네
Oh 눈 내리는 소리
이제 인정하자
수많은 끝도 끝났어
찬란한 그때의
우린 이젠 없으니까
돌아온 계절
남아있는 건 없으니까
추억을 지우는 게
내 이별의 숙제
창문 너머
그저 바라봐 그때 마침
눈이 오잖아
우리 처음 만난 그 밤에도
한참 동안 눈이 왔잖아
지금 내가 생각나지
않을 리가 없잖아
눈이 오잖아
그때 내가 밤하늘 내린
하얀 눈 예쁘다 했잖아
그랬잖아
지금 눈이 오잖아
마지막 안녕이 남은 거리에서 혼자
너와의 약속들을 되뇌었어
함께여야 할 너 없는 이 겨울의
첫눈이 오잖아
눈이 오지만
우리 처음 만난 그 밤에도
내렸던 그 눈이 오지만
주머니 속 챙겨 나온 기억
버려야만 해
눈이 오지만
우린 이대로의 모습으로
남아있는 게 맞지만
그래도
지금
그 눈이 오잖아"
Step Back,GOT the beat,"You must step back
어델 어델 봐
너 감히 누구라고 날 제껴
이쯤에서 물러나고
입 닫는게 좋을걸
아님 어디 한번
기어 올라와 보던가
널 짝사랑을 했었니
소꿉장난처럼 어릴 때
엔간히 끼를 좀 끼를 좀 끼를 좀
네가 부렸겠니
소싯적 추억 팔이
그리 재밌니
내 남잔 지금 Another level
너 따윈 꿈도 못 꿀 Level
날 가진 그런 Next level
보다시피 Another level
Don’t bring it to me 꺼져줘
내 거에서 손 떼 너
Step back Step back
다시 태어나도 안될걸
Step back Step back
착한 남자들에게
너는 독배 같은 것
마실수록 외로워
He’s sick and tired everyday
넘지 말아 Border line
Step back Step back
네가 비빌 곳이 아니야
Step back Step back
저울질로 가린 건
참지 못할 가벼운
네 마음일걸
He’s sick and tired everyday
그런다고 네게 되나 들어봐
상상보다 너 같은 애들이 많긴 많아
그러거나 말거나
세상은 너를 빼고 돌아가 돌아가
You gotta get a good mind
Are you looking for fun
재미를 또 찾니
호의로 다가와
이미 계산 끝나
공해상의 보물선을 보기라도 한 듯
막 들이대
시작해 Transaction
넌 좀 감당 못할 Level
세계가 무대인 Our Level
내 곁에서야 가능 Level
보다시피 Another level
Don’t bring it to me 꺼져줘
내 거에서 손 떼 너
Step back Step back
다시 태어나도 안될걸
Step back Step back
착한 남자들에게
너는 독배 같은 것
마실수록 외로워
He’s sick and tired everyday
넘지 말아 Border line
Step back Step back
네가 비빌 곳이 아니야
Step back Step back
저울질로 가린 건
참지 못할 가벼운
네 마음일걸
He’s sick and tired everyday
그와 함께했던 수많은 날들
네 장난 같은 유혹에
흔들리지 않아
사랑이란 감정을
거래하는 건 Too much
이제 그만 꺼져
돌아가 네 세계
다시는 착각은 말고
남자들 다 똑같아
내가 뜨면 시선집중
여기저기 Flash 터져
찍어라 찍어라 찍어라
상상은 너의 Freedom
가지가지 하기 전에
속부터 Build up
더 나가면 넌 좀 다쳐
Girls Bring it on
Step back Step back Step back
Silly girl
The only girl who live in a dream
Step back Step back Step back
Silly girl
내 앞에서 좀 비켜줘 Yeah
Don’t bring it to me 꺼져줘
내 거에서 손 떼 너
Step back Step back
다시 태어나도 안될걸
Step back Step back
착한 남자들에게
너는 독배 같은 것
마실수록 외로워
He’s sick and tired everyday
넘지 말아 Border line
Step back Step back
네가 비빌 곳이 아니야
Step back Step back
저울질로 가린 건
참지 못할 가벼운
네 마음일걸
He’s sick and tired everyday"
